"Country","Document","ElementText","HazardType"
"Rwanda","BTR","<span title='Environmental challenges, including floods, landslides, and destructive rains, affected 22.9% of households, according to the Rwanda Household Survey (RHHS) 2019/2020 report'>Environmental challenges, including floods, landsl...</span>","Landslide;Flood"
"Rwanda","BTR","<span title='The eastern lowland climate’s extended dry periods pose challenges such as drought, reduced crop yields, and water scarcity, underscoring the need for water conservation and drought mitigation strategies.'>The eastern lowland climate’s extended dry periods...</span>","Drought"
"Rwanda","BTR","<span title='The mountain and Lake Kivu climate zones face recurring issues related to flooding and soil erosion, necessitating infrastructure improvements to manage the impacts of heavy precipitation.'>The mountain and Lake Kivu climate zones face recu...</span>","Flood;Change in precipitation;Land degradation"
"Rwanda","BTR","<span title='The 2018 Climate Change Vulnerability Assessment for Rwanda provides a comprehensive analysis of how climate change is affecting various sectors and regions within the country. The assessment reveals that Rwanda is highly vulnerable to climate-related hazards, including floods, droughts, landslides, and windstorms, all of which are exacerbated by changing weather patterns.'>The 2018 Climate Change Vulnerability Assessment f...</span>","Storm;Drought;Landslide;Flood"
"Rwanda","BTR","<span title='The Southern Province is highlighted as the most vulnerable, with districts like Huye, Gisagara, and Ruhango being particularly at risk. These areas are heavily reliant on agriculture, making them susceptible to the negative impacts of droughts and flooding, which reduce agricultural productivity and food security'>The Southern Province is highlighted as the most v...</span>","Drought;Flood"
"Rwanda","BTR","<span title='In rapidly expanding urban areas, growing concerns center around water shortages during prolonged dry spells and the heightened risk of flooding and landslides, particularly in vulnerable informal settlements located in high-risk zones such as steep slopes and floodplains. These challenges underscore the urgent need for sustainable urban planning and resilience-building measures to mitigate the impacts on affected communities.'>In rapidly expanding urban areas, growing concerns...</span>","Drought;Landslide;Flood"
"Rwanda","BTR","<span title='Peaks in rainfall are observed around 1998 and 2002, while significant drops occur in 2016 and 2021. These fluctuations may be linked to climatic events such as El Niño and La Niña, which influence precipitation patterns and can lead to droughts or floods, impacting agriculture, water availability, and infrastructure.'>Peaks in rainfall are observed around 1998 and 200...</span>","Drought;Flood;Change in precipitation"
"Rwanda","BTR","<span title='The mean annual temperature reaches its highest level in 2021, consistent with global warming trends. Similarly, maximum and minimum temperatures show peaks during this period, reflecting an overall warming climate. This warming is particularly evident in minimum temperatures, which have implications for reduced frost occurrence, longer growing seasons, and changes in biodiversity. The rising temperatures are likely to exacerbate heat stress, alter ecosystems, and increase energy demands for cooling'>The mean annual temperature reaches its highest le...</span>","Extreme temperature;Change in temperature"
"Rwanda","BTR","<span title='For agriculture, warmer nights and fewer cool periods can alter crop cycles and reduce yields, while higher temperatures drive increased water and energy demands.'>For agriculture, warmer nights and fewer cool peri...</span>","Extreme temperature;Change in temperature"
"Rwanda","BTR","<span title='Minimum temperatures are expected to increase, with more warm nights and fewer 
cool nights'>Minimum temperatures are expected to increase, wit...</span>","Change in temperature"
"Rwanda","BTR","<span title='The frequency and intensity of hot days are likely to increase'>The frequency and intensity of hot days are likely...</span>","Extreme temperature"
"Rwanda","BTR","<span title='Rising temperatures also influence human health, exacerbating heat-related illnesses, and disrupt ecosystems, which may lead to shifts in species distribution and ecosystem functions.'>Rising temperatures also influence human health, e...</span>","Change in temperature"
"Rwanda","BTR","<span title='Projected higher temperatures can drive increased water and energy demands, as well as exacerbate heat-related illnesses and disrupt ecosystems, potentially leading to shifts in species distribution and ecosystem functions'>Projected higher temperatures can drive increased ...</span>","Change in temperature"
"Rwanda","BTR","<span title='Positive developments in Rwanda are at risk from rising temperatures and fluctuating rainfall. These climate challenges could significantly affect key sectors such as agriculture, energy, health, and tourism. Furthermore, they may undermine efforts to create jobs, boost productivity, and ensure inclusive economic growth.'>Positive developments in Rwanda are at risk from r...</span>","Change in temperature;Change in precipitation"
"Rwanda","BTR","<span title='Rising temperatures compromise the quality and productivity of highly lucrative, temperature-sensitive tea and coffee (which account for more than 20 per cent of export earnings) as agroecological zones shift to higher elevations with less arable land'>Rising temperatures compromise the quality and pro...</span>","Change in temperature"
"Rwanda","BTR","<span title='Temperature increases are likely to expand production potential through 2050 for maize, Irish potato, cassava, and sorghum'>Temperature increases are likely to expand product...</span>","Change in temperature"
"Rwanda","BTR","<span title='Bean yields are projected to decrease under a warming climate, especially in the lower elevations of the east and far southwest'>Bean yields are projected to decrease under a warm...</span>",""
"Rwanda","BTR","<span title='Reduced tea and coffee production due to heat stress and likely shifting in agro-ecological zones'>Reduced tea and coffee production due to heat stre...</span>","Extreme temperature"
"Rwanda","BTR","<span title='Warming temperatures are also likely to expand the range of crop pests, such as the coffee berry borer beetle, and livestock diseases, such as Rift Valley fever.'>Warming temperatures are also likely to expand the...</span>","Change in temperature;Pest and disease"
"Rwanda","BTR","<span title='Projections of longer dry spells are particularly concerning in the east and south, where approximately 44,000 households suffered crop and livestock losses in the 2016 drought.'>Projections of longer dry spells are particularly ...</span>","Drought"
"Rwanda","BTR","<span title='As 90 per cent of crops are grown on steep slopes, increased heavy rainfall events will exacerbate soil erosion and further degrade cultivated lands.'>As 90 per cent of crops are grown on steep slopes,...</span>","Storm;Change in precipitation;Land degradation"
"Rwanda","BTR","<span title='Warmer surface water temperatures accelerate bacterial growth and diminish water quality'>Warmer surface water temperatures accelerate bacte...</span>","Extreme temperature;Sea temperature"
"Rwanda","BTR","<span title='Increased flooding from heavy rainfall events threatens water infrastructure and quality'>Increased flooding from heavy rainfall events thre...</span>","Storm;Flood;Change in precipitation"
"Rwanda","BTR","Water shortage during longer dry spells","Drought"
"Rwanda","BTR","<span title='Flooding leads to increased drowning, displacement, and diarrheal and other waterborne disease'>Flooding leads to increased drowning, displacement...</span>","Flood;Pest and disease"
"Rwanda","BTR","<span title='Habitat degradation from heavy rainfall events, particularly following longer dry spells'>Habitat degradation from heavy rainfall events, pa...</span>","Storm;Drought;Change in precipitation"
"Rwanda","BTR","<span title='The recent severe flooding and landslides of May 2–3, 2023, in Rwanda's Western, Southern, and Northern Provinces resulted in devastating impacts. At least 135 lives were lost, 6,391 houses destroyed, and 20,326 people displaced, as entire villages were wiped out, including 5,963 homes. Additionally, critical infrastructure suffered significant damage, with 20 roads, 12 power stations, and even an entire hospital destroyed'>The recent severe flooding and landslides of May 2...</span>","Landslide;Flood"
"Rwanda","BTR","<span title='Critical infrastructure suffered significant damage, with 20 roads, 12 power stations, and even an entire hospital destroyed. This catastrophic event, exacerbated by torrential rains following an extended drought, highlights the growing vulnerability of communities to extreme weather events and underscores the urgent need for enhanced disaster preparedness, climate resilience, and sustainable development strategies'>Critical infrastructure suffered significant damag...</span>","Extreme temperature;Storm;Drought"
"Rwanda","BTR","<span title='In the last ten years (2014–2023), climate-related disasters in Rwanda have
caused significant damage to lives, property, and livelihoods. Lightning emerged as the
most fatal disaster, claiming 538 lives and injuring 1,338 individuals, while rainstorms
caused the most destruction to property, damaging 40,871 houses and 17,285.4 hectares
of crops'>In the last ten years (2014–2023), climate-related...</span>","Storm"
"Rwanda","BTR","<span title='The recent severe flooding and landslides of May 2–3, 2023, in Rwanda's Western, Southern, and Northern Provinces resulted in devastating impacts. At least 135 lives were lost, 6,391 houses destroyed, and 20,326 people displaced, as entire villages were wiped out, including 5,963 homes.'>The recent severe flooding and landslides of May 2...</span>","Landslide;Flood"
"Bulgaria","BTR","<span title='Over the last decades, the frequency of heatwaves has significantly increased. Most extreme heat events with temperatures ≥38°C and ≥40°C, as well as nearly 90% of heatwaves above 32°C, 34°C, and 36°C thresholds, have occurred after the mid-1980s'>Over the last decades, the frequency of heatwaves ...</span>","Extreme temperature"
"Bulgaria","BTR","<span title='Bulgaria has recorded numerous extreme rainfall events since 2000, especially in 2005 and 2014, causing severe damage and loss of life.'>Bulgaria has recorded numerous extreme rainfall ev...</span>","Change in precipitation"
"Bulgaria","BTR","<span title='Certain areas, such as the Eastern Rhodopes and northeastern Bulgaria, show significant rainfall increases, while decreases are noted in southwestern Bulgaria and high mountain zones'>Certain areas, such as the Eastern Rhodopes and no...</span>","Change in precipitation"
"Bulgaria","BTR","<span title='Floods, as extreme hydrological events, have been and continue to be one of the most important natural hazards, causing human casualties and economic losses'>Floods, as extreme hydrological events, have been ...</span>","Flood"
"Bulgaria","BTR","<span title='During the dry year of 2019, the database recorded 59 floods, most of them occurring in May and June'>During the dry year of 2019, the database recorded...</span>","Flood"
"Bulgaria","BTR","<span title='As a result of the rising temperatures during the winter months and earlier snowmelt, the characteristic spring river floods in Bulgaria and the risk of river floods are shifting to the winter months - December and January'>As a result of the rising temperatures during the ...</span>","Extreme temperature;Flood;Change in temperature"
"Bulgaria","BTR","<span title='In recent years, 93% of the floods occurring in the summer were flash and rain floods'>In recent years, 93% of the floods occurring in th...</span>","Flood"
"Bulgaria","BTR","<span title='The total annual volume of river runoff in the country in 2019 was 52% less than in 2018, and compared to the norms for the periods 1961–1990 and 1981–2010, the decrease is 36.1% and 24.3%, respectively. For 2020, the comparison with the norms for the same two periods shows a decrease in the total volume of the river runoff by 45.2% and 35.0%, respectively.'>The total annual volume of river runoff in the cou...</span>",""
"Bulgaria","BTR","<span title='The most significant is the decrease in runoff for the Black Sea region, followed by the West Aegean, East Aegean, and Danube River regions. During both dry years, groundwater reserves decreased, and in over 70% of the hydrogeological points across the entire country, a decrease in the levels and flow rates compared to the norms was recorded in individual months.'>The most significant is the decrease in runoff for...</span>",""
"Bulgaria","BTR","<span title='In a study for the period 1981–2010, the regions with natural constraints according to the “drought” criterion were identified by land location. They cover the regions along the Danube River, and in the central northern regions, they reach the Pre-Balkans. North-East Bulgaria, including Dobrudzha, is the most affected by the drought. In South Bulgaria, separate places in the valleys along the Struma River (around Blagoevgrad and the Petrich-Sandanski region) and the Mesta River are affected. The shortage of water will be felt more and more often in the Upper Thracian Lowland and some areas in the Yambol and Burgas regions.'>In a study for the period 1981–2010, the regions w...</span>","Drought"
"Bulgaria","BTR","<span title='Between 2000 and 2020, frost damage was observed in March and April, mainly in stone fruit crops. Spring frosts also harm field crops like sunflower, soybeans, corn, and vegetables. The dates of the last spring and first autumn frosts limit the growing season, varying across regions. In the southern regions, the frost-free period lasts longer, while the northern and higher areas have shorter periods. Over time, the occurrence of late spring frosts has become later, and the frost-free period has shortened. Early autumn frosts, especially in northern and western parts, are the most harmful to agriculture. The average frost-free period ranges from 187 to 232 days, with the southwest having the longest period. Climate warming is extending the frost risk period, affecting crop development stages like flowering and germination'>Between 2000 and 2020, frost damage was observed i...</span>","Extreme temperature"
"Bulgaria","BTR","<span title='Decreased crop yields due to temperature rises and reduced rainfall, though increased CO2 levels could improve some crops'>Decreased crop yields due to temperature rises and...</span>","Change in temperature;Change in precipitation"
"Bulgaria","BTR","<span title='Increased spread of pests, diseases, and weeds due to climate changes affecting their growth and interactions.'>Increased spread of pests, diseases, and weeds due...</span>","Pest and disease"
"Bulgaria","BTR","<span title='Heat stress impacting livestock health, breeding, and productivity'>Heat stress impacting livestock health, breeding, ...</span>","Extreme temperature"
"Bulgaria","BTR","<span title='These combined risks are expected to affect agricultural production, with droughts and floods causing yield variability. Given agriculture’s importance to Bulgaria’s economy, these climaterelated challenges will increasingly impact rural livelihoods'>These combined risks are expected to affect agricu...</span>","Drought;Flood"
"Bulgaria","BTR","<span title='Negative impacts: Droughts, floods, fires, and pest outbreaks threaten ecosystem integrity and could reduce ecosystem service provision in vulnerable areas like southern forests, lowlands, wetlands, alpine zones, and coastal areas.'>Negative impacts: Droughts, floods, fires, and pes...</span>","Extreme temperature;Drought;Wildfire;Flood;Pest and disease"
"Bulgaria","BTR","<span title='Extreme weather has caused some disruptions, mainly temporary power cuts and damage to the electricity grid, but energy infrastructure has largely remained unaffected so far'>Extreme weather has caused some disruptions, mainl...</span>","Extreme temperature"
"Bulgaria","BTR","<span title='Risks from heavy precipitation can damage infrastructure, reduce coal quality, and increase heat stress for outdoor workers'>Risks from heavy precipitation can damage infrastr...</span>","Extreme temperature;Change in precipitation"
"Bulgaria","BTR","<span title='Climate change increases fire risk and could disrupt gas transmission, especially during droughts and floods'>Climate change increases fire risk and could disru...</span>","Drought;Wildfire;Flood"
"Bulgaria","BTR","<span title='Increased temperatures will reduce plant efficiency and water availability for cooling.'>Increased temperatures will reduce plant efficienc...</span>","Change in temperature"
"Bulgaria","BTR","<span title='Warming temperatures may also lead to invasive species damaging energy infrastructure.'>Warming temperatures may also lead to invasive spe...</span>","Change in temperature"
"Bulgaria","BTR","<span title='Hydropower may suffer from reduced precipitation, and solar and wind power efficiency may decrease due to changes in cloud cover, wind patterns, and extreme storms'>Hydropower may suffer from reduced precipitation, ...</span>","Storm;Change in precipitation"
"Bulgaria","BTR","<span title='Extreme weather events may damage transmission lines, especially in mountainous areas, and heat waves may reduce transmission efficiency'>Extreme weather events may damage transmission lin...</span>","Extreme temperature"
"Bulgaria","BTR","<span title='Increasing temperatures could reduce heating demand.'>Increasing temperatures could reduce heating deman...</span>","Change in temperature"
"Bulgaria","BTR","<span title='Climate change projections suggest higher temperatures, warmer winters, more summer droughts, and increased extreme weather events. These changes will reduce forest health, tree
growth, and increase damage from insects, fungi, fires, and storms. Impacts are already evident,
and future damage could result in significant economic losses, reduced carbon sequestration,
and the loss of important ecosystem services'>Climate change projections suggest higher temperat...</span>","Extreme temperature;Storm;Drought;Wildfire;Change in temperature"
"Bulgaria","BTR","<span title='Climate change in Bulgaria is marked by rising temperatures, more heatwaves and cold spells, altered rainfall patterns, increased heavy rainfalls, more extreme weather events (windstorms, cyclones, floods, droughts), and changes in ultraviolet (UV) radiation. These changes affect human health in complex ways, influenced by socioeconomic, health, and personal factors'>Climate change in Bulgaria is marked by rising tem...</span>","Extreme temperature;Storm;Drought;Flood;Change in temperature;Change in precipitation"
"Bulgaria","BTR","<span title='Higher mortality due to extreme weather and fires, especially among vulnerable groups, as well as increased morbidity from waterborne and foodborne diseases, and PTSD after extreme events'>Higher mortality due to extreme weather and fires,...</span>","Extreme temperature;Wildfire;Pest and disease"
"Bulgaria","BTR","<span title='More cases of Cryptosporidiosis and Campylobacteriosis, as well as diarrheal infections, due to increased precipitation, higher temperatures, and changes in water quality'>More cases of Cryptosporidiosis and Campylobacteri...</span>","Change in temperature;Change in precipitation"
"Bulgaria","BTR","<span title='Tourism in Bulgaria is vulnerable to climate change due to its weather dependence and seasonal nature. Extreme events, such as heatwaves, intense rainfall, coastal flooding, and storms, are expected to increase. Winter tourism is already affected by higher temperatures, and ski areas may become economically unviable in the near future. Rising summer temperatures and sea-level rise will threaten coastal areas. Climate change may also indirectly affect tourism through resource scarcity (especially water) and higher energy demands, such as for air conditioning'>Tourism in Bulgaria is vulnerable to climate chang...</span>","Extreme temperature;Storm;Flood;Change in temperature;Change in precipitation;Sea level rise"
"Bulgaria","BTR","<span title='Increased frequency and impact of floods will damage road and railway infrastructure, undermining subbase layers and causing catastrophic failures'>Increased frequency and impact of floods will dama...</span>","Flood"
"Bulgaria","BTR","<span title='More extreme rainfall events will increase the frequency of landslides, damaging roads, railways, and river banks, leading to operational disruptions and restricted access to key areas'>More extreme rainfall events will increase the fre...</span>","Landslide;Change in precipitation"
"Bulgaria","BTR","<span title='While snowfall is expected to decrease in the long term, blizzards and heavy snow will remain disruptive in the short- and medium-term, especially in northern and northeastern regions'>While snowfall is expected to decrease in the long...</span>","Extreme temperature"
"Bulgaria","BTR","<span title='Heatwaves can soften asphalt, leading to deformation and cracks, increasing accident risks. Extreme heat may also cause rail buckling and disrupt Danube River navigation due to droughts'>Heatwaves can soften asphalt, leading to deformati...</span>","Extreme temperature;Drought"
"Bulgaria","BTR","<span title='Urban areas in Bulgaria have experienced an increase in average annual temperatures and a higher frequency of intense precipitation, often accompanied by wind storms or hail, leading to a rise in floods'>Urban areas in Bulgaria have experienced an increa...</span>","Storm;Flood;Change in temperature;Change in precipitation"
"Bulgaria","BTR","<span title='Cold waves, though rare, may occur in both large and small mountain cities, potentially disrupting services, including food supply, especially when combined with snowfall'>Cold waves, though rare, may occur in both large a...</span>","Extreme temperature"
"Bulgaria","BTR","<span title='Flooding is anticipated to increase, affecting all settlements, particularly those near watercourses or illegal housing in flood-prone zones.'>Flooding is anticipated to increase, affecting all...</span>","Flood"
"Bulgaria","BTR","<span title='Hailstorms, often occurring with intense precipitation, will cause floods and damage buildings, vehicles, and infrastructure'>Hailstorms, often occurring with intense precipita...</span>","Storm;Flood;Change in precipitation"
"Bulgaria","BTR","<span title='Prolonged precipitation, combined with rising groundwater or wastewater seepage, may trigger landslides, especially in vulnerable areas such as the Black Sea and Danube cities.'>Prolonged precipitation, combined with rising grou...</span>","Landslide;Change in precipitation"
"Bulgaria","BTR","<span title='Landslides may also be triggered by earthquakes, which, while not linked to climate change, should be considered in the adaptation process'>Landslides may also be triggered by earthquakes, w...</span>","Landslide"
"Bulgaria","BTR","<span title='High temperatures and droughts will increase water stress, particularly in areas with scarce water resources and outdated infrastructure prone to significant water losses.'>High temperatures and droughts will increase water...</span>","Extreme temperature;Drought"
"Belize","BTR","<span title='Current climate trends indicate rising sea surface temperatures, changing precipitation patterns, and more frequent and intense extreme weather events such as hurricanes and tropical storms.'>Current climate trends indicate rising sea surface...</span>","Extreme temperature;Storm;Change in precipitation;Sea temperature"
"Belize","BTR","<span title='The average sea surface temperature along Belize’s coastline is expected to increase by 1°C within the next 50 years and by up to 2°C within the next century in some areas. Rising temperatures will lead to more frequent coral bleaching events, weaken marine ecosystems, and alter fish migration patterns, impacting fisheries.'>The average sea surface temperature along Belize’s...</span>","Change in temperature;Sea temperature;Ocean acidification"
"Belize","BTR","<span title='Sea levels are projected to rise between 16 and 21 cm (about 8.27 in) within the next 50 years, contributing to the erosion of beaches and the salinization of surface and groundwater resources. This will exacerbate the vulnerabilities of Belize’s low-lying coastal areas, putting critical infrastructure, tourist destinations, and human settlements at risk of inundation.'>Sea levels are projected to rise between 16 and 21...</span>","Flood;Salinization;Land degradation;Sea level rise"
"Belize","BTR","<span title='Belize is also expected to experience a decrease in annual precipitation, with models forecasting a reduction of 3.8% in the next 25 years and up to 11.7% by the end of the century. This reduction will intensify seasonal differences, with longer dry seasons and more severe droughts. Concurrently, the wet season is projected to bring more intense rainfall, leading to urban and rural flooding due to inadequate drainage systems.'>Belize is also expected to experience a decrease i...</span>","Drought;Flood;Change in precipitation"
"Belize","BTR","<span title='Under the optimistic scenario (RCP 2.6), the mean surface air temperature will rise gradually, with the maximum temperature increasing by approximately 2°C by the end of the century. The RCP 4.5 scenario, which assumes moderate emissions, suggests more drastic increases, with maximum temperatures reaching up to 32.65°C in 100 years. These changes will lead to more frequent extreme weather events, such as heatwaves and cold spells, with Belize experiencing increasing episodes of both'>Under the optimistic scenario (RCP 2.6), the mean ...</span>","Extreme temperature;Change in temperature"
"Belize","BTR","<span title='Spatial variation in temperature will also occur. In the RCP 2.6 scenario, the coolest areas will remain in the mountainous southern regions, while the hottest temperatures will be concentrated in northwestern Belize. By contrast, in the RCP 4.5 scenario, southern and coastal areas are projected to experience the highest temperatures, especially after 2080'>Spatial variation in temperature will also occur. ...</span>",""
"Belize","BTR","<span title='Projected changes in rainfall patterns across Belize reveal an overall decline in average annual precipitation, particularly in the northern and urbanized areas. However, some areas, especially in the mountainous south, may see slight increases in rainfall'>Projected changes in rainfall patterns across Beli...</span>","Change in precipitation"
"Belize","BTR","<span title='A decrease in the number of rainy days during the wet season but an increase in the intensity of those events, leading to more frequent torrential downpours.'>A decrease in the number of rainy days during the ...</span>","Storm"
"Belize","BTR","<span title='Expanding dry zones as urbanization and deforestation increase, reducing rainfall accumulation in developed areas.'>Expanding dry zones as urbanization and deforestat...</span>","Change in precipitation"
"Belize","BTR","<span title='Under RCP 4.5 and RCP 6.0, sea levels could rise by as much as 91.30 cm (about 3 ft) and 103.90 cm (about 3.41 ft), respectively, by the end of the century, posing a severe threat to Belize’s coastal communities, ecosystems, and infrastructure. The current mean sea level rise rate of 3.7 mm per year fits within the RCP 2.6 scenario, but this rate is expected to accelerate, especially under the more pessimistic RCP 4.5 and 6.0 scenarios.'>Under RCP 4.5 and RCP 6.0, sea levels could rise b...</span>","Sea level rise"
"Belize","BTR","<span title='SST is projected to rise by 1°C within the first 50 years and by a further 0.7°C by the end of the century. The highest temperature increases are expected in Chetumal Bay, where temperatures could be 2°C higher than surrounding waters for prolonged periods. These increases in SST will have profound impacts on marine ecosystems, particularly coral reefs, which are extremely sensitive to temperature changes'>SST is projected to rise by 1°C within the first 5...</span>","Change in temperature;Ocean acidification"
"Belize","BTR","<span title='Ocean acidification will increase by approximately 108% within the next 25 years and 111% by the end of the century, severely affecting marine life, especially coral reefs and cephalopods. As the acidity of the water increases, the ability of marine organisms to form shells and skeletons will be impaired, leading to disruptions in marine biodiversity and ecosystem functioning.'>Ocean acidification will increase by approximately...</span>","Ocean acidification"
"Belize","BTR","<span title='Coral bleaching, already observed in Belize, is exacerbated by rising sea surface temperatures. Projections suggest that a 1°C increase in water temperature above seasonal maxima could trigger mass bleaching events, while a 2°C increase could lead to widespread coral mortality. These changes reduce the reefs' ability to provide coastal protection from storm surges and diminish their role as critical habitats for marine species.'>Coral bleaching, already observed in Belize, is ex...</span>","Storm;Sea temperature;Ocean acidification"
"Belize","BTR","<span title='The combined effects of rising sea levels, more intense storms, and higher sea temperatures threaten Belize’s coastal communities. Sea level rise is expected to exacerbate beach erosion and inundation, which will endanger human settlements, tourist attractions, and critical infrastructure, especially in low-lying areas. The risk of stronger and more frequent tropical storms further increases the vulnerability of coastal regions to flooding, damage to infrastructure, and loss of life.'>The combined effects of rising sea levels, more in...</span>","Storm;Flood;Land degradation;Sea level rise;Sea temperature"
"Belize","BTR","<span title='Increasing temperatures and shifting rainfall patterns are expected to alter forest ecosystems, affecting species distribution, forest health, and ecosystem services'>Increasing temperatures and shifting rainfall patt...</span>","Extreme temperature;Change in temperature;Change in precipitation"
"Belize","BTR","<span title='Prolonged droughts can lead to forest degradation, increasing the risk of wildfires, pest infestations, and diseases that weaken tree resilience.'>Prolonged droughts can lead to forest degradation,...</span>","Drought;Wildfire;Pest and disease"
"Cambodia","BTR","<span title='Floods have had significant negative impacts on infrastructure throughout floodplain areas, with annual losses from flooding estimated between US$100-170 million from 2010 to 2019. In addition, the severe droughts of 2018-2019 affected over 50,000 people and severely impacted almost 2 million ha of crops'>Floods have had significant negative impacts on in...</span>","Drought;Flood"
"Cambodia","BTR","<span title='Between 2000 and 2019, the country experienced numerous typhoons, resulting in the damage of nearly 30,000 homes and the destruction of 113,000 ha of crops.'>Between 2000 and 2019, the country experienced num...</span>","Storm"
"Cambodia","BTR","<span title='Drought has a particularly negative effect on Cambodia's rural communities that depend on subsistence farming because of the correlation between reduced water availability and poorer productivity or yield—a result of both the lack of rainfall and the upstream damming of the Mekong River'>Drought has a particularly negative effect on Camb...</span>","Drought;Change in precipitation"
"Cambodia","BTR","<span title='At present Cambodia faces an annual median probability of severe meteorological drought of around 4%'>At present Cambodia faces an annual median probabi...</span>","Drought"
"Cambodia","BTR","<span title='Flooding is a major hazard that threatens the country and has caused enormous deaths and destruction'>Flooding is a major hazard that threatens the coun...</span>","Flood"
"Cambodia","BTR","<span title='As of 2010 assuming protection for up to a 1 in 25-year event, the population annually affected by flooding in Cambodia is estimated at 90,000 people and expected annual urban damage is estimated at US$105 million. Economic development and climate change are both expected to increase these projections can be expected to increase the annually affected population by 70,000 people, and urban damage by US$226 million under the RCP8.5 emissions pathway in 2030'>As of 2010 assuming protection for up to a 1 in 25...</span>","Flood"
"Cambodia","BTR","<span title='Cambodia already experiences some of the highest temperatures in the world, with an estimated national average of 64 days per year when the maximum temperature exceeds 35°C. The current median probability of a heat wave (defined as a period of 3 or more days where the daily temperature is above the long-term 95th percentage of daily mean temperature) is around 3%'>Cambodia already experiences some of the highest t...</span>","Extreme temperature"
"Cambodia","BTR","<span title='An increase in the frequency and intensity of heatwaves has been observed across recent decades that made a 29% contribution to the extreme temperatures experienced across Southeast Asia in April 2016, while ENSO contributed 49%'>An increase in the frequency and intensity of heat...</span>","Extreme temperature"
"Cambodia","BTR","<span title='In the year period of 1971-2020, Cambodia’s average mean temperature increased by 0.29°C per decade, while average maximum temperatures increased 0.32°C per decade over the same period.'>In the year period of 1971-2020, Cambodia’s averag...</span>","Change in temperature"
"Cambodia","BTR","<span title='Over the 50 years of 1971–2020, Cambodia experienced seasonally varied and significant decreases in precipitation per decade across its central and eastern provinces but significant increases per decade across some western provinces'>Over the 50 years of 1971–2020, Cambodia experienc...</span>","Change in precipitation"
"Cambodia","BTR","<span title='By 2050, or likely earlier, the annual temperature is expected to increase by 1.0 °C under both SSP scenarios. While the projection for RCP4.5 suggests a moderate increase to 2.5°C by 2099, the SSP2-4.5 scenario indicates a dramatic rise of up to 4.5°C by the end of the century'>By 2050, or likely earlier, the annual temperature...</span>","Change in temperature"
"Cambodia","BTR","<span title='The number of days with temperatures exceeding 35°C also increases significantly in both the medium and far future, with more pronounced increases observed under SSP5-8.5 compared to SSP1-2.6'>The number of days with temperatures exceeding 35°...</span>",""
"Cambodia","BTR","<span title='Although there is significant variability in the precipitation projections for Cambodia, most estimates suggest a decrease in mean annual rainfall (0–200 mm) in the near future (2010–2039), particularly along the coastline'>Although there is significant variability in the p...</span>","Change in precipitation"
"Cambodia","BTR","<span title='The initial decrease in rainfall along the coast may exacerbate water scarcity issues, affect agricultural productivity, and increase the vulnerability of coastal communities to drought'>The initial decrease in rainfall along the coast m...</span>","Drought;Change in precipitation"
"Cambodia","BTR","<span title='The projected increase in rainfall by the end of the century, particularly under SSP5-8.5, could lead to heightened flood risks, changes in river flow regimes, and challenges in water management'>The projected increase in rainfall by the end of t...</span>","Flood;Change in precipitation"
"Cambodia","BTR","<span title='These changes in wet season precipitation patterns have significant implications for agriculture, which is heavily dependent on consistent and adequate rainfall. A decrease in precipitation along the coastline could lead to reduced water availability for crops, negatively impacting yields and threatening food security. Conversely, the increase in precipitation in some central regions could benefit agricultural production but may also pose risks of waterlogging and flooding'>These changes in wet season precipitation patterns...</span>","Flood;Change in precipitation"
"Cambodia","BTR","<span title='The agriculture sector is extremely vulnerable to rising temperatures, altered rainfall patterns, and extreme weather events including floods, droughts, cyclones, and rising sea levels in coastal regions'>The agriculture sector is extremely vulnerable to ...</span>","Extreme temperature;Storm;Drought;Flood;Change in temperature;Change in precipitation;Sea level rise"
"Cambodia","BTR","<span title='Farmers are already frequently facing floods and droughts, which lower agricultural yields and threaten food security'>Farmers are already frequently facing floods and d...</span>","Drought;Flood"
"Cambodia","BTR","<span title='Prolonged droughts in 2004 and 2005 affected nearly 30% of agricultural land in Cambodia and caused a 14% decrease in rice yields.'>Prolonged droughts in 2004 and 2005 affected nearl...</span>","Extreme temperature;Drought"
"Cambodia","BTR","<span title='Projections suggest more frequent flooding in and around the Tonle Sap as well as in the floodplain zones of the Mekong, which could increase agricultural losses already estimated at US$100-170 million per year'>Projections suggest more frequent flooding in and ...</span>","Flood"
"Cambodia","BTR","<span title='In the short term, by 2050, the average annual temperature is projected to increase by 2.5°C in the north and around 1.1°C in the south, with little difference between the two scenarios. However, the long-term projections show a significant rise in average annual temperature, ranging from 1.5°C to 3.5°C, with lower increases in the south.'>In the short term, by 2050, the average annual tem...</span>","Change in temperature"
"Cambodia","BTR","<span title='Extreme weather events, storms, droughts, and floods will occur more frequently in many areas of Cambodia'>Extreme weather events, storms, droughts, and floo...</span>","Extreme temperature;Storm;Drought;Flood"
"Cambodia","BTR","<span title='Significant changes in seasonal rainfall patterns are predicted to occur, resulting in prolonged dry seasons and shorter, more severe wet seasons.'>Significant changes in seasonal rainfall patterns ...</span>","Change in precipitation"
"Cambodia","BTR","<span title='In the medium and long terms, higher average temperatures and rates of evapotranspiration are anticipated. A just 1°C rise can result in a 10% decrease in yields'>In the medium and long terms, higher average tempe...</span>","Extreme temperature;Change in temperature"
"Cambodia","BTR","<span title='Increased water demand as higher temperatures induces higher evapotranspiration.'>Increased water demand as higher temperatures indu...</span>","Extreme temperature;Change in temperature"
"Cambodia","BTR","<span title='Extended growth cycles, warmer winters, faster pathogen growth, and more weed competition between plants because of elevated CO2 levels have all contributed to an increase in the prevalence of pests and diseases'>Extended growth cycles, warmer winters, faster pat...</span>","Extreme temperature;Pest and disease"
"Cambodia","BTR","<span title='Effect of increased CO2 on fertilization: plants may respond by growing more vegetatively, though this will depend on the species and type of plant'>Effect of increased CO2 on fertilization: plants m...</span>",""
"Cambodia","BTR","<span title='Sea level rise and saline water intrusion will reduce viable crop areas in the Mekong Delta'>Sea level rise and saline water intrusion will red...</span>","Sea level rise"
"Cambodia","BTR","<span title='Drought caused 1.09 million ha of damage and flood caused twice between 1984 and 2018'>Drought caused 1.09 million ha of damage and flood...</span>","Extreme temperature;Drought;Flood"
"Cambodia","BTR","<span title='Prolonged droughts in 2004 and 2005 affected nearly 30% of agricultural land in Cambodia and caused a 14% decrease in rice yields.'>Prolonged droughts in 2004 and 2005 affected nearl...</span>","Extreme temperature;Drought"
"Cambodia","BTR","<span title='A combination of climatic stressors, such as increased precipitation during the rainy season and decreased precipitation during the dry season, may cause hydrological changes in the Tonle Sap and Mekong River Basins, which might have a variety of effects on fisheries, both beneficial and detrimental'>A combination of climatic stressors, such as incre...</span>","Change in precipitation"
"Cambodia","BTR","<span title='Increased temperatures decreased production and diversity of species found in fisheries'>Increased temperatures decreased production and di...</span>","Change in temperature"
"Cambodia","BTR","<span title='Drought, Habitat degradation or loss for fish, other aquatic animals, and aquatic plants and wetland lost'>Drought, Habitat degradation or loss for fish, oth...</span>","Drought"
"Cambodia","BTR","<span title='Increased rainfall and flash floods; Unpredictably of water levels'>Increased rainfall and flash floods; Unpredictably...</span>","Flood;Change in precipitation"
"Cambodia","BTR","<span title='Extreme weather events; Loss of fishing infrastructure'>Extreme weather events; Loss of fishing infrastruc...</span>","Extreme temperature"
"Cambodia","BTR","Sea-level rise; Reduced freshwater availability","Sea level rise"
"Cambodia","BTR","<span title='The Tonle Sap region experienced a record-breaking El Niño in 2016, which resulted in heat waves, drought, and low water levels. It also fostered an unprecedented spread of wildfires in the region, affecting an estimated 640,000 ha—approximately a third of the flooded forest area—impacted.'>The Tonle Sap region experienced a record-breaking...</span>","Extreme temperature;Drought;Wildfire"
"Cambodia","BTR","<span title='Projected sea level rise causes an extra threat to wetland habitats and freshwater quality while rising salinities may negatively influence the health of mangrove or freshwater ecosystems, which may reduce the quantity and/or quality of nutrients needed to support fisheries'>Projected sea level rise causes an extra threat to...</span>","Sea level rise"
"Cambodia","BTR","<span title='Changes in rainfall patterns will substantially affect livestock units through feed and animal health issues'>Changes in rainfall patterns will substantially af...</span>","Change in precipitation"
"Cambodia","BTR","<span title='Pathogens will likely be affected in terms of viability outside hosts and rates of proliferation by humidity levels and, importantly, the quality and quantity of vector breeding sites. Wetter periods typically increase the likelihood of disease transmission through fomites, increasing the importance of employing effective biosecurity measures'>Pathogens will likely be affected in terms of viab...</span>","Pest and disease"
"Cambodia","BTR","<span title='Scientific predictions of climate change for Cambodia suggest that forests will be affected by changes in temperature, precipitation, and shifts in the seasons.'>Scientific predictions of climate change for Cambo...</span>","Change in precipitation"
"Cambodia","BTR","<span title='Higher drought risks in most of Cambodia’s agricultural areas because of future climate change from 2025 to 2050'>Higher drought risks in most of Cambodia’s agricul...</span>","Drought"
"Cambodia","BTR","<span title='Increased temperatures, with corresponding increases in evapotranspiration'>Increased temperatures, with corresponding increas...</span>","Extreme temperature;Change in temperature"
"Cambodia","BTR","<span title='Increased temperatures are projected to increase heat-related conditions and affect directly to the hight vulnerable group of people particularly the elderly, pregnant or expecting women, young children, as well as infants'>Increased temperatures are projected to increase h...</span>","Change in temperature"
"Cambodia","BTR","<span title='Health infrastructure, such as hospitals, clinics, and cold chain storage facilities, may also be impacted by the increasing temperatures, heavy rains, and subsequent flooding, thus impacting overall patient care'>Health infrastructure, such as hospitals, clinics,...</span>","Storm;Flood;Change in temperature"
"Cambodia","BTR","<span title='Higher temperatures and variable precipitation accelerate microbial growth, transmission and virulence, can lead to changes in the seasonal and geographic distribution of vector-borne and water-borne disease'>Higher temperatures and variable precipitation acc...</span>","Change in temperature;Change in precipitation;Pest and disease"
"Croatia","BTR","<span title='Since the second half of the 20th century, a consistent warming has been observed in the Republic of Croatia area. Mean annual air temperature trend values range 0.2-0.3°C / 10 years along the Adriatic and up to 0.5°C / 10 years in central Croatia'>Since the second half of the 20th century, a consi...</span>","Change in temperature"
"Croatia","BTR","<span title='There is a significant increase in the number of warm days up to 8.3 days / 10 years. A prevalent decrease in the annual number of cold days is particularly pronounced in the inland (up to 8 days / 10 years) and northern Adriatic.'>There is a significant increase in the number of w...</span>","Change in temperature"
"Croatia","BTR","<span title='Main trend feature is significant summer drying along the Adriatic coast and its hinterland (5-15% / 10 years compared to the period 1981-2010 average).'>Main trend feature is significant summer drying al...</span>",""
"Croatia","BTR","<span title='The summer drying in the Adriatic mainly contributes to a significant increase in frequency of dry days (up to 5% / 10 years) and a decrease in the number of moderately wet days (at certain stations up to 20% / 10 years compared to the period 1981-2010 average). In addition, maximum daily and multi-daily precipitation quantities are reduced (up to 10% / 10 years).'>The summer drying in the Adriatic mainly contribut...</span>","Drought;Change in precipitation"
"Croatia","BTR","<span title='Changes in mean air temperature at 2 m (differences between periods P1 and P0) indicate a clear signal of increase in mean annual and seasonal values over the entire Republic of Croatia area. The largest part of the Republic of Croatia will experience an increase in the mean annual air temperature in the amount of 1.5 to 1.6 °C. The mountainous area expects a slightly higher increase of 1.6 to 1.7 °C'>Changes in mean air temperature at 2 m (difference...</span>","Change in temperature"
"Croatia","BTR","<span title='A clear signal of increase of minimum and maximum annual air temperatures is visible for the whole Republic of Croatia area. Except for the easternmost regions, where the projected increase is between 1.4 and 1.5 °C, the increase in minimum air temperatures in other parts of Croatia is between 1.5 and 1.6 °C. Expected increase in maximum air temperatures of 1.5 to 1.6 °C is in the Adriatic area and also in central and eastern Croatia, while projected increase in maximum temperatures over the mountains and Istria inland is between 1.6 and 1.7 °C, only over limited area 1.8 °C'>A clear signal of increase of minimum and maximum ...</span>","Change in temperature"
"Croatia","BTR","<span title='An increase in precipitation amount is expected along the Adriatic coast from 3 to 4 %. Smaller part of Lika and Gorski Kotar and Dalmatia inland will have 1 to 2 % less precipitation, while the change will be negligible over most of that area (in the range of -1 to 1%). Expected changes of precipitation amount over inland increase from west to east, and in easternmost part increase in precipitation quantity of 3 to 5 % is expected.'>An increase in precipitation amount is expected al...</span>","Change in precipitation"
"Croatia","BTR","<span title='An increase in number of dry days is expected in all seasons throughout the Croatia area, except in winter'>An increase in number of dry days is expected in a...</span>","Drought"
"Croatia","BTR","<span title='Over most of the Republic of Croatia area shortening of the series of consecutive wet days with precipitation greater than or equal to 1 mm (CWD1) on annual level is expected. Exception is the far east of Croatia and coastal area'>Over most of the Republic of Croatia area shorteni...</span>","Change in precipitation"
"Croatia","BTR","<span title='Reduction of water quantity in watercourses and in spring'>Reduction of water quantity in watercourses and in...</span>",""
"Croatia","BTR","<span title='Reduction of underground water reserves and lowering of groundwater levels'>Reduction of underground water reserves and loweri...</span>",""
"Croatia","BTR","<span title='Reduction of water levels in lakes and other lake type natural or built-up systems'>Reduction of water levels in lakes and other lake ...</span>",""
"Croatia","BTR","<span title='Rising sea levels, salinisation of coastal aquifers and aquatic systems'>Rising sea levels, salinisation of coastal aquifer...</span>","Sea level rise"
"Croatia","BTR","<span title='Increase in water temperature followed by reduction in reception capability of aquatic receivers'>Increase in water temperature followed by reductio...</span>","Sea temperature"
"Croatia","BTR","<span title='Increased frequency and intensity of flooding in vulnerable areas'>Increased frequency and intensity of flooding in v...</span>","Flood"
"Croatia","BTR","Increased frequency and intensity of torrents",""
"Croatia","BTR","<span title='Increased frequency and intensity of rainwater floods in urban areas'>Increased frequency and intensity of rainwater flo...</span>","Flood"
"Croatia","BTR","<span title='Rising sea levels, and thus the risk of flooding at mouths of watercourses'>Rising sea levels, and thus the risk of flooding a...</span>","Flood;Sea level rise"
"Croatia","BTR","<span title='Reduced efficiency of coastal infrastructure and intensified salinisation of river estuaries and coastal aquifers'>Reduced efficiency of coastal infrastructure and i...</span>",""
"Croatia","BTR","<span title='It is expected that deterioration of hydrological conditions due to climate change will increase the frequency and duration of dry periods on the one hand, and the frequency and intensity of flood situations on the other hand'>It is expected that deterioration of hydrological ...</span>","Flood"
"Croatia","BTR","<span title='The forecast increase in air temperature for the period up to 2070, as well as stagnation or minor reported trends of minimal change in total precipitation rates will result in increased evapotranspiration, reduction of surface and underground runoff and consequently even more pronounced reduction in water resources. In such conditions synergistic effects of negative impacts are expected due to an increase in anthropogenic pressures above all expressed in an increased water demand.'>The forecast increase in air temperature for the p...</span>","Extreme temperature;Change in precipitation"
"Croatia","BTR","<span title='The expected rise of sea levels but also impact of future tides, waves and storms will also have an impact on coastal infrastructure. Most vulnerable places will be urban areas with a low coastline (e.g. settlements on the islands such as Cres, Mali and Veli Lošinj, Krk, Rab, Krapanj, Vela Luka and others, but also in coastal Croatia such as Nin, Trogir, Ston and others).'>The expected rise of sea levels but also impact of...</span>","Storm;Sea level rise"
"Croatia","BTR","<span title='Increased vulnerability of marine environment caused by climate change will also result in risks related to weakening of thermohaline circulation of the Adriatic Sea, which can significantly affect a variety of abiotic and biotic processes and changes, especially related to ocean ventilation and changes in oxygen concentration in deeper layers, increasing the sea acidity, as well as a series of related biological processes and impacts on marine biodiversity and fishery'>Increased vulnerability of marine environment caus...</span>","Ocean acidification"
"Croatia","BTR","<span title='The current trend in the number of forest fires shows that there were significantly more fires in dry years in the Mediterranean area, while forecasts show that risk of forest fires in the future will be higher for the whole of the Republic of Croatia.'>The current trend in the number of forest fires sh...</span>","Wildfire"
"Croatia","BTR","<span title='In the period 1980- 2014 the drought in the summer months was the single largest cause of damage caused to Croatian agriculture by climate variability, while in the period from 2013-2016 it caused damage of a total of around EUR 398 million, which was equal to 43% of direct subsidies paid for agriculture in the same period.'>In the period 1980- 2014 the drought in the summer...</span>","Drought"
"Croatia","BTR","<span title='The estimated increase in temperature of the Adriatic Sea of 1.6 - 2.4 °C by 2070 could result in migration of marine organisms (especially shrimp and hake) to deeper waters and towards the north, a higher number of invasive alien species and reduction or disappearance of native fish species and change in selecting the breeding species.'>The estimated increase in temperature of the Adria...</span>","Change in temperature"
"Croatia","BTR","<span title='Acidification of seas and oceans will have major consequences for marine ecosystems based on habitat-forming species, and related ecosystem services, with potentially significant impacts on the society well-being. The acidity of Adriatic Sea is estimated to increase by 0.1 to 0.2 degree of pH, which will disrupt shellfish production in certain areas. Increased acidity could result in degradation of biogenic habitats providing a large number of services (e.g. Posidonia beds are crucial for maintaining populations of more than 400 species, among which those of economic importance; coralligenous habitats serve as shelters, feeding grounds and places for the settlement and development of numerous species, including those of economic importance, etc.)'>Acidification of seas and oceans will have major c...</span>","Extreme temperature;Ocean acidification"
"Croatia","BTR","<span title='A predicted increase in temperature and reduced fresh water quantities will most likely limit the availability of water for freshwater aquaculture. Positive effects of rising water temperatures will be accelerated growth and shorter breeding cycle of fish.'>A predicted increase in temperature and reduced fr...</span>","Change in temperature;Sea temperature"
"Croatia","BTR","<span title='Biodiversity is currently most threatened by degradation and loss of habitats, unsustainable exploitation of natural resources and pollution. The most important climate impacts in this sector are change in average air temperatures; reduced precipitation amount and changes in spatial distribution of precipitation; occurrence of climate extremes, as well as warming, acidification and rising sea levels'>Biodiversity is currently most threatened by degra...</span>","Change in precipitation;Sea level rise;Ocean acidification"
"Croatia","BTR","<span title='Climate change can increase the likelihood of disaster events and exacerbate their intensity. The main expected impacts that could cause high or medium vulnerability in this sector are landslides, floods, 184 open fires due to extended periods of high solar irradiance and extended periods of high air temperatures; extreme temperatures due to extended periods of high solar irradiance and extended periods of high air temperatures; pandemics due to the impact on diseases transmission pathways or pathogen characteristics resulting from changes in precipitation, humidity and evaporation rates; and complex risks, particularly in urban areas.'>Climate change can increase the likelihood of disa...</span>","Extreme temperature;Wildfire;Landslide;Flood;Change in precipitation;Pest and disease"
"Croatia","BTR","<span title='Heat islands in settlements due to increased average temperatures in summer months'>Heat islands in settlements due to increased avera...</span>","Change in temperature"
"Croatia","BTR","Sea floods caused by rising sea levels","Flood;Sea level rise"
"Croatia","BTR","<span title='Floods in settlements due to extreme amounts of precipitation.'>Floods in settlements due to extreme amounts of pr...</span>","Flood;Change in precipitation"
"Namibia","BTR","<span title='The country has experienced significant changes, including increased temperatures, frequent and severe droughts, and erratic rainfall patterns. These climatic shifts have profound implications for water availability, agricultural productivity, biodiversity, and public health. For instance, water scarcity, exacerbated by prolonged droughts, affects both urban and rural communities'>The country has experienced significant changes, i...</span>","Drought;Change in temperature;Change in precipitation"
"Namibia","BTR","<span title='Changes in precipitation patterns pose challenges for the agriculture sector, which is heavily dependent on predictable rainfall. Furthermore, rising temperatures and extreme weather events threaten the country’s rich biodiversity, impacting ecosystems and species that are already vulnerable'>Changes in precipitation patterns pose challenges ...</span>","Extreme temperature;Change in temperature;Change in precipitation"
"Namibia","BTR","<span title='Projections indicate that these trends will likely intensify, with Namibia expected to face even higher temperatures, more severe droughts, and increased variability in rainfall in the coming decades'>Projections indicate that these trends will likely...</span>","Drought;Change in temperature;Change in precipitation"
"Namibia","BTR","<span title='From 1901 to 2022, increased mean, maximum, and minimum temperatures have been observed, particularly since the 1960s. The country’s average annual temperature has increased by approximately 1.2°C over this period, reflecting a clear upward temperature trajectory. This warming is particularly pronounced in the latter half of the 20th century and into the 21st century. The increase in temperatures has been observed across all regions of Namibia, with the most significant rises occurring in the inland areas where average annual temperatures now frequently exceed 22°C'>From 1901 to 2022, increased mean, maximum, and mi...</span>","Change in temperature"
"Namibia","BTR","<span title='The trend in precipitation over the period 1901-2022 shows that Namibia has experienced significant variability in precipitation patterns.The overall trend indicates a decrease in annual precipitation, with notable fluctuations in intensity and distribution across different regions'>The trend in precipitation over the period 1901-20...</span>","Change in precipitation"
"Namibia","BTR","<span title='The temperature projections for Namibia up to 2100, as provided by the World Bank Group’s Climate Change Knowledge Portal (CCKP), indicate a significant increase in average temperatures across the country. Under all emission scenarios, Namibia is expected to experience a warming trend, with the magnitude of temperature rise dependent on the level of global greenhouse gas emissions'>The temperature projections for Namibia up to 2100...</span>","Change in temperature"
"Namibia","BTR","<span title='This rise in temperatures will likely exacerbate existing climate challenges, including increased frequency and intensity of heatwaves, heightened evaporation rates, and intensified water scarcity. These changes pose significant risks to agriculture, water resources, and overall ecosystem health, underscoring the urgent need for robust climate adaptation and mitigation strategies.'>This rise in temperatures will likely exacerbate e...</span>","Extreme temperature;Change in temperature"
"Namibia","BTR","<span title='The primary natural hazards in Namibia are drought, floods, and epidemics'>The primary natural hazards in Namibia are drought...</span>","Drought;Flood;Pest and disease"
"Namibia","BTR","<span title='Under the current climate, floods directly affect 4,000 people annually.  Furthermore, the yearly average value of direct economic losses associated with floods, under the current climate, is estimated at 41.8 million USD per year.'>Under the current climate, floods directly affect ...</span>","Flood"
"Namibia","BTR","<span title='Under future climate, the projected decrease in precipitation implies that less than 1000 people will be directly affected by floods. Under future climate, the yearly economic losses are estimated at 13.8 million USD annually.'>Under future climate, the projected decrease in pr...</span>","Flood;Change in precipitation"
"Namibia","BTR","<span title='Under the current/present climate, the estimated Average Annual Losses (AAL) associated with floods is 41.8 million USD per year (in 2019 prices), which was about 604 million Namibian dollars per year.'>Under the current/present climate, the estimated A...</span>","Extreme temperature;Flood"
"Namibia","BTR","<span title='Under future climate, the AAL associated with floods is estimated at 13.8 million USD per year (in 2019 prices), translating to about 199 million Namibian dollars annually'>Under future climate, the AAL associated with floo...</span>","Extreme temperature;Flood"
"Namibia","BTR","<span title='Under future climate, about 3 million people will be affected directly by droughts in Namibia. Under future climate, the yearly average value of direct economic losses associated with droughts is estimated at 50 billion USD annually.'>Under future climate, about 3 million people will ...</span>","Drought"
"Namibia","BTR","<span title='Under the current climate, drought affects 1 million people annually every year in Namibia. Furthermore, the yearly average value of direct economic losses under the current climate is estimated at 4 billion USD per year.'>Under the current climate, drought affects 1 milli...</span>","Drought"
"Nigeria","BTR","<span title='It is observed that irrespective of the period, namely 1951 to 2020, 1971 to 2020 and 1991 to 2020, there is an increase in annual average mean surface air temperature.'>It is observed that irrespective of the period, na...</span>",""
"Nigeria","BTR","<span title='Longer-term period 1951 to 2020 shows a slight increase in precipitation'>Longer-term period 1951 to 2020 shows a slight inc...</span>","Change in precipitation"
"Nigeria","BTR","<span title='There has been a high recurrence of floods and epidemics that can be directly associated with the more intense heavy rainfall episodes and the warmer temperatures respectively, confirming the impacts of global warming'>There has been a high recurrence of floods and epi...</span>","Extreme temperature;Storm;Flood;Change in precipitation;Pest and disease"
"Nigeria","BTR","<span title='It can also be seen that Nigeria has also been recording storms since the year 2000 when there was none before'>It can also be seen that Nigeria has also been rec...</span>","Storm"
"Phillipines","BTR","<span title='In the Philippines, higher-than-normal temperatures have been observed since the 1980s. The country has experienced a 0.1°C increase in temperature per decade, with an overall rise of 0.75°C over the past 69 years (1951-2020).'>In the Philippines, higher-than-normal temperature...</span>","Change in temperature"
"Phillipines","BTR","<span title='Climate Analytics shows that by 2030, the average temperature across the country is projected to increase by approximately 0.8°C (SSP2-4.5) to 0.9°C (SSP5-8.5), reaching an average temperature of 26.7°C to 26.8°C compared to the 1991–2020 baseline average of 25.8°C. This trend is expected to accelerate, with temperatures increasing by 1.5°C to 1.7°C reaching 27.4°C and 27.6°C by 2050.'>Climate Analytics shows that by 2030, the average ...</span>","Change in temperature"
"Phillipines","BTR","<span title='Additionally, the heat index is projected to rise significantly compared to the 2010–2020 baseline of 37.0°. By 2030, the heat index is expected to rise by 1.4°C (SSP2-4.5) to 1.9°C (SSP5-8.5) by 2030, reaching 38.4°C to 38.9°C, remaining within the 'Extreme Caution' category. By 2050, the increase is anticipated to accelerate by 3.3°C (SSP2-4.5) to 4.2°C (SSP5-8.5), reaching 40.3°C to 41.2°C and nearing the 'Danger' zone'>Additionally, the heat index is projected to rise ...</span>",""
"Phillipines","BTR","<span title='The average number of dry days is also projected to slightly increase from a baseline (2010- 2020) of 22 days per year to 22 to 24 days from 2030 to 2040 and further to 23 to 25 days in the 2050 to 2060 timeframe'>The average number of dry days is also projected t...</span>","Drought"
"Phillipines","BTR","<span title='The average number of unproductive days due to extreme heat - characterized by days with heat index temperatures exceeding 42°C - is expected to rise significantly, from an average of 28 days per year (2010-2020) to between 64 days (SSP2-4.5) and 77 days (SSP5-8.5) by 2030. By 2050, it is projected to reach 133 days (SSP2-4.5) to 168 days (SSP5-8.5).'>The average number of unproductive days due to ext...</span>","Extreme temperature"
"Phillipines","BTR","<span title='Sea level rise in the Philippines has been significant, with rates of 4.5–7 mm per year recorded from 1993 to 2015. These changes are influenced by climate variability, such as the El Niño Southern Oscillation, and anthropogenic factors'>Sea level rise in the Philippines has been signifi...</span>","Sea level rise"
"Phillipines","BTR","<span title='At 1.5°C of warming, Asia, including the Philippines, will experience intensified heavy precipitation and increased flood risks. These impacts will become more pronounced at 2°C or greater global warming. As a result, local flooding due to rainfall is expected to rise as heavy precipitation events become more common.'>At 1.5°C of warming, Asia, including the Philippin...</span>","Flood;Change in precipitation"
"Phillipines","BTR","<span title='Since 2000, tropical cyclone-induced precipitation has significantly increased by 16.9 to 19.3 percent per decade, heightening the risks of flooding and rain-induced landslides. Floods frequently occur during monsoon surges and slow-moving tropical cyclones within the PAR, with La Niña events also affecting the monsoon's severity. A notable example is Super Typhoon Egay (Doksuri) in July 2023, which brought 0.4 to 0.5 meters of rain from its 680- kilometer rainband.'>Since 2000, tropical cyclone-induced precipitation...</span>","Storm;Landslide;Flood;Change in precipitation"
"Phillipines","BTR","<span title='In the Philippines, an average of 20.2 tropical cyclones enter the Philippine Area of Responsibility (PAR) each year, with approximately 8.4 making landfall. Like many other parts of the world, the Philippines faces increasing risks from extreme tropical cyclones, defined by wind speeds exceeding 170 km/h.'>In the Philippines, an average of 20.2 tropical cy...</span>","Storm"
"Phillipines","BTR","<span title='The economy has suffered greatly, particularly during droughts brought on by the interaction of the increased temperature and the effects of large-scale variability like the El Niño-Southern Oscillation (ENSO), which have resulted in significant losses in agriculture and a decline in the country’s GDP. One notable example is the 2015-2016 El Niño, which caused agricultural production losses of USD 327 million (PHP 17.78 billion) and national GDP losses totaling USD 3.3 billion (PHP 179 billion)'>The economy has suffered greatly, particularly dur...</span>","Drought;Change in temperature"
"Phillipines","BTR","<span title='The economic impact is similarly concerning, with heat stress projected to decrease labor productivity, leading to losses of approximately USD 8.36 billion (PHP465 billion) under SSP2-4.5, to USD 8.38 billion (PHP466 billion) under SSP5-8.5 by 2030. Without action, these losses could rise from USD 11.59 billion (PHP645 billion) under SSP2-4.5, to USD 15.64 billion (PHP870 billion) under SSP5-8.5 by 2050.'>The economic impact is similarly concerning, with ...</span>","Extreme temperature"
"Phillipines","BTR","<span title='By 2030, 1.7 million-5.9 million (SSP2-4.5) to 822,000-5.34 million (SSP5-8.5) Filipinos are expected to experience at least one typhoon or super typhoon within the 2050 decade'>By 2030, 1.7 million-5.9 million (SSP2-4.5) to 822...</span>","Storm"
"Ghana","BTR","<span title='Climate change-induced sea temperature increases could worsen existing issues by disrupting the timing and intensity of coastal upwelling, dramatically reducing productivity in all sectors of Ghana’s fisheries'>Climate change-induced sea temperature increases c...</span>","Change in temperature;Sea temperature"
"Ghana","BTR","<span title='Ghana's coastal areas face increased risks of erosion, saltwater intrusion, and habitat loss due to rising sea levels.'>Ghana's coastal areas face increased risks of eros...</span>","Salinization;Land degradation;Sea level rise"
"Ghana","BTR","<span title='Ghana has experienced a noticeable increase in temperatures over the past few decades. The mean annual temperature has risen by approximately 1.0°C since 1960'>Ghana has experienced a noticeable increase in tem...</span>","Extreme temperature;Change in temperature"
"Ghana","BTR","<span title='The frequency of 'hot' days (when temperatures exceed the threshold that occurs on 10% of days or nights in the current climate of that region and season), has risen significantly in all seasons except between December and February.'>The frequency of 'hot' days (when temperatures exc...</span>",""
"Ghana","BTR","<span title='Hot nights' (nights with temperatures exceeding the threshold for 10% of nights) have increased by 13.2% and 20%, respectively, between 1960 and 2003.'>Hot nights' (nights with temperatures exceeding th...</span>","Extreme temperature"
"Ghana","BTR","<span title='Observed trends indicate a gradual increase in annual precipitation since 2000'>Observed trends indicate a gradual increase in ann...</span>","Change in precipitation"
"Ghana","BTR","<span title='Maximum daily rainfall has shown a significant upward trend since the 1990s, indicating heightened rainfall intensity and an increased risk of flooding'>Maximum daily rainfall has shown a significant upw...</span>","Flood;Change in precipitation"
"Ghana","BTR","<span title='Ghana’s coastline is naturally prone to erosion, threatening critical infrastructure and communities along the shore. Climate change contributes to rising sea levels through thermal expansion, melting glaciers, and sea ice.'>Ghana’s coastline is naturally prone to erosion, t...</span>","Extreme temperature;Land degradation;Sea level rise"
"Ghana","BTR","<span title='Over the past five decades, Ghana has experienced numerous climate hazards, including at least three major droughts and nineteen flooding events. These extreme events have affected over sixteen million people and resulted in at least 444 deaths, excluding undocumented cases'>Over the past five decades, Ghana has experienced ...</span>","Drought;Flood"
"Ghana","BTR","<span title='Since around 1990, flood events have occurred nearly every year. These results highlight a significant increase in flood events since 2006, with no major droughts recorded'>Since around 1990, flood events have occurred near...</span>","Drought;Flood"
"Ghana","BTR","<span title='The severe drought in 1982-1983, which affected more than 12 million people, demonstrated the impact of insufficient rainfall during the main cropping season.'>The severe drought in 1982-1983, which affected mo...</span>","Drought;Change in precipitation"
"Ghana","BTR","<span title='Ghana will continue to get warmer, with mean temperatures projected to increase by 1.0oC to 3.0oC by 2050 and 2.3oC to 5.3oC by the end of the century'>Ghana will continue to get warmer, with mean tempe...</span>","Extreme temperature"
"Ghana","BTR","<span title='All projections indicate a rise in minimum temperature to above 26°C.'>All projections indicate a rise in minimum tempera...</span>",""
"Ghana","BTR","<span title='Rainfall projections indicate variable changes in precipitation patterns, with some regions potentially facing increased rainfall variability and others experiencing prolonged dry spells.'>Rainfall projections indicate variable changes in ...</span>","Drought;Change in precipitation"
"Ghana","BTR","<span title='Erratic precipitation patterns severely affect production, as only 2% of the country’s irrigation potential has been utilised.'>Erratic precipitation patterns severely affect pro...</span>","Change in precipitation"
"Ghana","BTR","<span title='Rising temperatures are projected to reduce yields in major staple crops like cassava, yams, plantains, maise, and rice. for example, Cassava yields are expected to decline by 29.6% by 2080 and maise yields by 7% by 2051'>Rising temperatures are projected to reduce yields...</span>","Extreme temperature;Change in temperature"
"Ghana","BTR","<span title='Direct effects on livestock include increased temperatures, more frequent and intense heat waves, and changing rainfall patterns, which could lead to the spread of vector-borne diseases and microparasites alongside the emergence of new diseases.'>Direct effects on livestock include increased temp...</span>","Extreme temperature;Change in temperature;Change in precipitation;Pest and disease"
"Ghana","BTR","<span title='Rising sea surface temperatures are expected to alter key species' migratory patterns and reproductive cycles, such as anchovies, sardines, tilapia, and catfish. The decline in fisheries sector productivity due to climate variability and overfishing forces Ghana to spend over $200 million annually on seafood imports to meet domestic demand'>Rising sea surface temperatures are expected to al...</span>","Sea temperature"
"Ghana","BTR","<span title='Changes in rainfall and evaporation affect groundwater recharge rates and surface water infiltration, with limited water storage capacity making the country more vulnerable to unreliable rainfall patterns. Rising temperatures could exacerbate soil moisture deficits, even in areas with increasing rainfall'>Changes in rainfall and evaporation affect groundw...</span>","Extreme temperature;Change in temperature;Change in precipitation"
"Greece","BTR","<span title='Observed hazards include heat waves, cold waves and wildfires, changing temperature and temperature variability'>Observed hazards include heat waves, cold waves an...</span>","Extreme temperature;Wildfire"
"Greece","BTR","<span title='All the temperature-related hazards are expected to increase in the future, with the exception of cold waves/frost that are expected to be significantly decreasing.'>All the temperature-related hazards are expected t...</span>","Extreme temperature"
"Greece","BTR","Cyclones","Storm"
"Greece","BTR","Storms","Storm"
"Greece","BTR","<span title='Drought, heavy precipitation events, floods and snow and ice load have been observed'>Drought, heavy precipitation events, floods and sn...</span>","Extreme temperature;Drought;Flood;Change in precipitation"
"Greece","BTR","<span title='The trend is expected to be increasing for droughts and floods, but it remains uncertain for heavy precipitation.'>The trend is expected to be increasing for drought...</span>","Drought;Flood;Change in precipitation"
"Greece","BTR","<span title='With regards to sea level rise and saline intrusion their trend is projected to be increasing in the future.'>With regards to sea level rise and saline intrusio...</span>","Sea level rise"
"Greece","BTR","<span title='Landslide problems have been commonly reported in the recent years and the trend is projected to increase'>Landslide problems have been commonly reported in ...</span>","Landslide"
"Greece","BTR","<span title='According to the Annual Bulletins on the Climate in Greece of years 2014-2023 of the Hellenic National Meteorological Service, the main climate extremes refer to heat waves, high precipitation and flooding events, cyclones, sandstorms and landslides'>According to the Annual Bulletins on the Climate i...</span>","Extreme temperature;Storm;Landslide;Flood;Change in precipitation"
"Greece","BTR","<span title='In February 2021 the extreme snowfall caused important problems in transport and electricity due to the fall of trees over the network.'>In February 2021 the extreme snowfall caused impor...</span>","Extreme temperature"
"Greece","BTR","<span title='The two most severe heat waves occurred in July 2021 and 2023'>The two most severe heat waves occurred in July 20...</span>","Extreme temperature"
"Greece","BTR","<span title='Temperature increase and rainfall decrease make forest areas of the country drier, and therefore more vulnerable to forest fires.'>Temperature increase and rainfall decrease make fo...</span>","Wildfire;Change in temperature;Change in precipitation"
"Greece","BTR","<span title='Minimum winter temperatures in all of Greece’s regions are projected to be ~1.5 oC higher in 2021-2050 and ~3.5 oC higher in 2071-2100, than in the reference period 1961-1990.'>Minimum winter temperatures in all of Greece’s reg...</span>",""
"Greece","BTR","<span title='The increase in mean maximum summer temperatures in the period 2021-2050 is projected to be higher than that of the winter minimums and exceed 1.5 oC, while in some cases is projected to reach up to 2.5 oC. In the period 2071-2100, the increase in mean maximum summer temperatures may be as much as 5 oC.'>The increase in mean maximum summer temperatures i...</span>",""
"Israel","BTR","<span title='According to Israel’s Meteorological Service, and models by Israel’s Oceanographic and Limnological Research Center which have relied on the SSP5-8.5 scenario, the following is expected: an increase in the average temperature by approximately 3.5 degrees Celsius (relative to the past two decades), a reduction in the amount of precipitation, and the amount of rainy days, by an average rate of 20% - 25% and lastly an increase in extreme weather events such as heatwaves, floods and torrential rains'>According to Israel’s Meteorological Service, and ...</span>","Extreme temperature;Storm;Flood;Change in temperature;Change in precipitation"
"Israel","BTR","<span title='The past 30 years have seen an average rise in temperature at a rate of approximately 0.6 degrees Celsius per decade - a trend that is expected to continue'>The past 30 years have seen an average rise in tem...</span>","Change in temperature"
"Israel","BTR","<span title='Israel experienced a severe heatwave. Devastating effects were felt, for example, in the northern part of the country, many farmers experienced a loss of livestock - in total over 10,000 chickens died.'>Israel experienced a severe heatwave. Devastating ...</span>","Extreme temperature"
"Israel","BTR","<span title='The climate model predictions of the Mediterranean basin show a general decreasing trend in the amount of annual precipitation until the end of the 21st century'>The climate model predictions of the Mediterranean...</span>","Change in precipitation"
"Israel","BTR","<span title='2021 saw a forest fire just outside of Jerusalem. The wildfire consumed around 25,000 dunams (6,200 acres) of forest. This had both a human and environmental impact. There was severe damage caused to the ecosystem in the surrounding area, as well as damage to property.'>2021 saw a forest fire just outside of Jerusalem. ...</span>","Wildfire"
"Israel","BTR","<span title='In recent decades changes have been observed in the level of the Mediterranean Sea. It has risen by 14.9 cm over the past 19 years. Observations from the last 40 years indicate that the temperature of the upper water mass has risen by approximately 0.13°C per year'>In recent decades changes have been observed in th...</span>","Sea level rise"
"Israel","BTR","<span title='The rising sea level will change the coastline, reduce the seafront, damage infrastructure, contribute to the destruction of the coastal cliff and negatively impact tourism. Additionally, it increases the likelihood of flooding, specifically in shallow coastal areas, as well as shifts the saltwater-freshwater interface inland. This enables the penetration of seawater into the estuaries (mouth of the river) disrupting the ability to extract groundwater'>The rising sea level will change the coastline, re...</span>","Flood;Salinization;Sea level rise"
"Israel","BTR","<span title='In April 2023 there was a cliff retreat in Netanya, one of the coastal cities in Israel, that occurred by the seaside promenade.'>In April 2023 there was a cliff retreat in Netanya...</span>",""
"Israel","BTR","<span title='Extreme weather phenomena will become more frequent and more severe. It is manifested in prolonged heat waves, extensive forest fires and record events of precipitation and storms. Upon examination of the extreme events that occurred in Israel over the past two decades, there has been a significant increase in the frequency and intensity of heat waves.'>Extreme weather phenomena will become more frequen...</span>","Extreme temperature;Storm;Wildfire;Change in precipitation"
"Israel","BTR","<span title='In April 2018, a pre-military preparatory school, consisting of youth between the ages of 17- 18, lost 10 participants. This disaster was a result of an intense flash flood that occurred where they were hiking, in the Tzafit stream, in the south of Israel.'>In April 2018, a pre-military preparatory school, ...</span>","Flood"
"Latvia","BTR","<span title='During the year 2023, several rapid temperature fluctuations were observed'>During the year 2023, several rapid temperature fl...</span>",""
"Latvia","BTR","<span title='Annual precipitation amount exceeded the 1991−2020 normal despite a drought in May and June, when May became the 1st and June the 2nd driest month on record.'>Annual precipitation amount exceeded the 1991−2020...</span>","Drought;Change in precipitation"
"Latvia","BTR","<span title='During the latter half of the summer, a series of robust thunderstorms transpired, culminating in an instance where annual peak wind gusts reached 32.6 m/s.'>During the latter half of the summer, a series of ...</span>","Storm"
"Latvia","BTR","<span title='Annual mean air temperature in Latvia was +7.8 °C, which is 1.0 °C above the 1991−2020 normal, therefore 2023 was the 3rd warmest on record (since 1924)'>Annual mean air temperature in Latvia was +7.8 °C,...</span>",""
"Latvia","BTR","<span title='Changes in seasons, including the vegetation period growing season'>Changes in seasons, including the vegetation perio...</span>",""
"Latvia","BTR","Fire hazard","Wildfire"
"Latvia","BTR","<span title='Proliferation of pests and pathogens, tree diseases, expulsion of local species, entering of new species'>Proliferation of pests and pathogens, tree disease...</span>","Pest and disease"
"Latvia","BTR","Spread of diseases of the respiratory system","Pest and disease"
"Latvia","BTR","Spread of infectious diseases, heat strokes","Pest and disease"
"Latvia","BTR","Flood caused by precipitation, wind surges","Flood;Change in precipitation"
"Latvia","BTR","Occurrence of disturbances in electricity supply",""
"Latvia","BTR","Increased run-off, hydropower variations",""
"Latvia","BTR","Reduction of frost, black frost, drying of soil","Extreme temperature"
"Latvia","BTR","Eutrophication",""
"Latvia","BTR","<span title='Damages to infrastructures, overheating of equipment'>Damages to infrastructures, overheating of equipme...</span>",""
"Latvia","BTR","Decreased run-off during summer",""
"Latvia","BTR","<span title='Increase in average annual air temperature, increase in the frequency and duration of heat waves, extension of the meteorological summer, increase in the maximum value of the daily maximum temperature'>Increase in average annual air temperature, increa...</span>","Extreme temperature;Change in temperature"
"Latvia","BTR","<span title='Increase in precipitation and increase in the maximum amount of precipitation per day, increase in the number of days with very heavy precipitation, increase in the maximum amount of precipitation per five days, increase in snowfall above normal'>Increase in precipitation and increase in the maxi...</span>","Extreme temperature;Change in precipitation"
"Latvia","BTR","<span title='Long-term average sea level rise and development of coastal erosion, as well as groundwater level fluctuations affected by changes in precipitation and sea level, and changes in river run-off patterns'>Long-term average sea level rise and development o...</span>","Change in precipitation;Land degradation;Sea level rise"
"Latvia","BTR","<span title='Increase in the number of summer days, tropical nights, duration and frequency of heat waves, continuous increase in the frequency and duration of droughts'>Increase in the number of summer days, tropical ni...</span>","Extreme temperature;Drought"
"Latvia","BTR","Increase in maximum wind gusts",""
"Latvia","BTR","<span title='Increase in the number of days with very heavy precipitation, an increase in the maximum daily precipitation and a decrease in the amount of annual precipitation in the form of snow'>Increase in the number of days with very heavy pre...</span>","Extreme temperature;Change in precipitation"
"Latvia","BTR","Forest and peat bog fires","Wildfire"
"Latvia","BTR","Storms and storm surges","Storm"
"Latvia","BTR","Heavy rainfall and floods","Storm;Flood;Change in precipitation"
"Latvia","BTR","Floods caused by spring floods and ice jams","Extreme temperature;Flood"
"Latvia","BTR","<span title='Increase in the average temperature, as a result of which the spring / summer / autumn seasons could be extended, while the duration of winter will decrease'>Increase in the average temperature, as a result o...</span>","Change in temperature"
"Latvia","BTR","<span title='Increase in the total annual amount of precipitation, increase in the frequency of heavy rains, increase in the water temperature of rivers, lakes and other water bodies'>Increase in the total annual amount of precipitati...</span>","Storm;Change in precipitation;Sea temperature"
"Latvia","BTR","<span title='Increase in the frequency and duration of heat waves'>Increase in the frequency and duration of heat wav...</span>","Extreme temperature"
"Latvia","BTR","Increased risk of heat stroke",""
"Latvia","BTR","<span title='Risk of exacerbation of chronic diseases (cardiovascular diseases, diabetes, etc.) and possible increase in number of deaths'>Risk of exacerbation of chronic diseases (cardiova...</span>","Pest and disease"
"Latvia","BTR","<span title='Increase in air temperature, increase in the minimum air temperature in winter'>Increase in air temperature, increase in the minim...</span>",""
"Latvia","BTR","<span title='Increase in water temperature and water level, increase in the frequency of surface water level fluctuations'>Increase in water temperature and water level, inc...</span>","Sea temperature"
"Latvia","BTR","<span title='Earlier onset of the spring, extension of the summer season'>Earlier onset of the spring, extension of the summ...</span>",""
"Latvia","BTR","<span title='Changes in precipitation (increase in certain seasons), greater probability of more frequent and longer periods of drought, decrease of snow cover'>Changes in precipitation (increase in certain seas...</span>","Extreme temperature;Drought;Change in precipitation"
"Latvia","BTR","<span title='Increased frequency of extreme weather events and weather contrast'>Increased frequency of extreme weather events and ...</span>","Extreme temperature"
"Latvia","BTR","<span title='Increase in average air temperature in winters and decrease in the duration of the meteorological winter, increase in average air temperature in summers and an increase in the duration of meteorological summer, an increase in the probability of more frequent and longer periods of drought in the summers; increase in number of days with very high temperatures in summer'>Increase in average air temperature in winters and...</span>","Extreme temperature;Drought"
"Latvia","BTR","<span title='Increase in total annual precipitation, changes in the amount of precipitation in the summer months, increase in the probability of sudden and severe thunderstorms in summer'>Increase in total annual precipitation, changes in...</span>","Storm;Change in precipitation"
"Latvia","BTR","<span title='Greater uncertainty of snow cover thickness, decrease in the number of days with frozen soil, formation of air mass contact bands, creating suitable conditions for freezing rain; increase in wind gusts in some regions of Latvia'>Greater uncertainty of snow cover thickness, decre...</span>","Extreme temperature"
"Latvia","BTR","<span title='Increase in the annual average air temperature, increase in the average air temperature in the winter season, increase in the minimum value of the daily maximum temperature, increase in the average air temperature in the summer months'>Increase in the annual average air temperature, in...</span>",""
"Latvia","BTR","<span title='Decrease in the number of frost days, increase in the number of days without thaws, decrease in the average number of days with snow cover, decrease in the average snow cover thickness in the winter months, shortening of the ice period, increase in the number of summer days, increase in the number of tropical nights'>Decrease in the number of frost days, increase in ...</span>","Extreme temperature"
"Latvia","BTR","<span title='Increase in the number of days of the vegetation period'>Increase in the number of days of the vegetation p...</span>",""
"Latvia","BTR","<span title='Increase in the annual precipitation, continuous increase in the duration of the precipitation period, increase in the number of days with heavy and very heavy precipitation, increase in the maximum daily precipitation'>Increase in the annual precipitation, continuous i...</span>","Change in precipitation"
"Latvia","BTR","<span title='Increase in maximum wind gusts on the seacoast, increase in the number of days with the maximum wind speed'>Increase in maximum wind gusts on the seacoast, in...</span>",""
"Latvia","BTR","<span title='Improve the stormwater management system in cities and towns by developing local governments' climate change adaptation strategies'>Improve the stormwater management system in cities...</span>","Storm"
"Latvia","BTR","<span title='Annual mean value of maximum air temperature has increased by 1.1 °C, while maximum and minimum value − by 1.4 °C and 1.5 °C respectively'>Annual mean value of maximum air temperature has i...</span>","Extreme temperature"
"Latvia","BTR","<span title='Annual mean and maximum value of mean air temperature have increased by 1.2 °C, while minimum value has increased by 1.8 °C'>Annual mean and maximum value of mean air temperat...</span>",""
"Latvia","BTR","<span title='Annual mean and maximum value of minimum air temperature have increased by 0.9 °C and 0.8 °C respectively, while minimum value – by 2.1 °C'>Annual mean and maximum value of minimum air tempe...</span>",""
"Latvia","BTR","<span title='Due to observed climate change summer days have increased by 5 days'>Due to observed climate change summer days have in...</span>",""
"Latvia","BTR","<span title='Latvia has always had a small number of tropical nights, so no valid conclusions about the trends in changes of the number of such nights can be made, however, an increase in the frequency of such nights has been observed during the last couple of decades'>Latvia has always had a small number of tropical n...</span>",""
"Latvia","BTR","<span title='During the observed period, the average length of heatwaves has increased by 5 days'>During the observed period, the average length of ...</span>","Extreme temperature"
"Latvia","BTR","<span title='The general increase in air temperatures has also affected the length of the growing season – by an average of 3 additional days since 1961'>The general increase in air temperatures has also ...</span>",""
"Latvia","BTR","<span title='During the observed period, the average number of frost days in Latvia has decreased by 12 days'>During the observed period, the average number of ...</span>","Extreme temperature"
"Latvia","BTR","<span title='Similar to frost days, the average number of ice days in Latvia has decreased on average by 14 days'>Similar to frost days, the average number of ice d...</span>","Extreme temperature"
"Latvia","BTR","<span title='During the observed period, the average length of coldwaves has decreased by 4 days'>During the observed period, the average length of ...</span>",""
"Latvia","BTR","<span title='Diurnal temperature range has increased by 0.2 °C since 1961'>Diurnal temperature range has increased by 0.2 °C ...</span>",""
"Latvia","BTR","<span title='Past climate change has resulted in the increase of annual precipitation amount in Latvia by an average of 4.4%, or about 28.6 mm'>Past climate change has resulted in the increase o...</span>","Change in precipitation"
"Latvia","BTR","<span title='On average, the annual maximum one-day precipitation amount in Latvia has increased by 1.8 mm'>On average, the annual maximum one-day precipitati...</span>","Change in precipitation"
"Latvia","BTR","<span title='Since 1961, the maximum 5-day precipitation amount on average has increased by 2.8 mm'>Since 1961, the maximum 5-day precipitation amount...</span>","Change in precipitation"
"Latvia","BTR","<span title='At the end of the discussed period, the simple daily intensity index is higher by 0.3 mm/wet days than at the beginning of the period'>At the end of the discussed period, the simple dai...</span>",""
"Latvia","BTR","<span title='Within the discussed period, the average number of days with heavy precipitation has increased by 3 days'>Within the discussed period, the average number of...</span>","Change in precipitation"
"Latvia","BTR","<span title='Very heavy precipitation days in Latvia are observed very rarely, and so far, there has been no change in the number of such days'>Very heavy precipitation days in Latvia are observ...</span>","Change in precipitation"
"Latvia","BTR","<span title='Average snow cover in Latvia since 1961 has reduced by 3 cm'>Average snow cover in Latvia since 1961 has reduce...</span>","Extreme temperature"
"Latvia","BTR","<span title='Number of days with snow cover has decreased by 23 days'>Number of days with snow cover has decreased by 23...</span>","Extreme temperature"
"Latvia","BTR","<span title='Since 1966, average wind speed in Latvia has decreased by 0.5 m/s'>Since 1966, average wind speed in Latvia has decre...</span>",""
"Latvia","BTR","<span title='Stormy days in Latvia are observed very rarely, and up to recently, the number of such days on average in Latvia has decreased by 1 day'>Stormy days in Latvia are observed very rarely, an...</span>","Storm"
"Latvia","BTR","<span title='Due to the decrease in mean wind speed, the number of calm days has increased by 19 days'>Due to the decrease in mean wind speed, the number...</span>",""
"Latvia","BTR","<span title='Annual mean maximum air temperature, according to minor, medium and significant climate change scenarios, can increase by 2.8–5.0 °C, while a more rapid increase for extreme values is projected – maximum values of annual maximum air temperature by 3.2–6.4 °C, and minimum value of annual maximum air temperature can increase by 4.5–8.4 °C'>Annual mean maximum air temperature, according to ...</span>",""
"Latvia","BTR","<span title='Until the end of century, annual mean air temperature can increase by 2.8–4.9 °C, while annual maximum value – by 2.9–5.5 °C. Annual minimum value of mean air temperature is projected to increase by 5.7– 9.9 °C'>Until the end of century, annual mean air temperat...</span>",""
"Latvia","BTR","<span title='Most significant increase is projected for minimum values of annual minimum air temperature: 8.0–12.5 °C, while for annual mean values a 2.9–5.1 °C increase is predicted and for maximum values an increase of 2.6– 5.2 °C'>Most significant increase is projected for minimum...</span>",""
"Latvia","BTR","<span title='By the end of 21st century, the projected increase of summer days on average is 19 to 44 days'>By the end of 21st century, the projected increase...</span>",""
"Latvia","BTR","<span title='The number of tropical nights by year 2100 can increase by 19 to 44 nights'>The number of tropical nights by year 2100 can inc...</span>",""
"Latvia","BTR","<span title='Average heatwave length is expected to increase by 14–34 days by the end of the century'>Average heatwave length is expected to increase by...</span>","Extreme temperature"
"Latvia","BTR","<span title='It is expected that by 2100 the increase of air temperatures will affect the duration of the growing season – the scenarios climate models project an extension of the growing season by 3027 to 6649 days'>It is expected that by 2100 the increase of air te...</span>",""
"Latvia","BTR","<span title='The number of frost days may decrease by an average of 38 to 70 days'>The number of frost days may decrease by an averag...</span>","Extreme temperature"
"Latvia","BTR","<span title='By 2100, the number of ice days will probably decrease by 28 to 43 days'>By 2100, the number of ice days will probably decr...</span>","Extreme temperature"
"Latvia","BTR","<span title='Average coldwave length is expected to decrease by 5–6 days by the end of the century'>Average coldwave length is expected to decrease by...</span>",""
"Latvia","BTR","<span title='Mean annual diurnal temperature range is expected to decrease by 0.1–0.2 °C by 2100, in large part due to the winter season, when the diurnal temperature range will decrease by 1.1–1.6 °C'>Mean annual diurnal temperature range is expected ...</span>",""
"Latvia","BTR","<span title='By the end of the century, an increase of 18.2–24.1% (about 119.7–158.2 mm) in annual precipitation amount is projected'>By the end of the century, an increase of 18.2–24....</span>","Change in precipitation"
"Latvia","BTR","<span title='The scenarios project an increase of the intensity of precipitation – by about 0.4– 0.7 mm/wet days'>The scenarios project an increase of the intensity...</span>","Change in precipitation"
"Latvia","BTR","<span title='By the year 2100, the number of days with heavy precipitation will increase by an average of 4 to 8 days'>By the year 2100, the number of days with heavy pr...</span>","Change in precipitation"
"Latvia","BTR","<span title='By the end of century average snow cover is projected to decrease by 4 to 6 cm, that is more than 50% of 1961-1990 average thickness (7 cm)'>By the end of century average snow cover is projec...</span>","Extreme temperature"
"Latvia","BTR","<span title='Due to technical nature of snow cover climate models, there are no developed projections for this variable'>Due to technical nature of snow cover climate mode...</span>","Extreme temperature"
"Latvia","BTR","<span title='In the future projections show uncertainty, with mean wind speed increasing by 0.1 m/s in a minor climate change scenario, but in significant climate change – decreasing by
0.1 m/s'>In the future projections show uncertainty, with m...</span>",""
"Latvia","BTR","<span title='Only small changes in the mean number of stormy days are projected for Latvia, so no valid conclusions about changes in numbers of stormy days can be made'>Only small changes in the mean number of stormy da...</span>","Storm"
"Latvia","BTR","<span title='Most climate models project increase in the number of calm days in Latvia on average by 20 to 38 days'>Most climate models project increase in the number...</span>",""
"Lebanon","BTR","<span title='Between 1950 and 2020, Lebanon’s mean annual temperature rose by 1.6°C, with sharper increases observed in recent decades, particularly from 1991 to 2020'>Between 1950 and 2020, Lebanon’s mean annual tempe...</span>","Change in temperature"
"Lebanon","BTR","<span title='Summers have become hotter and longer, with temperatures frequently exceeding 40°C, intensifying heat stress in urban areas and heightening energy demands'>Summers have become hotter and longer, with temper...</span>","Extreme temperature"
"Lebanon","BTR","<span title='Precipitation patterns have also changed dramatically, with annual rainfall showing a declining trend since 1950'>Precipitation patterns have also changed dramatica...</span>","Change in precipitation"
"Lebanon","BTR","<span title='Seasonal irregularities are also evident, with prolonged dry periods interspersed by erratic heavy rainfall during winter months. Such shifts have strained water resources, disrupted snowmelt patterns, and exacerbated water scarcity, which is critical for agriculture and rural livelihoods. For example, the period from 2010 to 2020 saw irregular precipitation surpluses in winter but also notable droughts during spring and summer, further destabilizing the agricultural sector.'>Seasonal irregularities are also evident, with pro...</span>","Extreme temperature;Storm;Drought;Change in precipitation"
"Lebanon","BTR","<span title='Between 1955 and 2023, Lebanon experienced 26 major disasters, affecting over 5.4 million people and resulting in significant human and economic losses'>Between 1955 and 2023, Lebanon experienced 26 majo...</span>",""
"Lebanon","BTR","<span title='The heatwaves of 2007 and 2010 caused temperatures to spike above 40°C for extended periods, leading to widespread forest fires and agricultural losses.'>The heatwaves of 2007 and 2010 caused temperatures...</span>","Extreme temperature;Wildfire"
"Lebanon","BTR","<span title='Severe flooding events, such as those in 2009 and 2019, caused significant damage to infrastructure and displaced communities, while snowstorms and heavy rains in 2018 brought further destruction, including
landslides and road closures'>Severe flooding events, such as those in 2009 and ...</span>","Extreme temperature;Storm;Landslide;Flood"
"Lebanon","BTR","<span title='The frequency of extreme weather events, such as intense storms and floods, is projected to rise, with flash flooding expected to increase in urban and low-lying coastal areas due to reduced soil infiltration and more intense rainfall events.'>The frequency of extreme weather events, such as i...</span>","Extreme temperature;Storm;Flood;Change in precipitation"
"Lebanon","BTR","<span title='Recent records show a significant increase in the occurrence of wildfires, rising from 343 events in 2019 to over 1,000 in 2021, exacerbated by prolonged droughts and mismanagement of natural resources. These disasters have had cascading effects, including displacement, loss of livelihoods, and damage to critical infrastructure, further straining Lebanon’s fragile socio-economic context.'>Recent records show a significant increase in the ...</span>","Drought;Wildfire"
"Lebanon","BTR","<span title='Snow cover, a crucial source of seasonal water storage, is declining due to rising temperatures and reduced precipitation'>Snow cover, a crucial source of seasonal water sto...</span>","Extreme temperature;Change in temperature;Change in precipitation"
"Lebanon","BTR","<span title='Snowmelt floods, which traditionally provide critical water supply during spring and early summer, are increasingly being replaced by rainfall floods'>Snowmelt floods, which traditionally provide criti...</span>","Extreme temperature;Flood;Change in precipitation"
"Egypt","BTR","<span title='Over the past thirty years, Egypt has experienced a significant warming trend, with average annual temperatures rising by 0.53°C per decade, particularly during the summer months, accompanied by a notable increase in daily minimum temperatures. This has resulted in fewer cold nights and more warm nights'>Over the past thirty years, Egypt has experienced ...</span>","Change in temperature"
"Egypt","BTR","<span title='Consistent reduction in annual precipitation, with a 22% decline over the past three decades. This has exacerbated water scarcity, contributing to extended droughts and reduced water availability in many areas.'>Consistent reduction in annual precipitation, with...</span>","Drought;Change in precipitation"
"Egypt","BTR","<span title='The frequency and severity of flash floods have increased, particularly in winter and early spring months.'>The frequency and severity of flash floods have in...</span>","Flood"
"Egypt","BTR","<span title='Under a high-emission scenario (RCP8.5), temperatures are projected to rise by 2.1°C to 5.7°C by the 2080s, with the interior regions and summer months experiencing the most rapid increases. Heatwaves are expected to become more frequent, intense, and prolonged, while cold spells will diminish.'>Under a high-emission scenario (RCP8.5), temperatu...</span>","Extreme temperature"
"Egypt","BTR","<span title='Egypt is expected to see a continuation of reduced rainfall, with longer dry spells and an increase in the intensity of heavy rainfall events, though overall annual precipitation will remain low.'>Egypt is expected to see a continuation of reduced...</span>","Storm;Drought;Change in precipitation"
"Egypt","BTR","<span title='The combination of rising temperatures and decreasing precipitation will intensify evaporation rates, worsen water scarcity and increase the likelihood of droughts.'>The combination of rising temperatures and decreas...</span>","Extreme temperature;Drought;Change in temperature;Change in precipitation"
"Egypt","BTR","<span title='Longer periods of extreme heat will also have adverse effects on human health, ecosystems, and livestock.'>Longer periods of extreme heat will also have adve...</span>","Extreme temperature"
"Egypt","BTR","<span title='The Nile Delta has been identified as one of the world´s three “extreme” vulnerability hotspots, where future climate projections indicate severe impacts, including sea level rise, water scarcity and deficit, and more frequent and intense extreme weather events such as heat waves, flash floods, heavy rains, sand and dust storms.'>The Nile Delta has been identified as one of the w...</span>","Extreme temperature;Storm;Flood;Sea level rise"
"Egypt","BTR","<span title='Socially, sea level rise threatens to displace millions of people'>Socially, sea level rise threatens to displace mil...</span>","Sea level rise"
"Egypt","BTR","<span title='December 2010, January 2011, and October 2015: Storm surges reached 1.2 meters above sea level, causing coastal flooding in the Nile Delta and damage to coastal structures.'>December 2010, January 2011, and October 2015: Sto...</span>","Storm;Flood;Sea level rise"
"Estonia","BTR","<span title='Increase in temperature is high in the northern hemisphere, especially at higher latitudes'>Increase in temperature is high in the northern he...</span>","Change in temperature"
"Estonia","BTR","<span title='In the period of 2041–2070, the increase in the temperature will be lowest in the summer months (June, July, August, i.e. JJA), and, in the period of 2071–2100, in the autumn months (September, October, November, i.e. SON)'>In the period of 2041–2070, the increase in the te...</span>",""
"Estonia","BTR","<span title='a decrease in the shortwave radiative forcing affecting the surface of the Earth'>a decrease in the shortwave radiative forcing affe...</span>",""
"Estonia","BTR","<span title='an increase in the average wind velocity in winter and partly in spring. The increase is likely to range between 3% and 18% and is related to the increase in the number of cyclones moving to our territories from the Atlantic Ocean'>an increase in the average wind velocity in winter...</span>","Storm"
"Estonia","BTR","<span title='Projections show a significant decrease in snow cover by the end of the 21st century'>Projections show a significant decrease in snow co...</span>","Extreme temperature"
"Estonia","BTR","<span title='The seawater surface temperature will rise by 2.9 °C as an average of the model ensemble by 2071–2100 compared to the period of 1961–1990. The increase in the seawater surface temperature will be the highest in May and June and will be expressed most in the southern and central areas of the Baltic Sea'>The seawater surface temperature will rise by 2.9 ...</span>","Sea temperature"
"Estonia","BTR","<span title='The coastal areas of the Gulf of Finland, the Väinameri Sea, and the Gulf of Riga are still covered with ice, but the thickness of the ice layer has decreased by half or up to three times'>The coastal areas of the Gulf of Finland, the Väin...</span>","Extreme temperature"
"Estonia","BTR","<span title='By the 2080s, the ice cover of the Baltic Sea will have decreased further – the Väinameri Sea and the Gulf of Riga are almost completely ice-free, but the coastal areas of the Gulf of Finland are still covered with ice'>By the 2080s, the ice cover of the Baltic Sea will...</span>","Extreme temperature"
"Estonia","BTR","<span title='Due to the increasing winter temperatures, the ice cover period of Estonian rivers is shortening, or no ice cover will form on most of the rivers. This will result in runoff in the winter period, as the precipitation will no longer accumulate in the form of snow'>Due to the increasing winter temperatures, the ice...</span>","Extreme temperature;Change in precipitation"
"Estonia","BTR","<span title='Extreme weather conditions, which may endanger human health, include storms and heavy rain (the resulting floods), which may also make vital medical assistance less accessible or even completely inaccessible'>Extreme weather conditions, which may endanger hum...</span>","Extreme temperature;Storm;Flood"
"Estonia","BTR","<span title='In 2020, air pollution fine particles and nitrogen dioxide in the ambient air caused an average of 1,179 early deaths in Estonia'>In 2020, air pollution fine particles and nitrogen...</span>",""
"Estonia","BTR","<span title='The higher frequency of drought periods in spring and summer also increases the forest fire hazard'>The higher frequency of drought periods in spring ...</span>","Drought;Wildfire"
"Estonia","BTR","<span title='Due to changes in the trajectories of cyclones and the resulting higher frequency of western storms, Estonian coastal areas may be at a risk of increasingly frequent rises in the water level and floods, the extent of which in the future will probably exceed what has been experienced so far'>Due to changes in the trajectories of cyclones and...</span>","Storm;Flood"
"Estonia","BTR","Floods","Flood"
"Estonia","BTR","<span title='The risks of storm damage affecting settlements are higher in Western Estonia, islands and coastal areas, where winds blowing over 21 m/s occur more often'>The risks of storm damage affecting settlements ar...</span>","Storm"
"Estonia","BTR","<span title='Heat waves, which have already presented themselves as climate-related risks in the summers of the last few decades in Estonia, are amplified in the cities due to the heat island effect, which most significantly affects the chronically ill, small children, and the elderly.'>Heat waves, which have already presented themselve...</span>","Extreme temperature"
"Austria","BTR","<span title='The increase of annual mean temperature in Austria since 1880 has almost reached 2°C. The increase was strongest in the period after 1980, when an increase by more than 1°C has been observed'>The increase of annual mean temperature in Austria...</span>","Change in temperature"
"Austria","BTR","<span title='In a country-wide evaluation, the meteorological summer of 2024 brought 13 % less precipitation than an average summer while during the same summer several heavy rainfall events caused mudslides and flooding'>In a country-wide evaluation, the meteorological s...</span>","Storm;Flood;Change in precipitation"
"Austria","BTR","<span title='All observed glaciers in Austria have clearly shown a reduction in surface area and in volume in the period since 1980'>All observed glaciers in Austria have clearly show...</span>","Extreme temperature"
"Austria","BTR","<span title='Duration of snow cover has been reduced in recent decades, especially at altitudes around 1,000 m a.s.l.'>Duration of snow cover has been reduced in recent ...</span>","Extreme temperature"
"Chile","BTR","<span title='The extreme drought of 2019 and 2021 with deficits of -36.6 and -42.9%, respectively, decreased in 2023 to -11%'>The extreme drought of 2019 and 2021 with deficits...</span>","Drought"
"Chile","BTR","<span title='The average annual temperature in Chile has shown a significant increase, from 12.4 °C (1961-1990) to 13.0 °C (2009- 2023), an overall of 0.15 °C per decade and more pronounced than the last reporting period'>The average annual temperature in Chile has shown ...</span>","Change in temperature"
"Chile","BTR","<span title='The average annual accumulated precipitation has decreased from 675.3 mm to 536.4 mm (4%/ decade), with downward trends in practically the entire continental territory, with the largest reductions observed in the Valparaíso, Metropolitan and Maule regions (up to -55%).'>The average annual accumulated precipitation has d...</span>","Change in precipitation"
"Chile","BTR","<span title='The altitude of the 0 °C isotherm has risen by 41-64 m/decade (2000-2023), with the greatest increase in the central and southern areas. This trend has affected snow accumulation, accelerated glacier loss and intensified summer droughts and intense rainfall resulting in floods, avalanches and landslides.'>The altitude of the 0 °C isotherm has risen by 41-...</span>","Extreme temperature;Drought;Landslide;Flood;Change in precipitation"
"Chile","BTR","<span title='In terms of annual accumulated precipitation, the projected changes from 2035 to 2065 show different patterns'>In terms of annual accumulated precipitation, the ...</span>","Change in precipitation"
"Chile","BTR","<span title='A reduction in annual accumulated snow is projected between 2035 and 2065 in almost the entire Andes mountain range, due to the combination of increasing temperatures, reduced precipitation and the rise of the 0 °C isotherm. This decrease could reach 100% in the Andean foothills and southern fjords and smaller reductions in high sectors of the Andes and the
extreme south, which, comparatively, represent the loss of large
volumes of snow. This trend contributes to the loss of glaciers
and intensifies summer droughts that threaten the availability
of water for human consumption, agriculture and ecosystems'>A reduction in annual accumulated snow is projecte...</span>","Extreme temperature;Drought;Change in temperature;Change in precipitation"
"Chile","BTR","<span title='Projections for 2035-2065 show a significant increase in the frequency of heat waves with temperatures above 30 °C for three or more consecutive days in almost the entire country, excluding the Magallanes and Chilean Antarctic Region.'>Projections for 2035-2065 show a significant incre...</span>","Extreme temperature"
"Chile","BTR","<span title='The frequency of droughts is projected to present varied patterns throughout the country'>The frequency of droughts is projected to present ...</span>","Drought"
"Chile","BTR","<span title='An increase in maximum daily rainfall is projected in much of the country, with extreme variations concentrated in the Andes mountain range, between the Atacama and Metropolitan Regions, where historical values could double, thereby increasing the risk of flooding'>An increase in maximum daily rainfall is projected...</span>","Flood;Change in precipitation"
"Chile","BTR","<span title='Between 1980 and 2015, wave height increased 0.1-0.4 meters (10-20 %), especially in the south, and changed direction due to the displacement of the South Pacific anticyclone'>Between 1980 and 2015, wave height increased 0.1-0...</span>","Storm"
"Chile","BTR","<span title='Projections for 2026-2045 indicate slight increases in wave height towards the south (>50°S), while mid-latitudes (35°S-45°S) could experience slight reductions due to changes in wind patterns. These changes impact coastal settlements, fishing and tourism'>Projections for 2026-2045 indicate slight increase...</span>",""
"Chile","BTR","<span title='Sea surface temperature shows cooling in the north, stability in the central area of the country and warming in the south of the country'>Sea surface temperature shows cooling in the north...</span>","Sea temperature"
"Chile","BTR","<span title='By the end of the century, increases of up to 2.31 °C are projected, alternating atmospheric and oceanic circulation, with critical implications for marine ecosystems and biodiversity and activities such as artisanal fishing and aquaculture.'>By the end of the century, increases of up to 2.31...</span>",""
"Chile","BTR","<span title='More severe heat waves have increased energy demand, caused health problems, accelerated glacial melting and generated water stress in flora and fauna'>More severe heat waves have increased energy deman...</span>","Extreme temperature"
"Chile","BTR","<span title='The accelerated glaciers retreat in the last 30 years has compromised water supply for human consumption, agriculture, mining and energy and altered biodiversity and essential ecosystem services'>The accelerated glaciers retreat in the last 30 ye...</span>","Extreme temperature"
"Chile","BTR","<span title='The increase in frequency and intensity of storm surges is eroding the coasts, damaging infrastructure, limiting economic activities such as tourism, fishing and port operations, and affecting habitats and biodiversity on beaches and coastal ecosystems.'>The increase in frequency and intensity of storm s...</span>","Storm"
"Finland","BTR","<span title='Finland’s annual mean temperature has already risen by about 2 °C compared with the mid1800s'>Finland’s annual mean temperature has already rise...</span>","Change in temperature"
"Finland","BTR","<span title='Climate change has, above all, affected winter conditions in Finland. Shorter winters have resulted in reduced snow cover in the south'>Climate change has, above all, affected winter con...</span>","Extreme temperature"
"Finland","BTR","<span title='An increase in the number and intensity of heatwaves has been observed in recent decades.'>An increase in the number and intensity of heatwav...</span>","Extreme temperature"
"Finland","BTR","<span title='The average annual precipitation level shows significant variations from year to year'>The average annual precipitation level shows signi...</span>","Change in precipitation"
"Finland","BTR","<span title='Based on weather observations, the average annual wind speeds have fallen slightly in recent decades.'>Based on weather observations, the average annual ...</span>",""
"Finland","BTR","<span title='An increase can be seen in conditions facilitating the occurrence of thunderstorms'>An increase can be seen in conditions facilitating...</span>","Storm"
"Finland","BTR","<span title='On a timescale of one hundred years, Finland’s mean annual temperature will rise at a rate around 1.6 times the global average.'>On a timescale of one hundred years, Finland’s mea...</span>","Change in temperature"
"Finland","BTR","<span title='Total precipitation is projected to increase as the climate changes. The increase will be higher in the winter than in the summer, although in southern Finland the change may turn out to be very minor'>Total precipitation is projected to increase as th...</span>","Change in precipitation"
"Finland","BTR","<span title='Heavy rains in the summer are expected to intensify'>Heavy rains in the summer are expected to intensif...</span>","Storm"
"Finland","BTR","<span title='The amount of incoming solar radiation may decrease due to increased cloudiness.'>The amount of incoming solar radiation may decreas...</span>",""
"Finland","BTR","<span title='The number of hot days (with temperatures exceeding 25 °C) in summer are expected to increase and heatwaves are anticipated to become longer and more intense'>The number of hot days (with temperatures exceedin...</span>","Extreme temperature"
"Finland","BTR","<span title='Regardless of increases in precipitation, the scenarios also project the increased prevalence of periods of drought due to the increased occurrence of severe weather events and the increased evapotranspiration caused by rising temperatures.'>Regardless of increases in precipitation, the scen...</span>","Extreme temperature;Drought;Change in temperature;Change in precipitation"
"Finland","BTR","<span title='The warming of the climate will also lengthen the thermal growing season, and the effective temperature sum of the season will increase.'>The warming of the climate will also lengthen the ...</span>",""
"Finland","BTR","<span title='The depth of soil frost will decrease and the soil frost period will shorten. This is expected to increase windfalls of trees during as well decrease soil bearing capacity during winter season.'>The depth of soil frost will decrease and the soil...</span>","Extreme temperature"
"Finland","BTR","<span title='With the winters becoming milder, a greater share of winter precipitation will fall as rain. This will affect flow rates of rivers and streams and the occurrence of fluvial floods, mainly in the form of spring floods becoming reduced but winter floods becoming more common.'>With the winters becoming milder, a greater share ...</span>","Flood;Change in precipitation"
"Finland","BTR","<span title='The flood risk is projected to increase particularly in the large water bodies of southern and central Finland as precipitation increases.'>The flood risk is projected to increase particular...</span>","Flood;Change in precipitation"
"Finland","BTR","The rise in sea level","Sea level rise"
"Finland","BTR","<span title='The period of Baltic Sea ice cover will become shorter, but ice conditions may be challenging in the decades ahead'>The period of Baltic Sea ice cover will become sho...</span>","Extreme temperature"
"Finland","BTR","<span title='Windstorms have caused significant impacts, including electrical power outages, in recent years.'>Windstorms have caused significant impacts, includ...</span>","Storm"
"Finland","BTR","<span title='The total number and intensity of strong windstorms are projected to decline in the North Atlantic Ocean.'>The total number and intensity of strong windstorm...</span>","Storm"
"Finland","BTR","<span title='Increasing drought and heatwave periods increase the risk of extensive forest fires. Forest fires are a natural part of the life cycle of forests, but they cause financial losses to forest owners and potential hazards to humans and require significant resources for rescue services'>Increasing drought and heatwave periods increase t...</span>","Extreme temperature;Drought;Wildfire"
"Finland","BTR","Heat waves","Extreme temperature"
"Guyana","BTR","<span title='Since the 1960s, the country has observed marked increases in temperature, sea level, and the frequency and intensity of extreme rainfall events'>Since the 1960s, the country has observed marked i...</span>","Change in temperature;Change in precipitation;Sea level rise"
"Guyana","BTR","<span title='The first half of 2021 saw catastrophic flooding and impacted large parts of the population. Over 74,000 acres (43,473 acres of cash crops and 30,684 acres of rice) of farmlands and over 20,000 farmers were affected.'>The first half of 2021 saw catastrophic flooding a...</span>","Extreme temperature;Flood"
"Guyana","BTR","<span title='Following an extended period of dry weather in late 2014 and early 2015, the hinterland was facing drought conditions by April 2015.'>Following an extended period of dry weather in lat...</span>","Drought"
"Guyana","BTR","<span title='Frequent bush fires destroyed several farms at Aranaputa, in Region 9'>Frequent bush fires destroyed several farms at Ara...</span>","Wildfire"
"Guyana","BTR","<span title='Observed climate data shows mean annual temperatures have increased by 0.3°C since the 1960s, corresponding to an average rate of temperature increase of approximately 0.07°C per decade, with the highest changes occurring in the August-September months (~ 0.10°C per decade). T'>Observed climate data shows mean annual temperatur...</span>","Change in temperature"
"Guyana","BTR","<span title='Since the 1960s, observed climate data shows increases in mean annual precipitation, with an average rate of increase across Guyana of 4.8mm per month, equal to 2.7% increase per decade.'>Since the 1960s, observed climate data shows incre...</span>","Change in precipitation"
"Guyana","BTR","Temperatures will increase",""
"Guyana","BTR","Sea level will continue to rise","Sea level rise"
"Guyana","BTR","Rise in the height of storm surges","Storm"
"Guyana","BTR","<span title='Ensemble median projections also indicate that average annual precipitation will decrease and that the proportion of heavy rainfall events will increase'>Ensemble median projections also indicate that ave...</span>","Storm;Change in precipitation"
"Guyana","BTR","Heavy rainfall","Storm;Change in precipitation"
"Guyana","BTR","sea state and tidal conditions",""
"Guyana","BTR","<span title='Inadequate or poorly maintained drainage and sea defence infrastructure'>Inadequate or poorly maintained drainage and sea d...</span>",""
"Guyana","BTR","<span title='Guyana is classified as a high flood risk country, with the greatest vulnerability experienced within the coastal zone'>Guyana is classified as a high flood risk country,...</span>","Flood"
"Guyana","BTR","<span title='In January 2005, an unusual weather system produced the heaviest rainfall on record in Guyana resulting in the most devastating floods in Guyana’s history'>In January 2005, an unusual weather system produce...</span>","Flood;Change in precipitation"
"Guyana","BTR","<span title='The drought conditions were also linked to a resurgence of pests, including acushi ants and caterpillars, which attacked the few remaining crops. Dasheens, cassavas, eddoes and cash crops were observed to be particularly severely impacted by the drought.'>The drought conditions were also linked to a resur...</span>","Drought;Pest and disease"
"Guyana","BTR","<span title='Ecosystems and biodiversity are vulnerable to a range of climate parameters and hazards, including incremental changes in temperature and rainfall, sea level rise, increases in ocean temperature and pH, water availability, flooding, soil erosion and ground instability, wildfire and pests and diseases'>Ecosystems and biodiversity are vulnerable to a ra...</span>","Wildfire;Flood;Change in precipitation;Land degradation;Sea level rise;Sea temperature;Pest and disease"
"Indonesia","BTR","<span title='Indonesia's average annual air temperature has risen at a rate of 0.6°C per 30 years, according to data analysis from 116 stations covering the period from 1981 to 2023'>Indonesia's average annual air temperature has ris...</span>","Change in temperature"
"Indonesia","BTR","<span title='Temperature projections exhibit a consistent trend, with the most 100 extreme scenario predicting temperature increases of approximately ± 4°C by the century's'>Temperature projections exhibit a consistent trend...</span>","Change in temperature"
"Indonesia","BTR","<span title='The analysis of annual rainfall indicates that the majority of regions in Indonesia are experiencing increased precipitation, with some areas showing an increase of 200 to 300 mm over the past 30 years or more'>The analysis of annual rainfall indicates that the...</span>","Change in precipitation"
"Indonesia","BTR","<span title='The rise in high rainfall days in Indonesia serves as a significant indicator of the escalating risk of hydrometeorological disasters, particularly since the period from February to April typically experiences a reduction in rainy days'>The rise in high rainfall days in Indonesia serves...</span>","Change in precipitation"
"Indonesia","BTR","<span title='Rainfall in the rainy season has relatively increased, while in the dry season it tends to decrease.'>Rainfall in the rainy season has relatively increa...</span>","Change in precipitation"
"Indonesia","BTR","<span title='Future projections indicate an increase in the probability of drought events in Indonesia'>Future projections indicate an increase in the pro...</span>","Drought"
"Indonesia","BTR","<span title='Projections indicate that El Niño events are expected to increase in both frequency and intensity 104 as a result of rising global temperatures'>Projections indicate that El Niño events are expec...</span>",""
"Indonesia","BTR","<span title='The likelihood of forest and land fires is expected to rise in correlation with the increasing frequency of drought events'>The likelihood of forest and land fires is expecte...</span>","Drought;Wildfire"
"Indonesia","BTR","<span title='The occurrence of extreme events, including heatwaves, intense rainfall, extended dry periods, and tropical cyclones, is on the rise.'>The occurrence of extreme events, including heatwa...</span>","Extreme temperature;Storm;Change in precipitation"
"Indonesia","BTR","<span title='Climate hazards are becoming more frequent, characterized by a rise in extreme weather events, including floods, droughts, landslides, and forest and land fires'>Climate hazards are becoming more frequent, charac...</span>","Extreme temperature;Drought;Wildfire;Landslide;Flood"
"Ireland","BTR","Heatwave, Heatwave and drought, Cold spell","Extreme temperature;Drought"
"Ireland","BTR","<span title='Extreme Precipitation, River Flood, Pluvial Flood, Groundwater Flood, Landslide, Drought, Agricultural and Ecological Drought'>Extreme Precipitation, River Flood, Pluvial Flood,...</span>","Drought;Landslide;Flood;Change in precipitation"
"Ireland","BTR","Severe Windstorm","Storm"
"Ireland","BTR","Heavy Snowfall","Extreme temperature"
"Ireland","BTR","<span title='Increase in relative sea level, Storm surge, Coastal flooding, Coastal Erosion'>Increase in relative sea level, Storm surge, Coast...</span>","Storm;Flood;Land degradation;Sea level rise"
"Ireland","BTR","High temperatures","Extreme temperature"
"Kazakhstan","BTR","<span title='A consistent increase in average annual air temperatures has been observed across all regions of Kazakhstan from 1976 to 2023'>A consistent increase in average annual air temper...</span>","Change in temperature"
"Kazakhstan","BTR","<span title='Changes in precipitation patterns show limited long-term variability'>Changes in precipitation patterns show limited lon...</span>","Change in precipitation"
"Kazakhstan","BTR","<span title='Kazakhstan experiences diverse extreme weather events, including heavy snowfalls, snowstorms, and prolonged frosts during the cold season, as well as severe downpours, hail, and squally winds during the warm season'>Kazakhstan experiences diverse extreme weather eve...</span>","Extreme temperature;Storm"
"Kazakhstan","BTR","<span title='Heatwaves, aridity, and wildfires are also becoming more frequent.'>Heatwaves, aridity, and wildfires are also becomin...</span>","Extreme temperature;Drought;Wildfire"
"Kazakhstan","BTR","<span title='Aridity, which has historically affected grain-growing regions , is projected to increase significantly'>Aridity, which has historically affected grain-gro...</span>","Drought"
"Kazakhstan","BTR","Floods and mudflows are another significant threat","Flood"
"Kazakhstan","BTR","<span title='Kazakhstan experienced at least seven major floods between 1985 and 2024, with the most devastating occurring in 2010 and 2024 .'>Kazakhstan experienced at least seven major floods...</span>","Flood"
"Kazakhstan","BTR","<span title='Surface air temperatures in Kazakhstan are expected to continue rising across all seasons'>Surface air temperatures in Kazakhstan are expecte...</span>",""
"Kazakhstan","BTR","<span title='By 2100, under the highest emissions scenario (SSP5–8.5), average annual temperatures could increase by more than 6 °C, which is 3 °C higher than under the low-emissions scenario'>By 2100, under the highest emissions scenario (SSP...</span>","Change in temperature"
"Kazakhstan","BTR","<span title='By mid-century, precipitation in Kazakhstan is projected to increase by 7–8%, depending on emission scenarios, with the most significant increases in winter (20–35%). However, summer precipitation could decrease by 12%, exacerbating aridity and water scarcity during the growing season.'>By mid-century, precipitation in Kazakhstan is pro...</span>","Drought;Change in precipitation"
"Kazakhstan","BTR","<span title='Due to higher air temperatures, droughts, and evaporation, a decrease in water availability (humidity index) during the vegetation season by 8–17% is projected by 2050'>Due to higher air temperatures, droughts, and evap...</span>","Extreme temperature;Drought"
"Lithuania","BTR","<span title='The average air temperature is projected to increase from the current 7.3°C by between 1.2°C (RCP4.5) and 2.8°C (RCP8.5).'>The average air temperature is projected to increa...</span>",""
"Lithuania","BTR","<span title='Rising temperatures will increase the risk of heatwaves (days when the maximum temperature exceeds 30°C for at least three consecutive days). The average number of such days could increase from the current 2 days to 7 days per year'>Rising temperatures will increase the risk of heat...</span>","Extreme temperature;Change in temperature"
"Lithuania","BTR","<span title='Tropical nights (when night-time temperatures remain ≥ 20°C) are more common as the climate changes.'>Tropical nights (when night-time temperatures rema...</span>",""
"Lithuania","BTR","<span title='The number of cold days with daily minimum temperatures below -15°C will decrease from the current 5.8 days by 3 days under RCP4.5 and 4.7 days under RCP8.5, to an average of one cold day per year by the end of the century'>The number of cold days with daily minimum tempera...</span>","Change in temperature"
"Lithuania","BTR","<span title='The vegetation season is projected to become longer due to climate change. On average, the length of the vegetation season in Lithuania will increase from 16 (RCP4.5) to 37 (RCP8.5) days by the end of the century, compared to 206 days today.'>The vegetation season is projected to become longe...</span>",""
"Lithuania","BTR","<span title='The number of heating days below 10°C is projected to decrease as the climate changes. On average, in Lithuania, the decrease from the current 207 days will be between two weeks (RCP4.5) and one month (RCP8.5) by the end of the century'>The number of heating days below 10°C is projected...</span>",""
"Lithuania","BTR","<span title='The changing climate is expected to increase the number of cooling days with average temperatures above 15°C. On average in Lithuania, this will increase from the current 78 days to two weeks (RCP4.5) to one month (RCP8.5) by the end of the century'>The changing climate is expected to increase the n...</span>","Change in temperature"
"Lithuania","BTR","<span title='The risk of fire increases with increasing temperature and decreases with increasing precipitation. Both parameters increase with climate change, so the trend in fire risk under RCP4.5 is not clear, while under RCP8.5 the number of days at risk increases from the current 13.4 to 18.4'>The risk of fire increases with increasing tempera...</span>","Wildfire;Change in temperature;Change in precipitation"
"Lithuania","BTR","<span title='Shortwave solar radiation is projected to decrease slightly over the century from the current 115 W/m2 to 111 W/m2 in RCP4.5 and 108 W/m2 in RCP8.5.'>Shortwave solar radiation is projected to decrease...</span>",""
"Lithuania","BTR","<span title='Climate change will reduce the sunshine duration in Lithuania from the current 1,854 hours, ranging from 64 hours or 3.2% (RCP4.5) to 103 hours or 5.5% (RCP8.5).'>Climate change will reduce the sunshine duration i...</span>",""
"Lithuania","BTR","<span title='Lithuania is projected to receive an increase in precipitation from the current 684 mm (RCP4.5) by 42 mm or 6% to 98 mm or 14% (RCP8.5)'>Lithuania is projected to receive an increase in p...</span>","Change in precipitation"
"Lithuania","BTR","<span title='The number of days of heavy precipitation above 10 mm from the current 16 days will increase by 9% under RCP4.5 and 28.5% under RCP8.5, reaching 17.5 and 20.5 days respectively by the end of the century. T'>The number of days of heavy precipitation above 10...</span>","Change in precipitation"
"Lithuania","BTR","<span title='The number of very heavy precipitation days with precipitation totals above 20 mm will increase from the current 3.4 days by 9.5% under RCP4.5 and 38% under RCP8.5, to 3.7 and 4.7 days by the end of this century'>The number of very heavy precipitation days with p...</span>","Change in precipitation"
"Lithuania","BTR","<span title='Extreme rainfall or daily rainfall (mm) with 10-year recurrence period by the end of the century will increase from the current 54 mm to 58 mm (7%) under RCP4.5 and to 61 mm (12%) under RCP8.5.'>Extreme rainfall or daily rainfall (mm) with 10-ye...</span>","Change in precipitation"
"Lithuania","BTR","<span title='Future rainfall episodes can be expected to be more concentrated, increasing the risk of both extreme precipitation and dry spells'>Future rainfall episodes can be expected to be mor...</span>","Drought;Change in precipitation"
"Lithuania","BTR","<span title='For RCP4.5, the risk of drought increases after mid-century and returns to its current level of 4 days by the end of the century. For RCP8.5, drought risk will increase throughout the century and reach a value of 6.3 days by 2100.'>For RCP4.5, the risk of drought increases after mi...</span>","Drought"
"Lithuania","BTR","<span title='The number of days with snow cover is decreasing markedly as the climate changes. By the end of the century, it is projected to decrease from the current 8 weeks per winter to 5 weeks under RCP4.5 and only one week under RCP8.5.'>The number of days with snow cover is decreasing m...</span>","Extreme temperature"
"Lithuania","BTR","<span title='The number of freeze-thaw cycles decreases with climate change from the current 66 to the end of the century by 12 days (18%) under the RCP4.5 scenario and by 28 days (42%) under the RCP8.5 scenario.'>The number of freeze-thaw cycles decreases with cl...</span>","Extreme temperature"
"Lithuania","BTR","<span title='Climate change will lead to an average change in the Baltic Sea level ranging from 22 cm (RCP4.5 scenario) to 35 cm (RCP8.5 scenario).'>Climate change will lead to an average change in t...</span>","Sea level rise"
"Lithuania","BTR","<span title='The existing seasonality of sea levels, with higher sea levels observed during the storm season (October–January) and lower sea levels observed during the spring (April–May), will continue throughout the century'>The existing seasonality of sea levels, with highe...</span>","Storm;Sea level rise"
"Maldives","BTR","Strong winds","Storm"
"Maldives","BTR","Torrential rains","Storm"
"Maldives","BTR","Floods","Flood"
"Maldives","BTR","Storm surges","Storm"
"Maldives","BTR","Rising ambient temperatures",""
"Maldives","BTR","Prolonged dry periods",""
"Maldives","BTR","<span title='Sea swells and surges contribute to the salinisation of agricultural lands, degrading soil quality and impacting production'>Sea swells and surges contribute to the salinisati...</span>",""
"Maldives","BTR","<span title='Some climate scenarios predict that parts of the Maldives may experience droughts leading to challenges in water sourcing'>Some climate scenarios predict that parts of the M...</span>","Drought"
"Maldives","BTR","<span title='The Maldives is highly vulnerable to food supply disruptions due to extreme weather and fluctuations in supply and demand in import markets. Local distribution challenges, particularly delays in sea transport from rough weather, can also lead to food shortages on some islands and disrupt the availability of agricultural inputs like seeds and fertilisers.'>The Maldives is highly vulnerable to food supply d...</span>","Extreme temperature"
"Maldives","BTR","<span title='Assessments conducted in the North and South Maldives identified challenges for farmers in the islands, including limited finance, insufficient technical knowledge, pest control issues, difficulty accessing fertilisers, lack of awareness of best practices in fertiliser and pesticide use, crop loss due to heavy wind, rain, and droughts, lack of irrigation techniques and poor-quality groundwater with high salinity'>Assessments conducted in the North and South Maldi...</span>","Extreme temperature;Drought;Salinization;Pest and disease"
"Maldives","BTR","Rising sea levels","Sea level rise"
"Maldives","BTR","Coastal erosion","Land degradation;Sea level rise"
"Maldives","BTR","Extreme weather events","Extreme temperature"
"Maldives","BTR","<span title='Given the small size and natural layout of coral islands, key infrastructure and facilities are often built near the shoreline, increasing its exposure to climate-related impacts'>Given the small size and natural layout of coral i...</span>","Ocean acidification"
"Maldives","BTR","<span title='Coastal hazards such as sea swells, storm surges, and flooding present significant threats.'>Coastal hazards such as sea swells, storm surges, ...</span>","Storm;Flood"
"Maldives","BTR","<span title='Frequent heavy rains and sea surges cause flooding, property damage, and business disruptions, especially during the monsoon season when rainfall averages 150-230 mm per month'>Frequent heavy rains and sea surges cause flooding...</span>","Storm;Flood;Change in precipitation"
"Maldives","BTR","<span title='Climate models have shown that the rise in mean atmospheric temperature, increase in the number of warm days, increased precipitation and extreme weather events are the main climate drivers that are likely to impact health in the Maldives'>Climate models have shown that the rise in mean at...</span>","Extreme temperature;Change in temperature;Change in precipitation"
"Maldives","BTR","<span title='Flooding incidents in the Maldives have increased, contributing to outbreaks of waterborne diseases'>Flooding incidents in the Maldives have increased,...</span>","Flood;Pest and disease"
"Maldives","BTR","<span title='Factors such as temperature, precipitation, and humidity directly influence the life cycles of vectors and pathogens, as well as the transmission of waterborne and foodborne diseases. Climate change exacerbates these conditions, potentially hindering progress in controlling disease spread'>Factors such as temperature, precipitation, and hu...</span>","Change in precipitation;Pest and disease"
"Maldives","BTR","<span title='The key climatic stressors on freshwater resources in the Maldives include sea-level rise, which causes saltwater intrusion into aquifers, and changing rainfall patterns, marked by fewer rainy days and more intense storms, leading to water shortages.'>The key climatic stressors on freshwater resources...</span>","Storm;Change in precipitation;Salinization;Sea level rise"
"Maldives","BTR","<span title='The Maldives’ tourism industry is highly susceptible to natural disasters, external shocks, and global crises. This vulnerability was starkly illustrated by the 2004 Indian Ocean tsunami, which resulted in a 33% decline in visitor numbers in 2005, over USD 230 million in damages to tourism infrastructure and businesses, and a total asset loss estimated at 62% of GDP'>The Maldives’ tourism industry is highly susceptib...</span>",""
"Maldives","BTR","<span title='Rising temperatures cause seasonal changes and unpredictability, which may impact tourist arrivals, raise cooling costs for tourism operations, heighten heat stress for visitors, and could lead to a surge in infectious diseases, thereby reducing the destination’s appeal'>Rising temperatures cause seasonal changes and unp...</span>","Extreme temperature;Change in temperature;Pest and disease"
"Maldives","BTR","<span title='Research indicates that stocks of tropical species could decline by as much as 40% by the 2050s under the RCP8.5 emissions scenario'>Research indicates that stocks of tropical species...</span>",""
"Maldives","BTR","<span title='Ocean warming and ocean acidification are identified as the primary climate change factors likely to affect fisheries in the Maldives, with IPCC assessments noting significant shifts in marine species’ geographic ranges, seasonal activities and migration patterns. These shifts
adversely affect food production from aquaculture and fisheries'>Ocean warming and ocean acidification are identifi...</span>","Ocean acidification"
"Maldives","BTR","<span title='Projections indicate that atmospheric CO2 concentrations, currently at 380 ppm, could rise to between 540 and 970 ppm by 2100. This significant increase is expected to alter seawater pH (Orr et al., 2005), and carbonate concentrations due to CO2 exchange with seawater'>Projections indicate that atmospheric CO2 concentr...</span>",""
"Maldives","BTR","<span title='Climate factors include change in precipitation, temperature, wind direction and speed'>Climate factors include change in precipitation, t...</span>","Change in precipitation"
"Maldives","BTR","<span title='Rising sea levels and changing weather patterns due to climate change exacerbate the intensity and frequency of hydrometeorological hazards, posing significant threats to livelihoods and wellbeing'>Rising sea levels and changing weather patterns du...</span>","Sea level rise"
"Luxembourg","BTR","<span title='Observations over the last few decades have shown a gradual increase in long-term average annual temperatures'>Observations over the last few decades have shown ...</span>","Change in temperature"
"Luxembourg","BTR","<span title='There is also great regional variability in rainfall distribution'>There is also great regional variability in rainfa...</span>","Change in precipitation"
"Luxembourg","BTR","<span title='One of the main trends linked to climate change is the rise in global temperatures'>One of the main trends linked to climate change is...</span>",""
"Luxembourg","BTR","<span title='According to forecasts, Luxembourg will also experience warmer average temperatures'>According to forecasts, Luxembourg will also exper...</span>","Extreme temperature;Change in temperature"
"Luxembourg","BTR","<span title='Future climate projections from the nested regional climate models show a consistent increase in air temperatures for all three variables and all RCPs'>Future climate projections from the nested regiona...</span>",""
"Luxembourg","BTR","<span title='Climate projections indicate changes in rainfall patterns for Luxembourg. The trend is towards more variable and potentially more intense rainfall, leading to an increased risk of flooding and erosion'>Climate projections indicate changes in rainfall p...</span>","Flood;Change in precipitation;Land degradation"
"Luxembourg","BTR","<span title='Drought periods could be longer, which could have a negative impact on water resources due to greater water consumption and more pronounced low-water periods.'>Drought periods could be longer, which could have ...</span>","Drought"
"Luxembourg","BTR","<span title='The risk of flooding is the most present natural risk in Luxembourg that could affect a large number of people and cause the most economic damage'>The risk of flooding is the most present natural r...</span>","Flood"
"Luxembourg","BTR","<span title='Extreme temperatures harm people and the environment by having a significant impact on human health. Heatwaves place heavy demands on the cardiovascular system, which can lead to serious illness and, in extreme cases, death. These effects can also lead to direct or indirect health problems, such as the intensification of existing infectious diseases and the spread of new infectious diseases'>Extreme temperatures harm people and the environme...</span>","Extreme temperature;Pest and disease"
"Luxembourg","BTR","<span title='These heatwave periods will also be accentuated by an increase in “tropical nights”, which could have a particularly serious impact on the health of the most vulnerable.'>These heatwave periods will also be accentuated by...</span>","Extreme temperature"
"Luxembourg","BTR","<span title='Frost can help control pests and pathogens in agricultural crops. Severe frost can kill some pests and their eggs, delaying or preventing the establishment of a pest population that impacts yield. This is particularly important in the event of frost-related mortality of sucking insects, which are vectors of economically important plant pathogens (e.g., virus diseases of potatoes or barley).'>Frost can help control pests and pathogens in agri...</span>","Extreme temperature;Pest and disease"
"Seychelles","BTR","<span title='Seychelles is experiencing steady warming, with annual mean temperature at the Seychelles International Airport having increased by +0.9°C since 1972 or an average rate of about +0.18°C per decade'>Seychelles is experiencing steady warming, with an...</span>","Change in temperature"
"Seychelles","BTR","<span title='The annual mean temperature anomaly over the last 15 years has increased by about +0.3°C, while the anomaly for 2023 alone was +0.55°C above the normal, which is the third highest on record since 1972, only being exceeded by the previous highs of +0.8°C in 2020 and +0.6°C in 2019'>The annual mean temperature anomaly over the last ...</span>","Change in temperature"
"Seychelles","BTR","<span title='This trend is projected to accelerate, with annual mean temperatures potentially increasing by 0.5-4°C above the 1981-2010 baseline by 2100.'>This trend is projected to accelerate, with annual...</span>","Change in temperature"
"Seychelles","BTR","<span title='While total annual precipitation is expected to remain relatively stable, significant changes in seasonal patterns and extremes are projected'>While total annual precipitation is expected to re...</span>","Change in precipitation"
"Seychelles","BTR","<span title='The annual long-term tide gauge trend at Point La Rue (Seychelles) shows a rise in sea level of approximately +0.54 cm yr−1. It is to be noted that there has been significant inter-annual variation in the mean sea level over the Seychelles observed from the tide gauge records. This suggests that the variations could be due to the different phases and types of climate drivers like ENSO, IOD and MJO, rather than just to the impact of climate change.'>The annual long-term tide gauge trend at Point La ...</span>","Sea level rise"
"Seychelles","BTR","<span title='The projections show that the impact of climate change could increase much faster and by 2100, sea level rise could range between 0.5m (SSP1- 2.6) and 0.9m (SSP5-8.5) relative to the baseline of 1995-2014. This could be an indication that the impact of climate change on the ocean could increase further with time, with higher tides and larger waves, threatening coastal areas with erosion, saltwater intrusion, and increased flooding'>The projections show that the impact of climate ch...</span>","Flood;Salinization;Land degradation;Sea level rise"
"Seychelles","BTR","<span title='While the total number of tropical cyclones may decrease in the Southwest Indian Ocean, the intensity of storms is likely to increase. Some of the Southern Outer Islands have suffered from cyclones in the past and remain at risk of direct cyclone impacts, while the Inner Islands will continue to experience intensified rainfall from 359 cyclone-related feeder bands'>While the total number of tropical cyclones may de...</span>","Storm;Change in precipitation"
"Seychelles","BTR","<span title='Sea surface temperatures are projected to rise by approximately 1.6°C by 2100 (from 28.58°C to 30.18°C) if current warming trend of +0.02°C per year continues. This trend will likely contribute to more intense precipitation events, stronger tropical cyclones, and increased stress on marine ecosystems, particularly coral reefs.'>Sea surface temperatures are projected to rise by ...</span>","Storm;Change in precipitation;Sea temperature;Ocean acidification"
"Seychelles","BTR","<span title='The coastal management sector faces unprecedented challenges from climate change as a result of increasing vulnerabilities from sea level rise, coastal erosion, coral bleaching, intensified high tides and large waves (wind, sea and swell), and changing precipitation patterns that directly threaten the coastal areas.'>The coastal management sector faces unprecedented ...</span>","Change in precipitation;Land degradation;Sea level rise;Ocean acidification"
"Seychelles","BTR","<span title='Prolonged erosion of coral reefs following mass coral bleaching events have reduced the height of coral reefs and their ability to dampen wave action. This have resulted in larger waves reaching the shores. When these larger waves coincide with high spring tides and the Southeast Monsoon when the sea conditions are rougher, incidences of waves washing onto coastal roads are regularly observed'>Prolonged erosion of coral reefs following mass co...</span>","Land degradation;Ocean acidification"
"Seychelles","BTR","<span title='In 2024, when high rainfall coincided with high spring tide, it resulted in severe flooding at Pointe Larue, which necessitated the traffic being diverted along the runway at the Seychelles international airport.'>In 2024, when high rainfall coincided with high sp...</span>","Flood;Change in precipitation"
"Seychelles","BTR","<span title='The changing precipitation patterns have increased landslide frequency, particularly on the granitic islands with their steep terrain. The Seychelles record a major landslide event almost every year. These events often result in the destruction of homes, roads, water, electricity and communication infrastructures, and sometime the loss of life'>The changing precipitation patterns have increased...</span>","Landslide;Change in precipitation"
"Seychelles","BTR","<span title='Projections indicate that Seychelles will endure a continuous increase in annual air temperatures, with a pronounced acceleration anticipated post2035, particularly under worst-case scenarios. This rise in temperature is expected to amplify the frequency of exceptionally warm days, posing direct risks to the operation of certain critical infrastructure such as hospitals, health centres, government offices, fossil fuel storage areas, petrol stations, food storage depots, etc'>Projections indicate that Seychelles will endure a...</span>","Extreme temperature;Change in temperature"
"Seychelles","BTR","<span title='In recent years, farmers have observed more extreme rainfall patterns, with more intense downpours followed by extended dry periods'>In recent years, farmers have observed more extrem...</span>","Change in precipitation"
"Seychelles","BTR","<span title='Rising sea levels present another serious threat, as saltwater intrusion contaminates the limited freshwater resources available for irrigation.'>Rising sea levels present another serious threat, ...</span>","Salinization;Sea level rise"
"Seychelles","BTR","<span title='Temperature increases have also expanded the range of agricultural pests and diseases previously uncommon in Seychelles. Since 2018, cassava farmers have battled increasing infestations of the cassava mealybug (Phenacoccus manihoti), which was previously kept in check by cooler seasonal temperatures. Similarly, the papaya mealybug (Paracoccus marginatus) has caused significant damage to papaya crops, with some farmers reporting yield reductions of up to 40%.'>Temperature increases have also expanded the range...</span>","Change in temperature;Pest and disease"
"Seychelles","BTR","<span title='Observed impacts include rising sea levels leading to increased erosion and submersion of coastal habitats, affecting the distribution and health of mangroves and seagrasses.'>Observed impacts include rising sea levels leading...</span>","Land degradation;Sea level rise"
"Seychelles","BTR","<span title='Temperature changes are causing heat stress in blue carbon ecosystems, resulting in reduced growth rates and increased mortality in temperature-sensitive species'>Temperature changes are causing heat stress in blu...</span>","Extreme temperature;Change in temperature"
"Seychelles","BTR","<span title='When coupled with thermal stress, ocean acidification have been found to affect the performance of seagrass and associated marine life, and has the potential to alter carbon cycling in marine ecosystems.'>When coupled with thermal stress, ocean acidificat...</span>","Ocean acidification"
"Seychelles","BTR","<span title='Extreme weather events, such as storms and cyclones, can cause direct physical damage to mangrove forests and seagrass beds, while ocean acidification affects calcifying organisms that live in seagrass ecosystems and potentially alters nutrient availability.'>Extreme weather events, such as storms and cyclone...</span>","Extreme temperature;Storm;Ocean acidification"
"Seychelles","BTR","<span title='Past climate data indicates that over the last 30 years, Seychelles have experienced rising temperatures and changes in rainfall patterns.'>Past climate data indicates that over the last 30 ...</span>","Change in temperature;Change in precipitation"
"Seychelles","BTR","<span title='Therefore, a change in the rainfall pattern and rainfall intensity for the Seychelles is likely to have important negative effect on the reproductive patterns of many terrestrial animals and plants, especially the endemics.'>Therefore, a change in the rainfall pattern and ra...</span>","Change in precipitation"
"Seychelles","BTR","<span title='In Seychelles, average day and night temperatures have increased steadily over the past four decades, increasing the number of warm days and reducing sleep quality.'>In Seychelles, average day and night temperatures ...</span>","Change in temperature"
"Seychelles","BTR","<span title='Exposure to heat is associated with reduced educational performance, work productivity, and increased risks for cardiovascular diseases, diabetes, and kidney disease.'>Exposure to heat is associated with reduced educat...</span>","Pest and disease"
"Seychelles","BTR","<span title='Although total rainfall is not expected to change, it is likely to occur in heavier downpours, often with tropical cyclones. This increases the risk for acute weather-related events such as flooding, high tides and large waves, and landslides, causing direct damage to property and infrastructure, injuries, and deaths. Heavy rainfall creates a conducive environment for mosquito-borne diseases (Dengue, Chikungunya), rat-borne diseases (Leptospirosis), and water-borne diseases.'>Although total rainfall is not expected to change,...</span>","Storm;Landslide;Flood;Change in precipitation;Pest and disease"
"Seychelles","BTR","<span title='Sea level rise is already damaging coastal health infrastructure and increasing soil salinity, potentially reducing agricultural productivity and presenting a nutritional security risk'>Sea level rise is already damaging coastal health ...</span>","Salinization;Sea level rise"
"Seychelles","BTR","<span title='Drier weather conditions have likely contributed to landfill fires, increasing air pollution and associated respiratory and cardiovascular risks. There have been incidents of smoke from overseas fires affecting Seychelles, as in February 2025, when air quality monitoring recorded a sixfold increase in the Air Quality Index'>Drier weather conditions have likely contributed t...</span>","Wildfire"
"Seychelles","BTR","<span title='Rising sea levels are threatening coastal areas with erosion, saltwater intrusion, and increased coastal flooding'>Rising sea levels are threatening coastal areas wi...</span>","Flood;Salinization;Land degradation;Sea level rise"
"Seychelles","BTR","<span title='Increasing extreme rainfall events have intensified the frequency and severity of floods, as evidenced by the December 2023 floods where over 300mm of rainfall in 24 hours impacted northern Mahe causing displacement, economic losses, and infrastructure
damage.'>Increasing extreme rainfall events have intensifie...</span>","Flood;Change in precipitation"
"Seychelles","BTR","<span title='The country has already experienced a temperature rise, creating additional stress on disaster management systems.'>The country has already experienced a temperature ...</span>","Change in temperature"
"Malta","BTR","Higher temperatures","Change in temperature"
"Malta","BTR","Change in precipitation patterns","Change in precipitation"
"Malta","BTR","Sea level rise","Sea level rise"
"Malta","BTR","Ocean acidification and warming","Ocean acidification"
"Mauritius","BTR","<span title='Mauritius recently suffered a flooding event in Port Louis in January 2024 after the passing of cyclone Belal'>Mauritius recently suffered a flooding event in Po...</span>","Storm;Flood"
"Mauritius","BTR","<span title='In April 2024, experienced torrential rainfall and flooding'>In April 2024, experienced torrential rainfall and...</span>","Storm;Flood;Change in precipitation"
"Mauritius","BTR","<span title='It is projected that in the future the climate-related adversities and the negative impacts associated with them will increase. These would include extreme temperatures, erratic rainfalls, and sea level rise.'>It is projected that in the future the climate-rel...</span>","Extreme temperature;Change in precipitation;Sea level rise"
"Mauritius","BTR","<span title='It is also estimated Mauritius will be a water scarce region by the year 2030'>It is also estimated Mauritius will be a water sca...</span>",""
"Mauritius","BTR","<span title='Projections also indicate distortions in climatic conditions like reduced precipitation by 13 per cent by 2050'>Projections also indicate distortions in climatic ...</span>","Change in precipitation"
"Mauritius","BTR","<span title='The island is expected to experience a major increase in hot days and nights, there will be a greater number of days exceeding the temperature of 35 degrees Celsius between November to May by 2050, which will surpass the observed values of 1986 to 2005'>The island is expected to experience a major incre...</span>","Extreme temperature"
"Mauritius","BTR","<span title='Mauritius’ maximum and minimum temperatures exhibit a warming trend'>Mauritius’ maximum and minimum temperatures exhibi...</span>","Extreme temperature;Change in temperature"
"Mauritius","BTR","<span title='Long-term time series of rainfall amount over the past century show a decreasing trend in annual rainfall over Mauritius'>Long-term time series of rainfall amount over the ...</span>","Change in precipitation"
"Mauritius","BTR","<span title='Rainfall variability has increased the frequency of dry years since the 1990s, with notable instances affecting the country in 1999, 2009, and 2011'>Rainfall variability has increased the frequency o...</span>","Change in precipitation"
"Mauritius","BTR","<span title='The observed sea level in Mauritius (based on the analysis of tide data from Port Louis tide gauge) shows a mean rise of 4.7 mm/yr for the period 1987 to 2020'>The observed sea level in Mauritius (based on the ...</span>","Sea level rise"
"Mauritius","BTR","<span title='The number of storm formations over the last 32 years (1975- 2008) clearly shows an increasing trend in the number of tropical cyclone strength and above that is cyclonic wind above 165 km/hr. Furthermore, since the last decade observations indicate rapid or even explosive intensification of tropical storms/cyclones'>The number of storm formations over the last 32 ye...</span>","Storm"
"Mauritius","BTR","<span title='Even though the number of rainy days is decreasing, heavy/torrential rain events leading to numerous flash floods and temporary interruption of certain socio-economic activities during the summer months of February and March had increased. The frequency of short duration and high intensity rain had increased since the last two decade'>Even though the number of rainy days is decreasing...</span>","Storm;Flood"
"Mauritius","BTR","Landslides","Landslide"
"Mauritius","BTR","Decrease of annual rainfall","Change in precipitation"
"Mauritius","BTR","Increase in extreme precipitation","Change in precipitation"
"Mauritius","BTR","Increased run-off and evapotranspiration","Extreme temperature"
"Mauritius","BTR","Increased cyclonic activity","Storm"
"Mauritius","BTR","Extreme weather events","Extreme temperature"
"Mauritius","BTR","Heat",""
"Mauritius","BTR","Flooding and drought","Drought;Flood"
"Mauritius","BTR","Extreme weather events","Extreme temperature"
"Mauritius","BTR","Flooding","Flood"
"Mauritius","BTR","Seal level rise",""
"Montenegro","BTR","<span title='Climate monitoring and assessments show that Montenegro's climate is changing as a result of global climate change and variability. The clearest indicators are: a significant increase in air temperature, an increase in sea surface temperature and soil temperature at depths, changes in extreme weather and climatic events'>Climate monitoring and assessments show that Monte...</span>","Extreme temperature;Sea temperature"
"Montenegro","BTR","<span title='More frequent extremely high maximum and minimum temperatures'>More frequent extremely high maximum and minimum t...</span>","Extreme temperature;Change in temperature"
"Montenegro","BTR","More frequent and longer heat waves","Extreme temperature"
"Montenegro","BTR","A greater number of very warm days and nights",""
"Montenegro","BTR","Fewer frosty days and very cold days and nights","Extreme temperature"
"Montenegro","BTR","<span title='More frequent occurrence of droughts accompanied by high temperatures and heat waves'>More frequent occurrence of droughts accompanied b...</span>","Extreme temperature;Drought"
"Montenegro","BTR","A large number of forest fires;","Wildfire"
"Montenegro","BTR","<span title='Interruption of the dry period accompanied by heavy precipitation;'>Interruption of the dry period accompanied by heav...</span>","Change in precipitation"
"Montenegro","BTR","<span title='More frequent occurrence of storms (cyclones) during the colder half of the year'>More frequent occurrence of storms (cyclones) duri...</span>","Storm"
"Montenegro","BTR","Reducing the number of consecutive wet days",""
"Montenegro","BTR","<span title='Reducing the number of days with heavy precipitation'>Reducing the number of days with heavy precipitati...</span>","Change in precipitation"
"Montenegro","BTR","Increase in the intensity of precipitation","Change in precipitation"
"Montenegro","BTR","<span title='The results of the SPEI (standard precipitation evaporation index) analysis show that from 1981 to 1990 moderate to very severe droughts occur more frequently and that their trend is negative with age.'>The results of the SPEI (standard precipitation ev...</span>","Extreme temperature;Drought;Change in precipitation"
"Montenegro","BTR","<span title='The driest years were 2011 and 2012 when agricultural drought developed into a hydrological drought. The driest years were 2011 and 2012 when agricultural drought developed into a hydrological drought'>The driest years were 2011 and 2012 when agricultu...</span>","Drought"
"Montenegro","BTR","<span title='In karst fields during the spring, floods periodically occur due to prolonged precipitation and melting of snow and water reserves in the soil. Such floods have hit the Cetinje field several times and caused extensive damage to buildings'>In karst fields during the spring, floods periodic...</span>","Extreme temperature;Flood;Change in precipitation"
"Montenegro","BTR","<span title='Storms (highly developed cyclones) have occurred more often and more intensely since 1998, bringing, especially to the coast, large amounts of precipitation, stormy to hurricane-like wind gusts, high waves and flooding of a wide area along the coast.'>Storms (highly developed cyclones) have occurred m...</span>","Storm;Flood;Change in precipitation"
"Montenegro","BTR","<span title='A series of cyclones and local instabilities were recorded during the decade 2001-2010 and 2011-2020 accompanied by heavy rains, floods, snowfall and gusty winds.'>A series of cyclones and local instabilities were ...</span>","Extreme temperature;Storm;Flood"
"Montenegro","BTR","<span title='In the coming decades, the average annual temperature in Montenegro will increase according to both analysed scenarios. Under the RCP4.5 scenario, this increase will be less pronounced in the second half of the century, after greenhouse gas emissions stabilise'>In the coming decades, the average annual temperat...</span>","Change in temperature"
"Montenegro","BTR","<span title='According to the RCP4.5 scenario, the average annual precipitation in the middle and end of the 21st century will decrease in the largest part of the territory of Montenegro, but mostly to -5% compared to the reference period.'>According to the RCP4.5 scenario, the average annu...</span>","Change in precipitation"
"Montenegro","BTR","<span title='Along with the increase in temperature, the number of summer days, tropical days and tropical nights is expected to continue to increase, and the number of frosty days is expected to decrease.'>Along with the increase in temperature, the number...</span>","Extreme temperature;Change in temperature"
"Montenegro","BTR","<span title='Due to the increase in temperature, the growing season is expected to be extended, which will start earlier and end later'>Due to the increase in temperature, the growing se...</span>","Change in temperature"
"Montenegro","BTR","<span title='The number of heat waves will increase the most in the south of the country'>The number of heat waves will increase the most in...</span>","Extreme temperature"
"Montenegro","BTR","<span title='An increase in the number of days with intense precipitation is certain in the north of Montenegro.'>An increase in the number of days with intense pre...</span>","Change in precipitation"
"Montenegro","BTR","<span title='In the previous, Third National Communication of Montenegro (TNC) under the UNFCCC, the biggest climate threats were identified as increasing temperatures, drought and intense rainfall.'>In the previous, Third National Communication of M...</span>","Drought;Change in temperature;Change in precipitation"
"Montenegro","BTR","<span title='In the TNC, the main climate hazards related to the forestry sector were CO2 concentrations, increasing temperatures, changes in precipitation regimes and the intensity and frequency of extreme weather events.'>In the TNC, the main climate hazards related to th...</span>","Extreme temperature;Change in temperature;Change in precipitation"
"Montenegro","BTR","<span title='For the agriculture sector the most relevant climate hazards identified in the TNC are rising temperatures, decreasing precipitation, and more frequent occurrences of droughts and floods.'>For the agriculture sector the most relevant clima...</span>","Drought;Flood;Change in temperature;Change in precipitation"
"Montenegro","BTR","<span title='In coastal areas, the most significant climate hazards are rising temperatures, decreasing precipitation, flooding and storms with strong winds'>In coastal areas, the most significant climate haz...</span>","Storm;Flood;Change in temperature;Change in precipitation"
"Montenegro","BTR","<span title='Rising temperatures, extreme temperatures, and flooding are recognised in TNC as having the most significant impact on human health.'>Rising temperatures, extreme temperatures, and flo...</span>","Extreme temperature;Flood;Change in temperature"
"Montenegro","BTR","<span title='Rising temperatures, hot and cold waves, droughts, intense precipitation, floods, changes in precipitation patterns and rising sea levels affect the health and lives of people in urban areas, as well as economic sectors such as tourism and agriculture, water availability, energy production, and the environment.'>Rising temperatures, hot and cold waves, droughts,...</span>","Extreme temperature;Drought;Flood;Change in temperature;Change in precipitation;Sea level rise"
"Norway","BTR","<span title='Norway has experienced an increasing frequency of heavy rain causing flood and landslides.'>Norway has experienced an increasing frequency of ...</span>","Storm;Landslide;Flood"
"Norway","BTR","<span title='In Norway, warming is taking place faster than the global average. The average temperature in mainland Norway is now more than 1.2 degrees Celsius higher than at the beginning of the 20th century'>In Norway, warming is taking place faster than the...</span>","Change in temperature"
"Norway","BTR","<span title='The strong warming in the Arctic is linked to the decline of sea ice in the Barents Sea and in the fjords of Svalbard. With less sea ice, the sea becomes more open and darker and absorbs more heat. This, in turn, melts more sea ice.'>The strong warming in the Arctic is linked to the ...</span>","Extreme temperature"
"Norway","BTR","<span title='The average annual precipitation in Norway has increased by 18 per cent since 1900, and episodes of heavy precipitation have become more intense and more frequent'>The average annual precipitation in Norway has inc...</span>","Change in precipitation"
"Norway","BTR","<span title='Higher temperatures also cause more precipitation to fall as rain rather than snow, resulting in among others shorter snow seasons and earlier spring floods'>Higher temperatures also cause more precipitation ...</span>","Extreme temperature;Flood;Change in temperature;Change in precipitation"
"Norway","BTR","<span title='The glaciers also have retreated significantly over the past century.'>The glaciers also have retreated significantly ove...</span>","Extreme temperature"
"Norway","BTR","<span title='The average annual temperature in Norway may become more than 4 degrees Celsius higher during the 21st century. The biggest change in temperature will be during winter. The increase will be greater the further north you go, with Svalbard potentially becoming up to 10 degrees Celsius warmer'>The average annual temperature in Norway may becom...</span>","Extreme temperature;Change in temperature"
"Norway","BTR","<span title='The average annual precipitation may increase by just under 20 per cent across mainland Norway and by more than 60 per cent in Svalbard during the 21st century'>The average annual precipitation may increase by j...</span>","Change in precipitation"
"Norway","BTR","<span title='More precipitation, especially over short periods of time, increases the risk of stormwater and of more frequent and extensive rainwater flooding. Periods of heavy precipitation may result in more landslides and debris floods.'>More precipitation, especially over short periods ...</span>","Storm;Landslide;Flood;Change in precipitation"
"Norway","BTR","<span title='Permafrost is now thawing at an ever-increasing rate and will continue to do so throughout the 21st century.'>Permafrost is now thawing at an ever-increasing ra...</span>","Extreme temperature"
"Norway","BTR","Ice will also retreat or disappear","Extreme temperature"
"Norway","BTR","<span title='Norwegian waters and coastal areas are also becoming warmer and more acidic'>Norwegian waters and coastal areas are also becomi...</span>","Extreme temperature;Ocean acidification"
"Norway","BTR","<span title='The sea level along the coast of Norway is now rising by just above three millimetres per year.This is expected to accelerate in future, although land uplift after the last ice age will reduce the effect in some coastal areas.'>The sea level along the coast of Norway is now ris...</span>","Extreme temperature;Sea level rise"
"Norway","BTR","<span title='The Indigenous Sámi population, along with their traditions and livelihoods, are already experiencing significant negative impacts in the Arctic. These include higher temperatures and precipitation, permafrost thaw, loss of sea and land ice, changes in snow cover, extreme weather events, and northward shifts of species.'>The Indigenous Sámi population, along with their t...</span>","Extreme temperature;Change in temperature;Change in precipitation"
"Poland","BTR","<span title='In the decade 2001-2010, the catastrophic effects of floods were the biggest problem, while currently losses caused by water shortages are becoming particularly acute'>In the decade 2001-2010, the catastrophic effects ...</span>","Flood"
"Poland","BTR","<span title='Before 2010, damage to infrastructure due to floods was the most common, whereas currently the costs of extreme phenomena are felt most by agriculture, which suffers measurable losses due to unfavourable weather conditions e.g., spring frost, hurricanes, flooding and flash floods, adverse effects of overwintering, drought, etc'>Before 2010, damage to infrastructure due to flood...</span>","Extreme temperature;Drought;Flood"
"Poland","BTR","<span title='Air temperature is increasing from decade to decade. Since the middle of the 20th century, the average annual air temperature has increased by 0.30˚C in 10 years on average, reaching a value that is more than 2.0˚C higher than at the beginning of the period'>Air temperature is increasing from decade to decad...</span>","Change in temperature"
"Poland","BTR","<span title='A characteristic feature of Poland's climate is the high interannual variability of air temperature, which is manifested in the occurrence of years that are markedly cooler than average, although this happens much less frequently than before 1991'>A characteristic feature of Poland's climate is th...</span>",""
"Poland","BTR","<span title='The strong fluctuations in precipitation during the last decade, described according to Kaczorowska's classification of pluvial conditions, which is based on the percentage deviation of precipitation in a given year from the precipitation norm for a given location, is characterised by the occurrence of consecutive dry and wet periods'>The strong fluctuations in precipitation during th...</span>","Change in precipitation"
"Poland","BTR","<span title='There has been a change in the structure of precipitation over the most part of Poland with a sharp increase in the number of days with extreme precipitation.'>There has been a change in the structure of precip...</span>","Change in precipitation"
"Poland","BTR","<span title='The moderate RCP4.5 scenario assumes a further increase in atmospheric carbon dioxide concentration – to 540 ppm in 2100 – and to reach a radiative forcing of 4.5 W/m2 , while the extrapolation scenario RCP8.5 corresponds to an increase in CO2 concentration to 940 ppm and radiative forcing to 8.5 W/m2 in 2100.'>The moderate RCP4.5 scenario assumes a further inc...</span>",""
"Poland","BTR","<span title='The average annual air temperature in Poland shows an increasing trend by the end of the 21st century by 1.3˚C according to the RCP4.5 scenario, and even by more than 3˚C according to the RCP 8.5 scenario, compared to the 2011-2020 multiyear period.'>The average annual air temperature in Poland shows...</span>","Change in temperature"
"Poland","BTR","<span title='The number of hot days (with a maximum temperature ≥30°C) per year increases by an average of 3 days (RCP4.5) to 6 days (RCP8.5) in Poland.'>The number of hot days (with a maximum temperature...</span>","Extreme temperature"
"Poland","BTR","<span title='The number of tropical nights, with a minimum temperature above 20°C, shows an increasing trend, by 2060 quite similar in both scenarios, increasing by 6-times by the end of the century compared to the current decade in the RCP 8.5 scenario.'>The number of tropical nights, with a minimum temp...</span>",""
"Poland","BTR","<span title='The number of cold days (with a maximum temperature <0˚C) will decrease, on average, by 10 days by 2060 compared to the decade 2011—2020, especially in the east and northeast of the country.'>The number of cold days (with a maximum temperatur...</span>",""
"Poland","BTR","<span title='The projected warming may intensify the hydrological cycle'>The projected warming may intensify the hydrologic...</span>",""
"Poland","BTR","<span title='Strong seasonal variability of precipitation, characterised by the occurrence of more or less wet periods, will be marked'>Strong seasonal variability of precipitation, char...</span>","Change in precipitation"
"Poland","BTR","<span title='Annual precipitation will increase by the end of the century compared to the current climate by nearly 50 mm according to RCP4.5 and nearly 100 mm according to the RCP8.5 scenario'>Annual precipitation will increase by the end of t...</span>","Change in precipitation"
"Poland","BTR","<span title='Precipitation patterns will change, mainly during the warm season. Precipitation will be more heavy, short-lasting, damaging,, causing flash floods with increasing frequency'>Precipitation patterns will change, mainly during ...</span>","Flood;Change in precipitation"
"Poland","BTR","<span title='Increasingly important are the threats resulting from strong winds accounting for more than 59% of interventions in the period 2010—2022.'>Increasingly important are the threats resulting f...</span>","Storm"
"Poland","BTR","<span title='The second threat accounting for 27% of emergency service interventions is heavy rainfall.'>The second threat accounting for 27% of emergency ...</span>","Extreme temperature;Storm;Change in precipitation"
"Poland","BTR","<span title='Due to the more frequent occurrence of intense precipitation, the threat of flooding, which is an extreme, often violent phenomenon, is increasing.'>Due to the more frequent occurrence of intense pre...</span>","Flood;Change in precipitation"
"Poland","BTR","<span title='Landslides are among the most dangerous and common geohazards in Poland. They cause damage to infrastructure, crops, stands of trees and general degradation of areas affected by mass earth movements. Landslides cause huge losses every year, but above all they threaten the livelihoods and even the lives of local residents.'>Landslides are among the most dangerous and common...</span>","Landslide"
"Poland","BTR","<span title='The phenomenon of drought has intensified in recent years, becoming an increasing problem due to environmental and economic damage, nuisance and even danger to the population.'>The phenomenon of drought has intensified in recen...</span>","Drought"
"Poland","BTR","Heat",""
"Poland","BTR","Cold",""
"Poland","BTR","Flooding and flash floods","Flood"
"Poland","BTR","Vector-borne diseases","Pest and disease"
"Poland","BTR","Heat",""
"Poland","BTR","Drought and water shortages","Drought"
"Poland","BTR","Spring frost","Extreme temperature"
"Poland","BTR","<span title='Long-term droughts and desertification threaten waterdependent ecosystems: rivers, lakes, wet meadows and swampy forests and peatlands'>Long-term droughts and desertification threaten wa...</span>","Drought;Land degradation"
"Poland","BTR","<span title='Lack of rainfall also increases the risk of fires in forest ecosystems, meadows, degraded peatlands'>Lack of rainfall also increases the risk of fires ...</span>","Wildfire;Change in precipitation"
"Poland","BTR","<span title='Heavy rains and violent thunderstorms pose a danger to forest ecosystems'>Heavy rains and violent thunderstorms pose a dange...</span>","Storm"
"Nepal","BTR","<span title='A climate trend analysis conducted by the Department of Hydrology and Meteorology (DHM) in 2017 indicates that Nepal’s annual maximum temperature is rising at a rate of 0.056°C per year, while the minimum temperature is increasing at a much slower and statistically insignificant rate of 0.002°C per year (between 1971 and 2014).'>A climate trend analysis conducted by the Departme...</span>",""
"Nepal","BTR","<span title='Nepal’s average annual precipitation declined by approximately 1.3 mm per year over the period from 1971 to 2014'>Nepal’s average annual precipitation declined by a...</span>","Change in precipitation"
"Nepal","BTR","<span title='Projections by the Ministry of Forests and Environment (MoFE) and the International Centre for Integrated Mountain Development (ICIMOD) suggest that average annual precipitation will increase in both the medium term (2030) and the long term (2050).'>Projections by the Ministry of Forests and Environ...</span>","Change in precipitation"
"Nepal","BTR","<span title='The post-monsoon season is projected to experience the highest temperature increases by 1.3–1.4°C in the medium term and 1.8–2.4°C in the long term followed by winter, with increases of 1.0–1.2°C and 1.5–2.0°C, respectively'>The post-monsoon season is projected to experience...</span>","Change in temperature"
"Nepal","BTR","<span title='Seasonal precipitation is expected to rise in all seasons except the pre-monsoon, which could see a decline of 4–5% in the medium term. The post-monsoon season may witness the largest increase in precipitation, with a projected rise of 6–19% in the medium term and 19–20% in the long term'>Seasonal precipitation is expected to rise in all ...</span>","Change in precipitation"
"Nepal","BTR","<span title='Both temperature and precipitation are expected to increase in the future compared to the reference period. While temperature is projected to rise consistently throughout the century, precipitation changes are expected to be more variable across seasons.'>Both temperature and precipitation are expected to...</span>","Change in precipitation"
"Nepal","BTR","<span title='Warm extremes (warm days, warm nights, and warm spell duration) are expected to increase, while cold extremes (cold days, cold nights, and cold spell duration) are projected to decrease.'>Warm extremes (warm days, warm nights, and warm sp...</span>",""
"Nepal","BTR","<span title='Very wet and extremely wet days are projected to increase in the future compared to the reference period, based on multi-model mean changes in extreme precipitation indices'>Very wet and extremely wet days are projected to i...</span>","Extreme temperature;Change in precipitation"
"Nepal","BTR","<span title='Climatic hazards in Nepal are increasing in frequency and severity, particularly floods, epidemics, and fire events, likely driven by climate change and socio-environmental factors.'>Climatic hazards in Nepal are increasing in freque...</span>","Wildfire;Flood;Pest and disease"
"Nepal","BTR","<span title='Since the 2000s, there has been a sharp increase in hazard events, particularly floods, epidemics, and thunderstorms, reflecting the influence of climatic and socio-economic factors.'>Since the 2000s, there has been a sharp increase i...</span>","Storm;Flood;Pest and disease"
"Nepal","BTR","<span title='Forest fires have shown a rising trend, with notable spikes in specific years, indicating an increasing frequency and impacted area.'>Forest fires have shown a rising trend, with notab...</span>","Wildfire"
"Nepal","BTR","<span title='The Climatic hazard trend analysis shows an increasing frequency of heavy rainfall events, which heightens the likelihood of more frequent and severe flooding and landslides in the future. This trend significantly increases the vulnerability of low-lying districts.'>The Climatic hazard trend analysis shows an increa...</span>","Storm;Landslide;Flood;Change in precipitation"
"Nepal","BTR","<span title='The observed trend of fluctuating rainfall patterns and prolonged dry spells indicates heightened risks of water scarcity in the future. This can have severe implications for agriculture'>The observed trend of fluctuating rainfall pattern...</span>","Drought;Change in precipitation"
"Nepal","BTR","Heat wave","Extreme temperature"
"Nepal","BTR","Cold wave","Extreme temperature"
"Nepal","BTR","Heavy rainfall","Storm;Change in precipitation"
"Nepal","BTR","Snowstorms","Extreme temperature;Storm"
"Nepal","BTR","Thunderbolt",""
"Nepal","BTR","Windstorms","Storm"
"Nepal","BTR","Hailstorms","Storm"
"Nepal","BTR","Floods","Flood"
"Nepal","BTR","Landslides","Landslide"
"Nepal","BTR","Glacial Lake Outburst Floods","Flood"
"Nepal","BTR","Droughts","Drought"
"Nepal","BTR","FiresAvalanches","Wildfire"
"Nepal","BTR","Epidemics","Pest and disease"
"Moldova","BTR","<span title='The warming trend over the last 30 years is higher than over the last 70 years, which highlights that the RoM’s rate of warming has increased in recent decades'>The warming trend over the last 30 years is higher...</span>",""
"Moldova","BTR","<span title='The frequency of heatwaves observed in the RoM has increased in recent decades, with extreme heatwaves across the RoM in 2007, 2012, 2015, 2018, 2019 and 2020. The 2012 saw the warmest summer on record, with very strong or extreme heat stress.'>The frequency of heatwaves observed in the RoM has...</span>","Extreme temperature"
"Moldova","BTR","<span title='While recent years have been characterized by more warm than cold events, and decreasing trend in Frost days, Ice days and Cold spells the notable cold spells occurred in 2018 and 2020 in the RoM'>While recent years have been characterized by more...</span>","Extreme temperature"
"Moldova","BTR","<span title='Overall, the RoM is seeing a decrease in precipitation, and the change varies by AEZs, the most decreasing tendency is observed in Northern AEZ, which are accompanied by heavy precipitation frequency trends, that can lead to the increases in pluvial flooding'>Overall, the RoM is seeing a decrease in precipita...</span>","Flood;Change in precipitation"
"Moldova","BTR","<span title='Due to enhanced evaporation, a drying trend in the RoM has accelerated during recent decades, which is strongest in Southern and Central AEZs'>Due to enhanced evaporation, a drying trend in the...</span>","Extreme temperature"
"Moldova","BTR","The frequency of droughts have increased","Drought"
"Moldova","BTR","<span title='Moldova is likely to experience more frequent and severe impacts from climate extremes in the coming decades.'>Moldova is likely to experience more frequent and ...</span>",""
"Moldova","BTR","<span title='The frost days (FD) and ice days (ID) are projected to decrease everywhere in the RoM by the end of the twenty-first century under both scenarios, with strong model agreement. The projections indicate that the Northern AEZs will experience the greatest decrease of FD and ID, with FD decreasing by 58 days and ID by 36 days'>The frost days (FD) and ice days (ID) are projecte...</span>","Extreme temperature"
"Moldova","BTR","<span title='The warm spell duration index (WSDI) is projected to increase, and cold spell duration index (CSDI) to decrease. The maximum increases in WSDI by the end of the twenty-first century will be from 119 days in Northern to 126 days in Southern AEZs under SSP5-8.5, and/or minimum increase by 18-21 days, respectively under SSP1-2.6 scenarios'>The warm spell duration index (WSDI) is projected ...</span>",""
"Moldova","BTR","<span title='Consistent with projections of the absolute and threshold temperature indices, a decrease in TN10p and TX10p, and an increase in TN90p and TX90p are projected'>Consistent with projections of the absolute and th...</span>","Extreme temperature"
"Moldova","BTR","<span title='The total wet-day precipitation (PRCPTOT) is projected to decrease everywhere by the end of the twenty-first century under SSP5-8.5 and to increase according to SSP1-2.6 scenarios. The largest decrease by 42.1 mm is projected in Southern AEZ, relative to reference period 1995-2014'>The total wet-day precipitation (PRCPTOT) is proje...</span>","Change in precipitation"
"Moldova","BTR","<span title='The SDII is projected to increase across the RoM by the end of the twenty-first century under both SSPs scenarios, with strong model agreement. The projections indicate that Northern, and Southern AEZs will experience the greatest increase of SDII by 0.6 mm/day, according to SSP5-8.5 scenario, while in case of SSP1-2.6 scenario, the projected increase will be 0.2 mm/day, comparative to 1995-2014 reference period'>The SDII is projected to increase across the RoM b...</span>",""
"Moldova","BTR","<span title='The one-day RX1day and five-day RX5day extreme precipitation are projected to increase under both SSPs scenarios, with greatest increase in Northern AEZ under SSP5-8.5 scenario, by the end of the twenty-first century.'>The one-day RX1day and five-day RX5day extreme pre...</span>","Change in precipitation"
"Moldova","BTR","<span title='The R10mm is projected to increase in Northern AEZ according to both scenarios by the end of the twenty-first century, while the Southern AEZ will experience the slight decrease by 0.5 days of the R10mm under SSP5-8.5, and/or slight increase by 0.4 days in case of SSP1-2-6 relative to reference period 1995-2014'>The R10mm is projected to increase in Northern AEZ...</span>",""
"Moldova","BTR","<span title='The R20mm is projected to increase everywhere by the end of the twenty-first century under both SSPs scenarios.'>The R20mm is projected to increase everywhere by t...</span>",""
"Moldova","BTR","<span title='The R95p and R99p projected to increase everywhere by the end of the twenty-first century under both SSPs scenarios, more pronounced for SSP5-8.5 scenario.'>The R95p and R99p projected to increase everywhere...</span>",""
"Moldova","BTR","<span title='The consecutive dry days (CDD) is projected to increase everywhere throughout the Republic of Moldova AEZs by the end of the twenty-first century under both SSPs scenarios'>The consecutive dry days (CDD) is projected to inc...</span>","Drought"
"Moldova","BTR","<span title='By the end of the twenty-first century, the consecutive wet days is projected to decrease in Central and Southern AEZs under SSP5-8.5 scenarios, except Northern AEZ where the slight increase in consecutive wet days by 0.3 - 0.6 days is possible under both SSPs scenarios, relative to reference period 1995-2014'>By the end of the twenty-first century, the consec...</span>",""
"Portugal","BTR","Heat wave","Extreme temperature"
"Portugal","BTR","Forest fires","Wildfire"
"Portugal","BTR","Storms","Storm"
"Portugal","BTR","Cyclones","Storm"
"Portugal","BTR","<span title='Drought management plans were also developed, but they were later integrated into cycle II of the abovementioned district management plans.'>Drought management plans were also developed, but ...</span>","Drought"
"Portugal","BTR","Heavy pecipitation",""
"Portugal","BTR","<span title='Flood (coastal, fluvial, pluvial, ground water, flash)'>Flood (coastal, fluvial, pluvial, ground water, fl...</span>","Flood"
"Portugal","BTR","Landslide","Landslide"
"Portugal","BTR","<span title='The rise in temperature and the prolonged periods of drought are also likely to be responsible for the increase in the number of rural fires, especially the number of large forest fires (>= 10,000 ha), that spread by canopy and become practically uncontrollable under certain atmospheric conditions. The risk associated with these occurrences has increased dramatically, imposing extremely high social and economic costs on the country. 2017 was a landmark year, recording the largest burnt area since 1995 and becoming the most tragic year ever, with more than 100 human lives lost.'>The rise in temperature and the prolonged periods ...</span>","Drought;Wildfire;Change in temperature"
"Portugal","BTR","<span title='Among the main climate risks is the increase in average temperature, which has led to a greater frequency of heatwaves.'>Among the main climate risks is the increase in av...</span>","Extreme temperature;Change in temperature"
"Portugal","BTR","<span title='Changes in rainfall patterns, characterized by greater irregularity between periods of torrential rain and prolonged drought, bring an increased risk of landslides, flash floods and increase the risk of forest fires.'>Changes in rainfall patterns, characterized by gre...</span>","Storm;Drought;Wildfire;Landslide;Flood;Change in precipitation"
"Portugal","BTR","<span title='Another significant climate risk is the increasing frequency of extreme weather events, such as storms and strong winds, exacerbated by the rising average sea level.'>Another significant climate risk is the increasing...</span>","Extreme temperature;Storm;Sea level rise"
"Portugal","BTR","<span title='The new temperature and precipitation regimes associated with climate change imply: an increase in the number of heatwave occurrences, their duration and intensity; an increase in the number and intensity of major rural fires, and extreme, unpredictable, intense, and localised meteorological phenomena, such as torrential rain, hail, cyclones and tornados.'>The new temperature and precipitation regimes asso...</span>","Extreme temperature;Storm;Wildfire;Change in precipitation"
"Portugal","BTR","<span title='In addition to the tendency for heatwaves to become more intense and frequent or spatially extensive, it is also predicted that there will be a change in their seasonal distribution'>In addition to the tendency for heatwaves to becom...</span>","Extreme temperature"
"Portugal","BTR","<span title='Although heatwaves typically occur in the spring and summer, this phenomenon is expected to gain equal importance in the autumn.'>Although heatwaves typically occur in the spring a...</span>","Extreme temperature"
"Portugal","BTR","<span title='The coastline of mainland Portugal, namely low-lying sandy coast (42 % of a total length of 987 km) is highly vulnerable to coastal erosion and coastal overtopping with very significant and severe effects, and this trend may be aggravated due to climate change effects, namely, sea level rise and modification of wave regime and magnitude of storminess, as well as the current situation of sediment deficit, which is not expected to improve in the future'>The coastline of mainland Portugal, namely low-lyi...</span>","Storm;Land degradation;Sea level rise"
"Portugal","BTR","<span title='Sea level is expected to be 0.5 meters higher than the present by the end of the 21st century, possibly reaching values in the order of 1 meter above the 1990 level.'>Sea level is expected to be 0.5 meters higher than...</span>","Sea level rise"
"Serbia","BTR","Rising temperatures","Change in temperature"
"Serbia","BTR","Increased frequency and intensity of heatwaves","Extreme temperature"
"Serbia","BTR","Shifts in precipitation","Change in precipitation"
"Serbia","BTR","<span title='Increased frequency and intensity of droughts and aridity level'>Increased frequency and intensity of droughts and ...</span>","Drought"
"Serbia","BTR","Changes in storm-related hazards","Storm"
"Serbia","BTR","<span title='Impacts on watercourses (increased risks of rising maximum flows, reduced minimum flows, and prolonged low-flow periods)'>Impacts on watercourses (increased risks of rising...</span>",""
"Serbia","BTR","Slower groundwater recharge",""
"Serbia","BTR","Increased risks of soil and landcover degradation,",""
"Serbia","BTR","Increased wildfire risks","Wildfire"
"Serbia","BTR","<span title='Extreme precipitation events continue to increase by 2060'>Extreme precipitation events continue to increase ...</span>","Change in precipitation"
"Serbia","BTR","<span title='High risk of extreme precipitation affects 56% of Serbia’s territory'>High risk of extreme precipitation affects 56% of ...</span>","Change in precipitation"
"Serbia","BTR","<span title='Record-braking high temperatures and historically warm seasons and years'>Record-braking high temperatures and historically ...</span>","Extreme temperature"
"Serbia","BTR","Reduction in snow cover duration","Extreme temperature"
"Serbia","BTR","<span title='Decrease in the frequency of cold waves, frost days, ice days, and days with extreme low temperatures'>Decrease in the frequency of cold waves, frost day...</span>","Extreme temperature"
"Serbia","BTR","<span title='In rivers south of the Sava and Danube, flows increase during periods of higher discharge, maximum flow are rising'>In rivers south of the Sava and Danube, flows incr...</span>",""
"Serbia","BTR","Increasing flood risks","Flood"
"Serbia","BTR","<span title='Increased risk of land degradation due to increasing aridity level'>Increased risk of land degradation due to increasi...</span>","Drought;Land degradation"
"Serbia","BTR","<span title='Increased storm intensity and frequency, including wind gusts intensity and hail'>Increased storm intensity and frequency, including...</span>","Storm"
"Slovakia","BTR","<span title='Slovakia has seen a significant increase in above-normal temperature years since 1991, with 2018 and 2019 being extremely warm.'>Slovakia has seen a significant increase in above-...</span>",""
"Slovakia","BTR","<span title='In the period 2001 – 2022, dry, rainfall-free periods have been shown to occur more frequently, which, combined with warmer average climatic conditions, leads to more frequent and more widespread soil drought'>In the period 2001 – 2022, dry, rainfall-free peri...</span>","Extreme temperature;Drought;Change in precipitation"
"Slovakia","BTR","<span title='The effects of climate change, in particular the occurrence of droughts and more frequent floods, are causing changes in agricultural production in the Slovak Republic.'>The effects of climate change, in particular the o...</span>","Drought;Flood"
"Slovakia","BTR","<span title='Higher air temperature accelerates the intensity of physiological processes. The phenological phases change and the crops ripen faster. The changed climate affects not only the regional distribution of cultivated crops (the spread of thermophilic crops to the more northern parts of the Slovak Republic), but also the qualitative characteristics of the soil.'>Higher air temperature accelerates the intensity o...</span>",""
"Slovakia","BTR","<span title='A negative change in the water status of the soil is reflected in the water capacity available for crops. As a result of the increase in soil aridity, there is a significant tendency for the groundwater reserves available for crop use to decrease, and this can be seen most markedly in the light soils.'>A negative change in the water status of the soil ...</span>","Drought"
"Slovakia","BTR","<span title='Rising temperatures in stables will also increase CO2 and NH3 levels.'>Rising temperatures in stables will also increase ...</span>","Change in temperature"
"Slovakia","BTR","<span title='Climate change also fundamentally affects the direction and rate of accumulation and transformation of soil organic matter. Higher temperatures can affect the decomposition of soil organic matter and the mineralisation process will overwhelm the wetting processes. This can cause soil acidification. This will also affect the deterioration of the physical properties of the soil, such as its structure, and may also lead to soil compaction'>Climate change also fundamentally affects the dire...</span>","Change in temperature;Ocean acidification"
"Slovakia","BTR","<span title='The increased frequency of storms and the spread of pests from lower elevations can undermine the vitality of these ecosystems.'>The increased frequency of storms and the spread o...</span>","Storm;Pest and disease"
"Slovakia","BTR","<span title='Long periods with high temperatures are almost critical. Days with maximum temperatures above 30°C are called tropical days and have the potential to adversely affect people.'>Long periods with high temperatures are almost cri...</span>","Extreme temperature;Change in temperature"
"Slovakia","BTR","<span title='Large cities and urban agglomerations in southern Slovakia are particularly vulnerable to heat waves, due to the heat island effect in these urban zones.'>Large cities and urban agglomerations in southern ...</span>","Extreme temperature"
"Slovakia","BTR","<span title='Higher air temperatures in summer and heat waves at the end of the 21st century'>Higher air temperatures in summer and heat waves a...</span>","Extreme temperature"
"Slovakia","BTR","<span title='Extreme air temperature, higher frequency of occurrence, length of heat waves'>Extreme air temperature, higher frequency of occur...</span>","Extreme temperature"
"Slovakia","BTR","Increased number of warm days/nights","Change in temperature"
"Slovakia","BTR","<span title='Periods of high rainfall, torrential rain, thunderstorms, tornadoes, floods'>Periods of high rainfall, torrential rain, thunder...</span>","Storm;Flood;Change in precipitation"
"Slovakia","BTR","Droughts","Drought"
"Slovakia","BTR","Occurrence of rapid weather changes/fluctuations",""
"Slovakia","BTR","Extension of the pollen season",""
"Slovakia","BTR","<span title='Prevalence of infectious disease transmission vectors'>Prevalence of infectious disease transmission vect...</span>","Pest and disease"
"Slovakia","BTR","<span title='Higher UV radiation, ground-level ozone and PM10 concentrations'>Higher UV radiation, ground-level ozone and PM10 c...</span>",""
"Slovakia","BTR","<span title='It is expected that there will be a much more uneven distribution of precipitation totals throughout the year and in different regions of Slovakia. This will also be reflected in the development of runoff conditions in Slovakia.'>It is expected that there will be a much more unev...</span>","Change in precipitation"
"Slovakia","BTR","<span title='According to different climate scenarios, a change in the long-term average annual runoff can be expected over most of the territory, with a more pronounced decrease expected especially in the lowland area. In particular, changes in long-term monthly flows are expected, with an increase in winter and spring runoff and a decrease in summer and autumn runoff, especially in the growing season'>According to different climate scenarios, a change...</span>",""
"Slovakia","BTR","<span title='Scenarios suggest that prolonged periods of drought in the summer and autumn months, associated with water scarcity, may be an important manifestation of climate change in our area. This phenomenon can occur as a result of a significant loss of snow in winter and its earlier melting in spring, an earlier onset of the growing season and thus a more pronounced evaporation in the spring months, but also as a result of lower precipitation and higher temperatures in the summer period. The result is a significant lack of soil moisture in the second half of summer and early autumn'>Scenarios suggest that prolonged periods of drough...</span>","Extreme temperature;Drought;Change in temperature;Change in precipitation"
"Slovakia","BTR","<span title='Dry periods may be interrupted by several days of high rainfall, or by heavy storm activity with intense precipitation.'>Dry periods may be interrupted by several days of ...</span>","Storm;Change in precipitation"
"Slovakia","BTR","<span title='Prolonged drought in the summer and autumn months associated with water scarcity may be a major consequence of climate change in the Slovak Republic. These dry periods may be punctuated by brief episodes of torrential rain or heavy storm activity with rain, causing flooding to occur.'>Prolonged drought in the summer and autumn months ...</span>","Storm;Drought;Flood"
"Slovakia","BTR","<span title='Temperature change, windy conditions, precipitation, heat or cold waves, storms, drought, floods, snow and ice, as well as landslides'>Temperature change, windy conditions, precipitatio...</span>","Extreme temperature;Storm;Drought;Landslide;Flood;Change in temperature;Change in precipitation"
"Slovakia","BTR","<span title='In the near future, according to experts, the vegetation zones are expected to shift towards the poles.'>In the near future, according to experts, the vege...</span>",""
"Slovakia","BTR","Temperatures are expected to rise in winter.",""
"Slovakia","BTR","<span title='The decrease in the number of days with continuous snow cover will be felt by ski resort operators through lower revenues and higher costs for artificial snowmaking.'>The decrease in the number of days with continuous...</span>","Extreme temperature"
"Slovakia","BTR","<span title='Although on the one hand less energy will be used for heating, on the other hand there will be higher costs for air conditioning in the summer months'>Although on the one hand less energy will be used ...</span>",""
"Slovakia","BTR","<span title='The years 2011 – 2016, with the exception of 2014, were characterised by heat waves.'>The years 2011 – 2016, with the exception of 2014,...</span>","Extreme temperature"
"Slovakia","BTR","<span title='A territorial study of climate change in the Slovak Republic suggests that global warming in our area may be reflected in an average increase in air temperature of 2-4°C in 2075. At altitudes below 1 100 metres above sea level, continuous snow cover is unlikely to occur. 76% of the ski resorts in the Slovak Republic are below 1 100 metres above sea level, 16% of them for the most part and only 6% are above this altitude.'>A territorial study of climate change in the Slova...</span>","Extreme temperature;Sea level rise"
"Slovakia","BTR","Extreme weather (storms, floods)","Extreme temperature;Storm;Flood"
"Slovakia","BTR","<span title='Adverse weather conditions (rain, snow, black ice, fog)'>Adverse weather conditions (rain, snow, black ice,...</span>","Extreme temperature"
"Slovakia","BTR","<span title='Adverse weather conditions (rain, snow, black ice, fog)'>Adverse weather conditions (rain, snow, black ice,...</span>","Extreme temperature"
"Slovakia","BTR","<span title='Adverse weather conditions (rain, snow, black ice, fog)'>Adverse weather conditions (rain, snow, black ice,...</span>","Extreme temperature"
"Slovakia","BTR","Frequent snowfall, wind, long winter","Extreme temperature"
"Slovenia","BTR","<span title='The increase in air temperature in Slovenia will continue in the 21st century'>The increase in air temperature in Slovenia will c...</span>",""
"Slovenia","BTR","<span title='With the increase in air temperature, the soil surface layer will warm, both of which will affect the phenological development of plants and the length of the growing season. The spring phenological development of plants will occur earlier'>With the increase in air temperature, the soil sur...</span>",""
"Slovenia","BTR","<span title='Under the moderately optimistic (RCP4.5) and pessimistic (RCP8.5) emissions scenarios, annual and winter precipitation levels are expected to increase significantly by the middle or end of the 21st century, although the uncertainty is high. For both emissions scenarios, the average increase in annual precipitation by the end of the century, compared to the 1981– 2010 period, could reach up to 20 %'>Under the moderately optimistic (RCP4.5) and pessi...</span>","Change in precipitation"
"Slovenia","BTR","<span title='Extreme weather events such as droughts, heatwaves, and storms disrupt agricultural production, challenge water availability, and strain energy infrastructure, increasing economic losses and social inequalities.'>Extreme weather events such as droughts, heatwaves...</span>","Extreme temperature;Storm;Drought"
"Sweden","BTR","<span title='It will get dryer, wetter and warmer with impacts on society and nature'>It will get dryer, wetter and warmer with impacts ...</span>","Extreme temperature"
"Sweden","BTR","<span title='Warming is expected to continue and is the highest in the north of Sweden during the winter, the growing season is extending, more rain in large parts of the country but also a higher risk of drought during the summer in parts of the country.'>Warming is expected to continue and is the highest...</span>","Drought"
"Sweden","BTR","<span title='Sweden is also expected to experience more extremes such as heatwaves, forest fires and heavy rain, and sea level rise is expected to impact especially the south of Sweden with flooding and erosion as results'>Sweden is also expected to experience more extreme...</span>","Extreme temperature;Storm;Wildfire;Flood;Land degradation;Sea level rise"
"Sweden","BTR","<span title='Sweden’s annual mean air temperature will increase by 2°C to 6°C by the period 2071–2100 compared with the reference period 1961–1990, depending on the chosen scenario'>Sweden’s annual mean air temperature will increase...</span>",""
"Sweden","BTR","<span title='According to a recent report analysing observed climate change the annual mean temperature for Sweden has increased by 1.9°C compared to the period 1861 – 1890'>According to a recent report analysing observed cl...</span>","Change in temperature"
"Sweden","BTR","<span title='The climate change can also be seen in water temperatures in lakes and the sea. In the Baltic sea regional climate scenarios based on global climate scenarios RCP 4.5 and RCP 8.5 show an increase by 2°C to 4°C in temporal mean sea surface temperature by the period 2071–2100 compared with the reference period 1976–2005, depending on the chosen scenario.'>The climate change can also be seen in water tempe...</span>","Sea temperature"
"Sweden","BTR","<span title='The length of the growing season (the number of days when the average daily temperature for a single period is over 5°C) has already increased in Sweden. The greatest increase is seen in the north, where the growing season has increased by around two weeks since 1980'>The length of the growing season (the number of da...</span>",""
"Sweden","BTR","<span title='By the end of the century, the vegetation period is expected to increase by one to two months throughout Sweden, compared to the period 1971-2000'>By the end of the century, the vegetation period i...</span>",""
"Sweden","BTR","<span title='For Sweden, heatwaves are likely to occur more often in the future'>For Sweden, heatwaves are likely to occur more oft...</span>","Extreme temperature"
"Sweden","BTR","<span title='Climate scenarios indicate a decrease in water availability in large parts of southern Sweden. This is mainly due to an increased water consumption of plants in a warmer climate with longer growing seasons.'>Climate scenarios indicate a decrease in water ava...</span>","Extreme temperature"
"Sweden","BTR","<span title='The greatest changes in the occurrence of drought are expected in parts of southern Sweden, with an increase of over 60 days of drought every year by the end of the century'>The greatest changes in the occurrence of drought ...</span>","Drought"
"Sweden","BTR","<span title='Drought increases the risk of wildfires. Every year, on average 3,000–4,000 wildfires occur in Sweden. The extent of forest fires varies from year to year, but often more than 2,000 hectares of land are affected'>Drought increases the risk of wildfires. Every yea...</span>","Drought;Wildfire"
"Sweden","BTR","<span title='Projections over Sweden show very small or no changes in wind. The only exception is wind speed over the parts of the Baltic Sea that will become ice-free in a warmer climate.'>Projections over Sweden show very small or no chan...</span>","Extreme temperature"
"Sweden","BTR","<span title='The number of hot and humid days have increased in the period 1973-2022'>The number of hot and humid days have increased in...</span>",""
"Sweden","BTR","<span title='The amount of annual precipitation in Sweden has increased since 1930 from about 600 mm/year to almost 700 mm/year. The increase is mainly related to precipitation during autumn and winter'>The amount of annual precipitation in Sweden has i...</span>","Change in precipitation"
"Sweden","BTR","<span title='Over the next century, precipitation in Sweden is expected to increase by 0–30 % depending on scenario and location'>Over the next century, precipitation in Sweden is ...</span>","Change in precipitation"
"Sweden","BTR","<span title='An increase in heavy precipitation has also been observed already in Sweden'>An increase in heavy precipitation has also been o...</span>","Change in precipitation"
"Sweden","BTR","<span title='Climate scenarios indicate that torrential rain (more than 40 mm rain per day) in Sweden is becoming more common'>Climate scenarios indicate that torrential rain (m...</span>","Storm"
"Sweden","BTR","<span title='The intensity of heavy rainfall events may increase by 40–80 % until 2100, compared to the period 1961–1990'>The intensity of heavy rainfall events may increas...</span>","Storm;Change in precipitation"
"Sweden","BTR","<span title='In a changing climate intense rainfall can cause flooding, due to surface water runoff, especially in urban areas as they have a lot of hard surfaces such as roads or car parks where the water does not soak into the ground.'>In a changing climate intense rainfall can cause f...</span>","Flood;Change in precipitation"
"Sweden","BTR","<span title='With climate change, snow cover duration is expected to decrease, and in the southern parts of the country, long-lasting snow cover is expected to disappear completely. The number of days with snow cover has already reduced since 1950'>With climate change, snow cover duration is expect...</span>","Extreme temperature"
"Sweden","BTR","<span title='The ice season and its geographical extent will also be reduced'>The ice season and its geographical extent will al...</span>","Extreme temperature"
"Sweden","BTR","<span title='It is expected that there will be a decrease in the number of zero crossings throughout the country during autumn and spring. In the wintertime the number of days with zero crossings will also decrease in the south, while there will be an increase in central and northern Sweden'>It is expected that there will be a decrease in th...</span>",""
"Sweden","BTR","<span title='In the Swedish mountains and inland in northern Sweden groundwater levels are expected to increase during winters. In southern Sweden and along the coast in northern Sweden periods of low groundwater levels are expected to increase'>In the Swedish mountains and inland in northern Sw...</span>",""
"Sweden","BTR","<span title='The annual average streamflow is expected to decrease in parts of southern Sweden, while an increase can be seen in large parts of northern Sweden.'>The annual average streamflow is expected to decre...</span>",""
"Sweden","BTR","<span title='Flooding due to extreme streamflow may become more common in large parts of southern Sweden and in the north-west of the country'>Flooding due to extreme streamflow may become more...</span>","Flood"
"Sweden","BTR","<span title='Since the late 19th century sea levels along the Swedish coast have risen on average about 15 cm, where about 10 cm have occurred during the last 40 years'>Since the late 19th century sea levels along the S...</span>","Sea level rise"
"Sweden","BTR","<span title='The climate change impacts on the built environment in urban areas including flooding, heatwaves, landslides and erosion, or impacts related to drinking water.'>The climate change impacts on the built environmen...</span>","Extreme temperature;Landslide;Flood;Land degradation"
"Vanuatu","BTR","<span title='The Vanuatu region has warmed by approximately 0.7°C since the pre-industrial period (1850– 1900) upto 2023.'>The Vanuatu region has warmed by approximately 0.7...</span>",""
"Vanuatu","BTR","<span title='There is no clear long-term trend in total rainfall for the country over the period from 1993 to 2020.'>There is no clear long-term trend in total rainfal...</span>","Change in precipitation"
"Vanuatu","BTR","<span title='Recent years have shown an increase in extreme daily and sub-daily rainfall, which is expected due to a warmer atmosphere holding more moisture.'>Recent years have shown an increase in extreme dai...</span>","Extreme temperature;Change in precipitation"
"Vanuatu","BTR","<span title='The intensity of storms may also contribute to these trends in short-duration rainfall.'>The intensity of storms may also contribute to the...</span>","Storm;Change in precipitation"
"Vanuatu","BTR","<span title='Droughts are becoming more impactful as higher temperatures enhance evapotranspiration, drying the surface of soil and plants.'>Droughts are becoming more impactful as higher tem...</span>","Extreme temperature;Drought;Change in temperature"
"Vanuatu","BTR","<span title='The total number of tropical cyclones (TCs) passing within 500 km of Vanuatu has decreased from around 36 per decade to approximately 26 per decade between the periods 1971–1995 and 1996–2021.'>The total number of tropical cyclones (TCs) passin...</span>","Storm"
"Vanuatu","BTR","<span title='The proportion of severe TCs has risen from 45% to 57%. The mean severity, as indicated by the sustained wind speed of TCs passing within 500 km and 250 km of Vanuatu, has increased by around 15% in recent decades'>The proportion of severe TCs has risen from 45% to...</span>",""
"Vanuatu","BTR","<span title='There is a clear warming trend in sea surface temperatures (SST) observed in the tropical Pacific, including around Vanuatu.'>There is a clear warming trend in sea surface temp...</span>","Sea temperature"
"Vanuatu","BTR","<span title='This warming trend has led to an increase in the frequency and duration of marine heatwaves. In the 1980s to 2000s, the average annual duration of marine heatwaves ranged from 5 to 16 days, but during the 2010s, this increased to 8 to 20 or more days.'>This warming trend has led to an increase in the f...</span>","Extreme temperature"
"Vanuatu","BTR","<span title='One of the most pressing concerns for Vanuatu is rising sea levels caused by greenhouse gas emissions and the resulting warming effect.'>One of the most pressing concerns for Vanuatu is r...</span>","Sea level rise"
"Vanuatu","BTR","<span title='Rising SSTs will exacerbate coral bleaching and threaten marine biodiversity, which supports fisheries and coastal livelihoods.'>Rising SSTs will exacerbate coral bleaching and th...</span>","Ocean acidification"
"Vanuatu","BTR","<span title='Changes in rainfall patterns are expected to bring more extreme weather events, including longer dry spells and more intense rainfall, increasing the risk of droughts and flooding'>Changes in rainfall patterns are expected to bring...</span>","Extreme temperature;Drought;Flood;Change in precipitation"
"Vanuatu","BTR","<span title='Sea level rise will pose a significant threat to coastal areas, leading to flooding, erosion, and saltwater intrusion, which could undermine agricultural productivity and displace vulnerable communities'>Sea level rise will pose a significant threat to c...</span>","Flood;Salinization;Land degradation;Sea level rise"
"Vanuatu","BTR","<span title='Future warming is projected to make the tropical Pacific climate generally wetter and occasionally stormier, as warmer air holds more moisture (Held & Soden, 2006; Seager, Naik & Vecchi, 2010). However, Vanuatu's specific region could become either wetter or drier.'>Future warming is projected to make the tropical P...</span>","Extreme temperature;Storm"
"Vanuatu","BTR","<span title='Storms and TCs will remain a concern regardless of rainfall changes, as they bring high winds, heavy rains, and storm surges. While the frequency of TCs may decrease due to increased atmospheric stability from greenhouse warming, the intensity of the strongest TCs is expected to rise as warmer oceans fuel them'>Storms and TCs will remain a concern regardless of...</span>","Extreme temperature;Storm;Change in precipitation"
"Vanuatu","BTR","<span title='Extreme rainfall is projected to intensify, with models for Port Vila showing increases of 21% by mid-century under moderate emissions (RCP4.5) and up to 70% by century’s end under high emissions (RCP8.5)'>Extreme rainfall is projected to intensify, with m...</span>","Change in precipitation"
"Vanuatu","BTR","<span title='Droughts will also persist, particularly during El Niño events, with potential frequency increases under high emissions. Although annual rainfall may not change significantly future droughts may be driven by increased temperatures and climate variability, with more extreme El Niñorelated dry spells possible'>Droughts will also persist, particularly during El...</span>","Drought;Change in temperature;Change in precipitation"
"Vanuatu","BTR","<span title='As global sea levels rise due to climate change, Vanuatu will face more frequent and intense coastal flooding and erosion'>As global sea levels rise due to climate change, V...</span>","Flood;Land degradation;Sea level rise"
"Vanuatu","BTR","<span title='Greenhouse warming is expected to enhance sea level extremes associated with El Niño events in the southwestern tropical Pacific.'>Greenhouse warming is expected to enhance sea leve...</span>","Sea level rise"
"Vanuatu","BTR","<span title='Low sea level events are projected to double in occurrence, while high sea level events during La Niña are expected to become more extreme, leading to increased frequency of hightide flooding.'>Low sea level events are projected to double in oc...</span>","Flood;Sea level rise"
"Vanuatu","BTR","<span title='The projections suggest that the increase in wind speeds during extreme events may not be as dramatic as the increase in rainfall, but the heightened intensity of cyclone wind speeds could still lead to greater damage during severe storms'>The projections suggest that the increase in wind ...</span>","Storm;Change in precipitation"
"Vanuatu","BTR","<span title='Projected ocean acidification (OA) in Vanuatu indicates significant declines in both pH and aragonite saturation under various emissions scenarios, with the largest impacts seen in highemission pathways'>Projected ocean acidification (OA) in Vanuatu indi...</span>","Ocean acidification"
"Vanuatu","BTR","<span title='Projected marine heatwaves (MHWs) in Vanuatu show significant increases in both frequency and intensity under various emissions scenarios.'>Projected marine heatwaves (MHWs) in Vanuatu show ...</span>","Extreme temperature"
"Vanuatu","BTR","<span title='Tropical cyclones, in particular, have caused significant damage to Vanuatu's infrastructure and livelihoods in recent years'>Tropical cyclones, in particular, have caused sign...</span>","Storm"
"Vanuatu","BTR","<span title='Vanuatu experienced nearly 50 devastating disasters between 1940 and 2020, with storm events alone accounting for 59% of these disasters, affecting over 600,000 people'>Vanuatu experienced nearly 50 devastating disaster...</span>","Storm"
"Vanuatu","BTR","<span title='Future projections indicate a potential decrease in the number of TCs by the end of the century; however, the cyclones that do occur are expected to have greater average maximum speeds (by 2%-11%) and an increase in rainfall intensity (by 20%) in areas within 100 km of the cyclone'>Future projections indicate a potential decrease i...</span>","Storm;Change in precipitation"
"Vanuatu","BTR","<span title='Volcanic activity also poses a significant risk; the ongoing eruption of Manaro Voui on Ambae Island since late 2017 has led to the mass evacuation of over 10,000 residents'>Volcanic activity also poses a significant risk; t...</span>",""
"Vanuatu","BTR","<span title='Landslide risk is heightened due to rainfall patterns and the geography of the islands'>Landslide risk is heightened due to rainfall patte...</span>","Landslide;Change in precipitation"
"Vanuatu","BTR","<span title='Severe droughts were last experienced in 2015 and 2020 in the Southern Islands.'>Severe droughts were last experienced in 2015 and ...</span>","Drought"
"Vanuatu","BTR","<span title='Vanuatu experiences extreme rainfall from tropical cyclones and the location of the Southern Pacific and Inter-Tropical Convergence Zones. The La Niña phase results in wetter conditions.'>Vanuatu experiences extreme rainfall from tropical...</span>","Storm;Change in precipitation"
"Vanuatu","BTR","<span title='Frequency of cyclones is expected to decrease, but intensity will increase. El Niño results in fewer cyclones, while La Niña brings more cyclones.'>Frequency of cyclones is expected to decrease, but...</span>","Storm"
"Vanuatu","BTR","<span title='Ocean acidification hinders the development of coral reefs and marine organisms, affecting Vanuatu's marine biodiversity and impacting the fisheries and tourism sectors.'>Ocean acidification hinders the development of cor...</span>","Ocean acidification"
"Vanuatu","BTR","<span title='Marine heatwaves, more frequent and intense in northern Vanuatu, can cause coral bleaching, harming the tourism and fisheries sectors'>Marine heatwaves, more frequent and intense in nor...</span>","Extreme temperature;Ocean acidification"
"Vanuatu","BTR","<span title='Higher temperatures are seen during the wet season, with the cooling effects of the ocean and sea breezes impacting coastal areas. Tropical cyclones can also affect local temperatures.'>Higher temperatures are seen during the wet season...</span>","Storm;Change in temperature"
"Algeria","BTR","<span title='An average increase of +0.63°C in the North compared to the annual norm. The years 2020 to 2023 stand out clearly from the lot of the said decade, with a record increase of +1.25°C recorded in 2022, followed by the years 2021, 2023 and 2020'>An average increase of +0.63°C in the North compar...</span>",""
"Algeria","BTR","<span title='An intense heat wave affected northern Algeria between August 9 and 15, 2021, during which 12 new maximum temperature records were recorded'>An intense heat wave affected northern Algeria bet...</span>","Extreme temperature"
"Algeria","BTR","<span title='For the North region, the cumulative rainfall, during the period 2020-2023, reveals contrasting values in 2021, with precipitation close to normal in some localities. However, a notable deficit is observed during the years 2022 and 2023, reaching a decrease of more than 50% compared to the climatic normal calculated over the period 1991-2020.'>For the North region, the cumulative rainfall, dur...</span>","Change in precipitation"
"Algeria","BTR","<span title='For the Southern region of Algeria, it experienced significant variability in rainfall during the period 2020-2023. While 2021 presented a near-normal cumulative rainfall, or even excess in some localities, the years 2022 and 2023 are characterized by a notable deficit accentuated in the stations of Tamanrasset and Djanet. These deficits highlight the increased vulnerability of the Southern region to climate fluctuations, exacerbated by global climate change.'>For the Southern region of Algeria, it experienced...</span>","Change in precipitation"
"Algeria","BTR","<span title='Minimum and maximum temperatures will experience a significant increase. The summer months will show the greatest increases, with maximum temperature increases reaching up to 5.72°C in August by 2081-2100. The winter months (January and February) will see a more moderate, but still significant, increase exceeding 2°C.'>Minimum and maximum temperatures will experience a...</span>","Change in temperature"
"Algeria","BTR","<span title='By 2041-2060. Precipitation tends to decrease gradually throughout the century, especially during the summer months (July, August). However, a slight increase is observed during the autumn and winter months, with values ranging from 7% to 8% compared to the reference period for months such as November and December.'>By 2041-2060. Precipitation tends to decrease grad...</span>","Change in precipitation"
"Algeria","BTR","<span title='By 2081-2100, projections indicate a relative decrease in precipitation, particularly during summer.'>By 2081-2100, projections indicate a relative decr...</span>","Change in precipitation"
"Algeria","BTR","<span title='Forest fires are classified as a major risk and remain the main cause of the degradation of the national forest heritage, with rates of 2,800 fires recorded on average over the last ten years affecting an average area covered by fire of more than 40,000 ha.'>Forest fires are classified as a major risk and re...</span>","Wildfire"
"Algeria","BTR","<span title='The effects of climate change are manifested by shorter rainy seasons, intense heat waves, an increase in flooding, a drastic reduction in water supply to watersheds, significant drawdowns in several water tables, the disappearance of artesian wells in several aquifers and the rise in salinity and pollution levels of marine and continental waters'>The effects of climate change are manifested by sh...</span>","Extreme temperature;Flood;Change in precipitation;Salinization"
"Algeria","BTR","<span title='Droughts have had a proven impact on the surface water potential of the North of the country with a downward trend: 6.5 billion m3 /year at the end of the 1970s, 5 billion m3 /year in the 1980s and 4 billion m3 / year in the 2000s'>Droughts have had a proven impact on the surface w...</span>","Drought"
"Belarus","BTR","<span title='The last decade (2012-2021) with an average temperature of +7.9°C turned out to be warmer than any of the previous ones. And the average air temperature of the last five years (2017-2021) was +8.1°C, which is 1.4°C higher than the climatic norm. Particularly noteworthy are 2019 and 2020, which have consistently become the warmest in the entire history of meteorological observations (8.8 and 9.1°C, respectively)'>The last decade (2012-2021) with an average temper...</span>","Extreme temperature;Change in temperature"
"Belarus","BTR","<span title='For the period 1989-2021, the average annual precipitation was within the norm (101%) and amounted to 655 mm. Despite the absence of significant deviations in the nature of precipitation on average over the period of climate change, significant variability is noted from year to year, and the intra-annual distribution of precipitation also changes significantly'>For the period 1989-2021, the average annual preci...</span>","Change in precipitation"
"Belarus","BTR","<span title='A significant precipitation shortage is observed in June and September. In January, February, May, July, August and October, the monthly precipitation amounts were on average above the norm for the period'>A significant precipitation shortage is observed i...</span>","Change in precipitation"
"Belarus","BTR","<span title='Most of the dangerous phenomena in Belarus are local in nature, but such phenomena as frosts, strong winds, heavy rains, heavy snowfalls, extreme fire hazard, heat waves in some years cover a significant part of the country.'>Most of the dangerous phenomena in Belarus are loc...</span>","Extreme temperature;Storm;Wildfire"
"Belarus","BTR","<span title='The highest frequency of hazardous phenomena is typical for the Vitebsk region, the lowest - for the Mogilev region'>The highest frequency of hazardous phenomena is ty...</span>",""
"Belarus","BTR","<span title='The most typical phenomena are very heavy rain, very strong wind, squall, increase in air temperature to dangerous values. Of all the noted phenomena, 65% caused damage to various sectors of the economy, and 2% caused harm to public health. The largest number of hazardous events that caused damage to the economy and population (in specific ratio) were noted in the Vitebsk and Gomel regions (37 and 35% respectively), and 28% in the Mogilev region'>The most typical phenomena are very heavy rain, ve...</span>","Storm"
"Belarus","BTR","<span title='The following meteorological phenomena are the most significant influencing agricultural management: rainless and rainy periods, high and low temperatures, droughts, frosts, thaws, ice crust, heavy rains, thunderstorms, tornadoes and squalls, ""dual-core winters"".'>The following meteorological phenomena are the mos...</span>","Extreme temperature;Storm;Drought"
"Belarus","BTR","<span title='Climate change in the territory of Belarus can have a significant impact on the productivity of forest ecosystems, species composition and biodiversity, the risks of forest fires, the risks of mass reproduction of pests and the spread of forest diseases, the risks of windfalls and windbreaks in forests and, in general, on the economic conditions and social aspects of forest management.'>Climate change in the territory of Belarus can hav...</span>","Wildfire;Pest and disease"
"Belarus","BTR","<span title='An increase in temperature leads to the fact that plant vegetation begins much earlier, and therefore the likelihood of frost damage to trees that have begun to grow increases. The main growth of wood occurs in the spring and the first half of summer and decreases in the second half of vegetation due to a lack of moisture in the soil.'>An increase in temperature leads to the fact that ...</span>","Extreme temperature;Change in temperature"
"Belarus","BTR","<span title='Due to climate change, the unevenness of changes in runoff has increased, both across the territory of Belarus and in its intra-annual distribution by seasons of the year'>Due to climate change, the unevenness of changes i...</span>",""
"Belarus","BTR","<span title='Almost all over Belarus there have been significant reductions in the maximum water flow of the spring flood. This is due to climate processes, expressed by an increase in the number and duration of thaws in the winter period. The exception is the rivers of the Pripyat River basin in the Brest region.'>Almost all over Belarus there have been significan...</span>","Flood"
"Belarus","BTR","<span title='The average dates of the onset of maximum water discharges of spring floods have shifted to earlier dates (in 71.5% of cases, the peak of floods occurs in the third ten-day period of March) in the direction from the southwest to the northeast of Belarus.'>The average dates of the onset of maximum water di...</span>","Flood"
"Belarus","BTR","Extreme heat","Extreme temperature"
"Belarus","BTR","Fires","Wildfire"
"Belarus","BTR","<span title='Increased spread of food- and waterborne infectious diseases'>Increased spread of food- and waterborne infectiou...</span>","Pest and disease"
"Burkina Faso","BTR","<span title='Historical climate data from Burkina Faso indicate an increase in average temperatures and a decrease in average annual precipitation in all three climatic zones.'>Historical climate data from Burkina Faso indicate...</span>","Change in temperature;Change in precipitation"
"Burkina Faso","BTR","<span title='The frequency and intensity of heavy rainfall is expected to increase and lead to flooding and soil erosion'>The frequency and intensity of heavy rainfall is e...</span>","Storm;Flood;Change in precipitation;Land degradation"
"Burkina Faso","BTR","<span title='The average air temperature is expected to reach 1.5 degree C in the near future and 4.2 degree C in the distant future, and this could be detrimental to agricultural production when it occurs during the crop flowering period'>The average air temperature is expected to reach 1...</span>",""
"Burkina Faso","BTR","<span title='The frequency of disasters has been increasing since 2000. Indeed, between 1980 and 2000, the country was hit by one or two natural disasters each year (27 events in 20 years). Between 2000 and 2020, the number of disasters reached 65 events, with a peak of 7 events in 2010'>The frequency of disasters has been increasing sin...</span>",""
"Burkina Faso","BTR","<span title='Drought caused economic losses amounting to US$9.6 billion, and floods added US$1.2 billion.'>Drought caused economic losses amounting to US$9.6...</span>","Drought;Flood"
"Burkina Faso","BTR","<span title='Burkina Faso is exposed to storms, insect infestations, and epidemics, which caused losses of US$3.7 billion.'>Burkina Faso is exposed to storms, insect infestat...</span>","Storm;Pest and disease"
"Burkina Faso","BTR","<span title='As for the years 2022, 2023 and 2024, it is noted that four regions including the Central Plateau, the Centre-West, the Boucle du Mouhoun and the Hauts Bassins were affected by floods. the evolution of climatic disasters recorded by Burkina Faso and the economic losses generated from 1980 to 2020. 3.1.3 Climatic disasters recorded in Burkina Faso Between 2000 and 2020, natural disasters caused economic losses of US$14.5 billion (Figure 81). The frequency of disasters has been increasing since 2000. Indeed, between 1980 and 2000, the country was hit by one or two natural disasters each year (27 events in 20 years). Between 2000 and 2020, the number of disasters reached 65 events, with a peak of 7 events in 2010. Drought caused economic losses amounting to US$9.6 billion, and floods added US$1.2 billion. In addition to floods and droughts, Burkina Faso is exposed to storms, insect infestations, and epidemics, which caused losses of US$3.7 billion. In 2004, GDP growth fell to 4.6%, down from 8% in 2003, partly due to a locust invasion and drought (World Bank, 2023). There were 6,903 victims, 5,509 tons of food destroyed, 5,923 animals taken away and 149 houses destroyed.'>As for the years 2022, 2023 and 2024, it is noted ...</span>","Storm;Drought;Flood;Pest and disease"
"Burkina Faso","BTR","<span title='The ensemble of models projects a significant increase in annual precipitation in all regions of Burkina Faso'>The ensemble of models projects a significant incr...</span>","Change in precipitation"
"Burkina Faso","BTR","<span title='The ensemble mean of the models predicts a significant increase in air temperature in Burkina Faso'>The ensemble mean of the models predicts a signifi...</span>",""
"Burkina Faso","BTR","<span title='The ensemble model average predicts a robust upward trend in evapotranspiration in all regions of Burkina Faso for all scenarios and periods considered'>The ensemble model average predicts a robust upwar...</span>","Extreme temperature"
"Burkina Faso","BTR","<span title='Droughts (including late onset of rains, early end of rains, length of the season and pockets of drought)'>Droughts (including late onset of rains, early end...</span>","Drought"
"Burkina Faso","BTR","Floods including extreme rainfall","Flood;Change in precipitation"
"Burkina Faso","BTR","Heat stress","Extreme temperature"
"Burkina Faso","BTR","<span title='The number of days of drought pockets would remain stable without significant trends in the future'>The number of days of drought pockets would remain...</span>","Drought"
"Burkina Faso","BTR","<span title='The number of extreme rainy days is expected to increase by up to 3 days in SSP5-8.5 towards the end of the century. A significant increase in extreme rainfall is projected in all regions of the country'>The number of extreme rainy days is expected to in...</span>","Change in precipitation"
"Burkina Faso","BTR","<span title='The number of heat stress days is expected to increase in the country, especially under the SSP5-8.5 scenario with a projected increase of 84 days in the period 2051-2080 and 65 days for 2021-2050. In addition, the work of Sawadogo et al. (2024) reveals an increase of about 160 heat stress days per year for the period 2071-2100 in the high emission scenario'>The number of heat stress days is expected to incr...</span>","Extreme temperature"
"Central African Republic","BTR","<span title='The steady rise in air temperature across the country'>The steady rise in air temperature across the coun...</span>",""
"Central African Republic","BTR","Heavy rains leading to floods","Storm;Flood"
"Central African Republic","BTR","<span title='Rainfall deficits manifested by (i) drought, (ii) the late start of the rainy season, (iii) the early end of the rainy season, and (iv) pockets of drought during the rainy season.'>Rainfall deficits manifested by (i) drought, (ii) ...</span>","Drought;Change in precipitation"
"Central African Republic","BTR","<span title='Air temperature in the Central African Republic has been rising continuously since the 1970s. Since 1990, the northeast of the country has recorded an increase of approximately 0.34°C per decade compared to 0.24°C in the southwest'>Air temperature in the Central African Republic ha...</span>",""
"Central African Republic","BTR","<span title='Very hot days have increased by 0.25°C per decade and very hot nights by 0.21°C per decade'>Very hot days have increased by 0.25°C per decade ...</span>","Extreme temperature"
"Central African Republic","BTR","<span title='Very hot episodes are increasingly frequent in March, April and May, with maximum temperatures exceeding 35°C. The years 1993, 2007, 2014 and 2018 were particularly hot in the Central African Republic.'>Very hot episodes are increasingly frequent in Mar...</span>","Change in temperature"
"Central African Republic","BTR","<span title='All climate change scenarios, whether pessimistic or optimistic, predict a continued increase in temperature in the Central African Republic until 2080, a stabilization year for the optimistic scenarios'>All climate change scenarios, whether pessimistic ...</span>","Change in temperature"
"Central African Republic","BTR","<span title='Rising temperatures accelerate the process of evaporation and evapotranspiration, which in turn impacts the frequency and intensity of rainfall.'>Rising temperatures accelerate the process of evap...</span>","Extreme temperature;Change in temperature;Change in precipitation"
"Central African Republic","BTR","<span title='The Central African Republic has recently recorded heavy rainfall, similar to that of the 1960s, the wettest decade in the CAR. The regularity of these heavy rains across the various watersheds, combined with other hydrogeological factors,
leads to historical flooding that generates flooding'>The Central African Republic has recently recorded...</span>","Storm;Flood;Change in precipitation"
"Central African Republic","BTR","<span title='Over the past three decades, the country has experienced irregular rainfall, which is felt by agropastoral producers. The rains begin and end sometimes late, sometimes early. Pockets of drought (agricultural drought) are observed in the middle of the rainy season, with rains extending into the dry months.'>Over the past three decades, the country has exper...</span>","Drought;Change in precipitation"
"Central African Republic","BTR","<span title='In 2018, the false start of rain in February was followed by an agricultural drought throughout April, with no useful rain falling. The 2018 agricultural drought caused enormous losses for maize producers in the Central African Republic. The same goes for the extension of the 2023 rainy season, which will likely have repercussions on the production and yield of sesame and cotton fiber.'>In 2018, the false start of rain in February was f...</span>","Drought"
"Czech Republic","BTR","<span title='Since the 1960s, a gradual increase in air temperatures has been observed, which has accelerated especially since the 1980s.'>Since the 1960s, a gradual increase in air tempera...</span>",""
"Czech Republic","BTR","<span title='It is projected that the annual air temperature in the Czech Republic will increase by 2.0 °C by the end of the 21st century (RCP4.5) or by 4.1 °C in the RCP8.5 scenario compared to the reference period (1981-2010).'>It is projected that the annual air temperature in...</span>","Change in temperature"
"Czech Republic","BTR","<span title='A more significant change will occur in the maximum and minimum air temperatures. The models predict that the highest increase in maximum air temperatures will occur in winter and the lowest in spring.'>A more significant change will occur in the maximu...</span>","Extreme temperature"
"Czech Republic","BTR","<span title='There is a change in the character of precipitation. We observe a statistically significant increase in the number of days with higher rainfall totals, which are mostly due to storm activity in the summer months. In contrast, the number and length of statistically significant increase in the number of days with higher rainfall totals, which are episodes with little or no rain is increasing. 
'>There is a change in the character of precipitatio...</span>","Storm;Change in precipitation"
"Czech Republic","BTR","<span title='Precipitation predictions based on all 11 RCM experiments show a slight increase of 7-13% for RCP4.5 or 6-16% for RCP8.5. Higher precipitation is observed by the end of the 21st century'>Precipitation predictions based on all 11 RCM expe...</span>","Change in precipitation"
"Czech Republic","BTR","<span title='Tropical days occur on average only a limited number of days per year for the whole country (on average 8 days per year during the period 1961-2023), but in recent years we observe a significant increase. For example, in 2015, almost 30 tropical days occurred on average across the country (spatially highly differentiated). During 1961-1990, only 4.4 tropical days per year were observed on average. In the period 1991-2020 there has already been a significant increase to 10.4 days per year.'>Tropical days occur on average only a limited numb...</span>",""
"Czech Republic","BTR","<span title='In the current period, there is a statistically significant downward trend in the number of frost days, which will continue in the future'>In the current period, there is a statistically si...</span>","Extreme temperature"
"Czech Republic","BTR","<span title='A greater likelihood of drought occurrence and intensity, faster vegetation development (this translates into a shorter time to biomass formation in the case of existing varieties),'>A greater likelihood of drought occurrence and int...</span>","Drought"
"Czech Republic","BTR","<span title='A higher risk of stress from high temperatures during sensitive developmental stages,'>A higher risk of stress from high temperatures dur...</span>","Extreme temperature"
"Czech Republic","BTR","A higher risk of flooding","Flood"
"Czech Republic","BTR","<span title='The main impacts of climate change that pose risks to forestry are rising air temperatures, particularly spring and summer temperatures, decreasing summer precipitation and increased evapotranspiration. This leads to higher drought severity, increased frequency of dry periods and increased length of dry periods.'>The main impacts of climate change that pose risks...</span>","Extreme temperature;Drought;Change in precipitation"
"Czech Republic","BTR","<span title='Biotic agents, especially bark beetles, play a decisive role in tree mortality. Their increased activity is partly due to the weakened resistance of trees caused by the drought.'>Biotic agents, especially bark beetles, play a dec...</span>","Drought"
"Czech Republic","BTR","<span title='Negative factors that have been known for a long time have an impact on the health of forest stands. The abiotic factors are mainly wind, snow, drought, immission stress and nutritional deficiencies, while the biotic factors are mainly insects (bark beetles, leaf-eating insects, etc.), fungal pathogens, wildlife, small rodents and undesirable vegetation in the case of forest regeneration and young stands'>Negative factors that have been known for a long t...</span>","Extreme temperature;Drought"
"Czech Republic","BTR","Increase in fire risk","Wildfire"
"Czech Republic","BTR","<span title='The main impacts of climate change in urban environments include increased temperatures, flooding and heavy rainfall and, in the future, water scarcity'>The main impacts of climate change in urban enviro...</span>","Storm;Flood;Change in temperature;Change in precipitation"
"Czech Republic","BTR","<span title='The occurrence of extreme weather events can lead to an increased frequency of forest fires, with impacts on forest ecosystem services such as carbon sinks.'>The occurrence of extreme weather events can lead ...</span>","Extreme temperature;Wildfire"
"Czech Republic","BTR","<span title='Summer mortality is likely to increase due to the occurrence of heat waves. The elderly and socially excluded population, including young children, are likely to be most at risk.'>Summer mortality is likely to increase due to the ...</span>","Extreme temperature"
"Czech Republic","BTR","Drought is putting drinking water sources at risk.","Drought"
"Tajikistan","BTR","<span title='Tajikistan is prone to natural disasters such as floods, avalanches, landslides, extreme temperatures and droughts, which are exacerbated by climate change. Such events damage and destroy land, crops and infrastructure, reducing income sources and affecting the livelihoods of people, especially those living in rural areas'>Tajikistan is prone to natural disasters such as f...</span>","Extreme temperature;Drought;Landslide;Flood"
"Tajikistan","BTR","<span title='During the period 1997-2022, Tajikistan experienced more than 4,194 natural disasters. In particular, on average, one natural disaster occurred every two days'>During the period 1997-2022, Tajikistan experience...</span>",""
"Tajikistan","BTR","<span title='Mudflows are the most common (an average of 70 events per year) and the most dangerous (an average of 35 deaths per year) type of disaster in Tajikistan. Avalanches rank second in these indicators (an average of 27 events and 6 deaths per year)'>Mudflows are the most common (an average of 70 eve...</span>",""
"Tajikistan","BTR","<span title='Climate and weather conditions will cause more frequent mudflows and, paradoxically, droughts, as well as periods of abnormally hot weather and adverse weather conditions (such as heavy hail that can destroy crops).'>Climate and weather conditions will cause more fre...</span>","Storm;Drought"
"Tajikistan","BTR","<span title='The average annual air temperature will increase in all sub-basins, especially in the central part of the Vakhsh and Pyanj river basins'>The average annual air temperature will increase i...</span>","Change in temperature"
"Tajikistan","BTR","<span title='It is evident that the average annual precipitation will gradually increase, although some decrease is still noticeable in the lower part of the Vakhsh and Pyanj basins for the period 2010-2040.'>It is evident that the average annual precipitatio...</span>","Extreme temperature;Change in precipitation"
"Tajikistan","BTR","<span title='In general, the maximum daily temperature within each decade (magnitude of heat wave) increases towards the end of the century, although a decrease in temperature is also observed in the period 2030-2040 in the Pamirs'>In general, the maximum daily temperature within e...</span>","Extreme temperature"
"Tajikistan","BTR","The risk of heat waves is likely to increase","Extreme temperature"
"Tajikistan","BTR","<span title='In the future, the minimum daily air temperature may increase in many sub-basins of the Pyanj and Vakhsh river basins'>In the future, the minimum daily air temperature m...</span>",""
"Tajikistan","BTR","<span title='Preliminary projections suggest that average annual precipitation will decrease by 5% by 2050. In general, winters will be drier and summers will be wetter, which could lead to both increased flooding and droughts.'>Preliminary projections suggest that average annua...</span>","Drought;Flood;Change in precipitation"
"Tajikistan","BTR","<span title='The number of dry days is expected to increase by about 3 days by 2050'>The number of dry days is expected to increase by ...</span>","Drought"
"Tajikistan","BTR","<span title='Average annual potential evapotranspiration is likely to increase as a result of increase in air temperature;'>Average annual potential evapotranspiration is lik...</span>","Extreme temperature"
"Tajikistan","BTR","<span title='The annual amount of rainfall will increase, and snowfall will decrease as a result of rising air temperature'>The annual amount of rainfall will increase, and s...</span>","Extreme temperature;Change in precipitation"
"Tajikistan","BTR","<span title='Significant changes in the average monthly amount of rain and snowfall are likely in the winter and spring periods;'>Significant changes in the average monthly amount ...</span>","Extreme temperature"
"Tajikistan","BTR","<span title='The frequency of days with isolated intense precipitation events may vary slightly'>The frequency of days with isolated intense precip...</span>","Change in precipitation"
"Tajikistan","BTR","<span title='The number of days with intense precipitation events (e.g. 50-year storms) is likely to increase in many sub-basins across the Panj and Vakhsh River basins.'>The number of days with intense precipitation even...</span>","Storm;Change in precipitation"
"Tajikistan","BTR","<span title='Projected temperature increases will increase the risk of drought due to higher evaporation and earlier snowmelt. For example, by the mid-21st century, in the densely populated Fergana Valley, precipitation is projected to increase by 10 mm and evaporation by at least 70 mm.'>Projected temperature increases will increase the ...</span>","Extreme temperature;Drought;Change in temperature;Change in precipitation"
"Tajikistan","BTR","<span title='Glaciated areas are projected to shrink by 15%-20% compared to current levels while according to projections based on the current rate of glacier retreat, most of the small glaciers in Tajikistan
may disappear completely in 30-40 years'>Glaciated areas are projected to shrink by 15%-20%...</span>","Extreme temperature"
"Tajikistan","BTR","<span title='The recently observed increases in river flows are unlikely to continue until the middle of the 21st century in the rivers of the Western and Eastern Pamirs (Pyanj River basin). In the absence of adequate preventive measures, as a result of climate change, the average temperature of the basin may increase from
0.7 °C to 1.40 °C–3.0 °C by the middle of the 21st century and the volume of glaciers may decrease by 50%–70%;'>The recently observed increases in river flows are...</span>","Extreme temperature;Change in temperature"
"Tajikistan","BTR","<span title='Runoff in the Vakhsh River basin is projected to increase by the mid to late 21st century. Models also project a 10% to 20% decrease in river runoff. Moderate scenarios project a 5% to 10% increase in runoff. Moderate scenarios project a 5% to 10% increase in runoff by the mid 21st century. In the Vakhsh
River basin, mean annual temperatures are projected to increase from 3.3°C in the mid to 6.9°C in the late 21st century.'>Runoff in the Vakhsh River basin is projected to i...</span>","Change in temperature"
"Argentina","BTR","<span title='In the period 1960-2010, increases in average precipitation were observed
annual for most of the territory, with interannual variations and
interdecadal'>In the period 1960-2010, increases in average prec...</span>","Change in precipitation"
"Argentina","BTR","<span title='The frequency and intensity of extreme precipitation events increased in large parts
of the country'>The frequency and intensity of extreme precipitati...</span>","Change in precipitation"
"Argentina","BTR","<span title='An increase in maximum daily precipitation was observed in much of
of the Argentine territory, which resulted in more urban flooding
frequent.'>An increase in maximum daily precipitation was obs...</span>","Flood;Change in precipitation"
"Argentina","BTR","<span title='Changes in the east and north of the country in the indices related to the
extreme temperatures, such as less frost and more frequent heat waves,
are consistent with the observed warming in temperature.'>Changes in the east and north of the country in th...</span>","Extreme temperature"
"Argentina","BTR","<span title='The rise in temperature has also generated a decline in almost all the glaciers of the Patagonian Andes between 37° and 55° S during the last decades'>The rise in temperature has also generated a decli...</span>","Extreme temperature;Change in temperature"
"Argentina","BTR","<span title='An increase in the frequency and intensity of rainfall is expected
torrential, although there will not be major variations in the
average annual rainfall for the near future, as changes
projected are between -10% and 10%. These variations would remain within
of these thresholds until the end of the century for a large part of the national territory.'>An increase in the frequency and intensity of rain...</span>","Storm;Change in precipitation"
"Argentina","BTR","<span title='Regarding glacier retreat, the downward trend in the
ice surface would continue during this century, according to the
temperature increase projections in all scenarios. It is expected
that many ice bodies will be diminished or disappear over time
the coming decades, even if emissions are reduced and stabilized
temperatures, since they take a considerable time to adjust to
changes in the climate.'>Regarding glacier retreat, the downward trend in t...</span>","Extreme temperature;Change in temperature"
"Argentina","BTR","<span title='The increases in sea level would affect the entire coast of
Argentine maritime and the Río de la Plata, since they affect the waves of
storm and erosion processes. In particular, they could be affected by
permanent flooding of some of the tidal flats on the southern coast
of the province of Buenos Aires.'>The increases in sea level would affect the entire...</span>","Storm;Flood;Land degradation;Sea level rise"
"Argentina","BTR","<span title='An increase in sea surface temperature in the next century and a higher frequency
from marine heat waves.'>An increase in sea surface temperature in the next...</span>","Extreme temperature;Sea temperature"
"Colombia","BTR","<span title='In Colombia, more than 80% of the total disasters that occurred in the country from 1998 to 2023 are caused by hydrometeorological events. Of these, 35% are associated with rainfall deficit such as forest fires and droughts, 28% with floods, 18% with landslides, and 4% with torrential floods, the latter due to excess rainfall'>In Colombia, more than 80% of the total disasters ...</span>","Storm;Drought;Wildfire;Landslide;Flood;Change in precipitation"
"Colombia","BTR","<span title='Temperature increases by 2100 could range from 1.2 to 5°C, with the largest increases in the SSP3-7.0 and SSP5-8.5 scenarios.'>Temperature increases by 2100 could range from 1.2...</span>","Change in temperature"
"Colombia","BTR","<span title='For the period 2021-2040, precipitation increases of between 10-20% are expected in the Andean region, but reductions in the Caribbean and Orinoquia regions in the SSP5-8.5 scenario.'>For the period 2021-2040, precipitation increases ...</span>","Change in precipitation"
"Colombia","BTR","<span title='Relative humidity in Colombia will decrease in most of the country'>Relative humidity in Colombia will decrease in mos...</span>",""
"Colombia","BTR","<span title='Between 2021-2040, wind speed will decrease across much of the country, with small increases in northern La Guajira. By 2041-2060, the reductions will remain, but the increases will be highest in La Guajira and northeastern Orinoquia. In 2061-2080, reductions will continue, but increases will be greater in La Guajira and the northern Caribbean and Orinoquia. By 2081-2100, reductions will continue in the Andean and Pacific regions, with increases in the Caribbean, Orinoquia, and Amazonia, especially in the SSP3-7.0 and SSP5-8.5 scenarios.'>Between 2021-2040, wind speed will decrease across...</span>",""
"Colombia","BTR","<span title='Throughout the 21st century, global radiation will increase in the Andean, Orinoquia, and Amazonia regions, as shown in Figure 3.16, and will decrease in the Caribbean region.'>Throughout the 21st century, global radiation will...</span>",""
"Colombia","BTR","<span title='The assessment of climate change for the period 2021 to 2040 through the SSP scenarios generated at the national level, indicate a progressive increase in the temperature variable and sectoral variations in precipitation'>The assessment of climate change for the period 20...</span>","Change in precipitation"
"Costa Rica","BTR","Tropical storm","Storm"
"Costa Rica","BTR","Cold front",""
"Costa Rica","BTR","Low pressure",""
"Costa Rica","BTR","El Niño phenomenon",""
"Costa Rica","BTR","Hurricane",""
"Costa Rica","BTR","Intertropical Convergence Zone",""
"Costa Rica","BTR","Tropical wave",""
"Costa Rica","BTR","Anticyclone","Storm"
"Costa Rica","BTR","Acceleration of trade winds",""
"Costa Rica","BTR","Cyclone season in the Caribbean","Storm"
"Costa Rica","BTR","La Niña phenomenon",""
"Costa Rica","BTR","Warm Caribbean",""
"Costa Rica","BTR","Rainfall deficit","Change in precipitation"
"Costa Rica","BTR","High temperatures","Extreme temperature"
"Costa Rica","BTR","Heavy rain","Storm"
"Costa Rica","BTR","Droughts","Drought"
"Costa Rica","BTR","Landslides","Landslide"
"Costa Rica","BTR","Floods","Flood"
"Costa Rica","BTR","Heat strokes",""
"Costa Rica","BTR","<span title='In the medium term, changes in seawater acidity (pH) are expected, which could increase the capacity to dissolve carbonates essential for proper shell development.'>In the medium term, changes in seawater acidity (p...</span>","Ocean acidification"
"Costa Rica","BTR","<span title='Environmental conditions such as drought and increased trade winds during El Niño, favor the spread of fire during forest fires.'>Environmental conditions such as drought and incre...</span>","Drought;Wildfire"
"Costa Rica","BTR","<span title='Recurring low temperatures in northern Cartago affect crop development.'>Recurring low temperatures in northern Cartago aff...</span>",""
"Costa Rica","BTR","<span title='Ocean acidification that affects the ability to
reproduction of mollusks.'>Ocean acidification that affects the ability to
r...</span>","Ocean acidification"
"Côte d'Ivoire","BTR","<span title='IPCC reports (2007; 2014; 2021) indicate an increase and intensification of extreme climatic events (flooding, drought) in the coming years. Thus, floods are likely to cause damage and threaten lives at least once in the ten coming years.'>IPCC reports (2007; 2014; 2021) indicate an increa...</span>","Drought;Flood"
"Côte d'Ivoire","BTR","<span title='If we only consider sea level rise, the total areas potentially floodable by 2100 is approximately 800 km2 in Ivory Coast.'>If we only consider sea level rise, the total area...</span>","Sea level rise"
"Côte d'Ivoire","BTR","<span title='Overall, the areas that will likely be most affected by erosion by 2100 are those located on the edge of the Atlantic Ocean. Among the other risk areas include the city of Abidjan in Ivory Coast'>Overall, the areas that will likely be most affect...</span>","Land degradation"
"Côte d'Ivoire","BTR","<span title='The risk of extreme heat is high throughout Côte d'Ivoire. However, it is more important in the north of the country'>The risk of extreme heat is high throughout Côte d...</span>","Extreme temperature"
"Côte d'Ivoire","BTR","<span title='According to the World Bank, it is expected that prolonged exposure to extreme heat leading to heat stress which could occur at least once in the next five years.'>According to the World Bank, it is expected that p...</span>","Extreme temperature"
"Côte d'Ivoire","BTR","<span title='It is almost certain that over the next 50 years, extreme heat episodes are more frequent over most land areas.'>It is almost certain that over the next 50 years, ...</span>","Extreme temperature"
"Côte d'Ivoire","BTR","<span title='From the 1980s until 2000, Ivory Coast experienced a long period of rainfall deficit of approximately 3% compared to the 1971-2000 normal, with periods of severe drought, notably in 1983 and 1998, for decreases
respective increases of 15% and 11% compared to the same normal.'>From the 1980s until 2000, Ivory Coast experienced...</span>","Drought;Change in precipitation"
"Côte d'Ivoire","BTR","<span title='Since the 1970s, a strong recurrence of drought has been observed with a strong
station rate in a situation of rainfall deficit, particularly in 1987 where 50% of the
country was affected.'>Since the 1970s, a strong recurrence of drought ha...</span>","Drought;Change in precipitation"
"Côte d'Ivoire","BTR","<span title='It appears that drought, whatever its intensity, affects almost the entire country. This leads to serious problems (lack of water, diseases,
migrations, etc.) at certain times of the year in various regions of the country'>It appears that drought, whatever its intensity, a...</span>","Drought;Pest and disease"
"Côte d'Ivoire","BTR","<span title='The risk of water shortage is high in Ivory Coast. These areas, mainly located in the north of Ivory Coast, are at high risk of water shortages.This may be related to climatic factors such as low rainfall and season prolonged drought, combined with limited water resource management.'>The risk of water shortage is high in Ivory Coast....</span>","Drought;Change in precipitation"
"Côte d'Ivoire","BTR","<span title='Their damage is considerable on biodiversity, with repercussions on food, social and economic security.'>Their damage is considerable on biodiversity, with...</span>",""
"Côte d'Ivoire","BTR","<span title='Crop calendars are subject to variations due mainly to the variability of rainfall amounts.'>Crop calendars are subject to variations due mainl...</span>","Change in precipitation"
"Côte d'Ivoire","BTR","Temperature extreme",""
"Côte d'Ivoire","BTR","Sliding of land",""
"Côte d'Ivoire","BTR","Boulement of ground",""
"Côte d'Ivoire","BTR","Heat waves","Extreme temperature"
"Côte d'Ivoire","BTR","Strong winds","Storm"
"Côte d'Ivoire","BTR","Violent fires","Wildfire"
"Côte d'Ivoire","BTR","Precipitation decrease","Change in precipitation"
"Côte d'Ivoire","BTR","Falling plants",""
"Côte d'Ivoire","BTR","Late start and early end off season",""
"Côte d'Ivoire","BTR","Increase in sunshine duration",""
"Côte d'Ivoire","BTR","Increased salinity","Salinization"
"Côte d'Ivoire","BTR","Water acidification","Ocean acidification"
"Ecuador","BTR","Extreme precipitation and temperature events","Change in precipitation"
"Ecuador","BTR","Drought","Drought"
"Ecuador","BTR","Heavy rains","Storm"
"Ecuador","BTR","High temperatures","Extreme temperature"
"Ecuador","BTR","Frost","Extreme temperature"
"Ecuador","BTR","<span title='Variability in sea surface temperature, acidification, and dissolved oxygen levels have direct and indirect effects on the marine biodiversity, food security and local economies that depend on fishing and tourism.'>Variability in sea surface temperature, acidificat...</span>","Sea temperature;Ocean acidification"
"Ecuador","BTR","<span title='some species could suffer a total loss of their ideal habitat, which would entail a risk high risk of local extinction'>some species could suffer a total loss of their id...</span>",""
"Ecuador","BTR","<span title='The models suggest that, under dispersal assumptions, some areas could see an increase in their species richness, which indicates opportunities for the expansion of protected areas in regions that will become critical under climate futures.'>The models suggest that, under dispersal assumptio...</span>",""
"Ecuador","BTR","<span title='A significant increase in SST at two horizons temporary. In the short term (2021-2050), the increase will be 0.91°C in the SSP2-4.5 scenario and 1.05°C in SSP5-8.5. In the long term (2051-2080), projects an increase of 1.56°C in SSP2-4.5 and 2.31°C in SSP5-8.5. These figures imply an amplification of temperature increases towards the end of the century'>A significant increase in SST at two horizons temp...</span>","Change in temperature"
"Ecuador","BTR","A trend towards ocean acidification","Ocean acidification"
"Ecuador","BTR","<span title='The Mean Sea Level (MSL) is projected to rise uniformly in Ecuador, with a projected rise of 0.15 m on the near horizon and up to 0.36 m on the distant horizon. This uniform rise is an indicator significant change and will have substantial impacts on beach erosion and at risk of coastal flooding, directly affecting infrastructure and human settlements located in coastal areas'>The Mean Sea Level (MSL) is projected to rise unif...</span>","Flood;Land degradation;Sea level rise"
"Ecuador","BTR","<span title='Floods and landslides are expected with greater frequency in the country.'>Floods and landslides are expected with greater fr...</span>","Landslide;Flood"
"Ecuador","BTR","<span title='Historical trend analysis shows an increase in precipitation in most sections of the road infrastructure with some sites where precipitation reductions occur (some sectors of the provinces of Los Ríos and Santa Elena).'>Historical trend analysis shows an increase in pre...</span>","Change in precipitation"
"Ecuador","BTR","<span title='In scenarios of climate change the magnitude and recurrence of extreme events such as landslides will increase progressively.'>In scenarios of climate change the magnitude and r...</span>","Landslide"
"Ecuador","BTR","<span title='In the Coca basin power plants (Coca Codo Sinclair and Quijos), the models provide increasing trends in flow rates both in the short term as in the medium and long term'>In the Coca basin power plants (Coca Codo Sinclair...</span>",""
"Ecuador","BTR","<span title='However, precipitation trends show an increase in the areas which were already dangerous before due to high rainfall such as are the eastern sectors'>However, precipitation trends show an increase in ...</span>","Change in precipitation"
"Gabon","BTR","<span title='Weather events, with the major elements being the increase in temperatures and precipitation variations'>Weather events, with the major elements being the ...</span>","Change in temperature;Change in precipitation"
"Gabon","BTR","<span title='Continental hydrological events, with floods and overflows of watercourses and marshy basins, causing flooding'>Continental hydrological events, with floods and o...</span>","Flood"
"Gabon","BTR","<span title='Oceanographic events, with the major elements being the rise in sea level sea, causing marine submersion, salinization of fresh water, and coastal erosion'>Oceanographic events, with the major elements bein...</span>","Salinization;Land degradation;Sea level rise"
"Gabon","BTR","<span title='In the coastal zone, these are the oscillations of short and long tidal waves, associated to the swell, which best reflect the sea level, under the effect of meteorology and astronomical movements.'>In the coastal zone, these are the oscillations of...</span>","Sea level rise"
"Gabon","BTR","<span title='By 2050, the average sea level is expected to rise by around 10.2 cm.'>By 2050, the average sea level is expected to rise...</span>","Sea level rise"
"Gabon","BTR","<span title='Regarding the meteorological tide, the long-term trend indicates a decrease of some -0.14 mm/year, both in the case of average tides and extreme tides, which implies a reduction of around 5% by 2050, which in absolute terms corresponds to a decrease of some 5.5 mm.'>Regarding the meteorological tide, the long-term t...</span>",""
"Gabon","BTR","<span title='Significant long-term increases in wave heights, both average and extreme, as well as than a tendency towards clockwise rotation of the incident swell. Both in the case of heights of average and extreme waves, the increase from now until 2050 is around 4%.'>Significant long-term increases in wave heights, b...</span>",""
"Gabon","BTR","<span title='Increasing trends in the number and duration of storms have been observed.'>Increasing trends in the number and duration of st...</span>","Storm"
"Gabon","BTR","<span title='By 2050, up to 3 more storms per year and up to 7 more days more in the annual duration of said storms.'>By 2050, up to 3 more storms per year and up to 7 ...</span>","Storm"
"Gabon","BTR","<span title='For the winds, significant decreasing trends were observed, both in level of the magnitude of average winds as well as the occurrence and duration of windstorms, as well as a counterclockwise rotation trend of 3.7º of rotation in depth, by 2050'>For the winds, significant decreasing trends were ...</span>","Storm"
"Gabon","BTR","<span title='The trend observed in the analysis of the temperature curve shows a slight increase between 1970 and 2015; it is of the order of 1°C for the period indicated, or forty-five years'>The trend observed in the analysis of the temperat...</span>",""
"Gabon","BTR","<span title='Precipitation offers a variation in interannual rates, with averages of generally constant precipitation'>Precipitation offers a variation in interannual ra...</span>","Change in precipitation"
"Gabon","BTR","<span title='Model simulations show an increase in temperature in all projections futures and all emissions scenarios, both short, medium and long term'>Model simulations show an increase in temperature ...</span>","Change in temperature"
"Gabon","BTR","<span title='In terms of precipitation, future changes are less significant and much more uncertain than those of temperatures. Projections for Gabon show no consistent indication in the potential variation of total precipitation. However, the models predict a slight increase in precipitation in the medium and long term and for all emissions scenarios'>In terms of precipitation, future changes are less...</span>","Change in precipitation"
"Honduras","BTR","<span title='An increase in the average annual temperature is observed in the last 70 years and consistent increase in the intensity of these changes'>An increase in the average annual temperature is o...</span>","Change in temperature"
"Honduras","BTR","<span title='The average annual rainfall in the country shows a negative trend, with an approximate reduction of 7 to 10 mm per year over the past 50 years'>The average annual rainfall in the country shows a...</span>","Change in precipitation"
"Honduras","BTR","<span title='Temperature increases are homogeneous throughout the territory, intensifying slightly in the south and west of the country'>Temperature increases are homogeneous throughout t...</span>","Change in temperature"
"Honduras","BTR","<span title='Reductions in precipitation are expected for the months of June-July-August for all scenarios, intensifying the heatwave'>Reductions in precipitation are expected for the m...</span>","Extreme temperature;Change in precipitation"
"Honduras","BTR","<span title='Regarding the average annual precipitation, long-term reductions are expected in all scenarios and regions (with a 10% reduction for the RCP scenario 8.5). The above implies an intensification of droughts and therefore the reduction in water availability and an increase in aridity'>Regarding the average annual precipitation, long-t...</span>","Drought;Change in precipitation"
"Honduras","BTR","<span title='An increase in the days of torrential rainfall which can generate floods and landslides'>An increase in the days of torrential rainfall whi...</span>","Storm;Landslide;Flood;Change in precipitation"
"Honduras","BTR","<span title='Changes in temperature and precipitation promote better conditions for the occurrence of forest fires'>Changes in temperature and precipitation promote b...</span>","Wildfire;Change in precipitation"
"Honduras","BTR","<span title='According to the IPCC AR6 Report (2022), a reduction is expected in the frequency of tropical cyclones but an increase in the frequency of intense cyclones or hurricanes.'>According to the IPCC AR6 Report (2022), a reducti...</span>","Storm"
"Honduras","BTR","<span title='Significant sea level rises are expected in the Atlantic coast'>Significant sea level rises are expected in the At...</span>","Sea level rise"
"Cuba","BTR","<span title='The average annual air temperature varies from 24°C in the plains to 26°C; although  locally, on the coasts and mountains of the eastern region, they can be higher and lower, respectively. In the period 1951-2022, this variable shows a statistically significant increase of 1.0°C,'>The average annual air temperature varies from 24°...</span>","Change in temperature"
"Cuba","BTR","<span title='Each of the last three decades has been warmer than all previous ones since 1951, being the period 10 years (2013-2022) warmer than all the decades that preceded it.'>Each of the last three decades has been warmer tha...</span>","Extreme temperature"
"Cuba","BTR","<span title='There is an increasing trend in the period 1985-2022 with a point of change in the series in 2004'>There is an increasing trend in the period 1985-20...</span>",""
"Cuba","BTR","<span title='Tropical cyclones, thunderstorms and cold fronts combined with certain mesoscale situations, are responsible for heavy rainfall (>100 mm), which have a significant impact on the annual rainfall and its spatial distribution. In particular, Tropical cyclones and severe local storms are responsible for some of the observed climate extremes and are the meteorological phenomena with which they are associated. the greatest dangers of disaster, especially heavy rain and heavy rainfall'>Tropical cyclones, thunderstorms and cold fronts c...</span>","Storm;Change in precipitation"
"Cuba","BTR","<span title='Between 1791 and 2022, a total of 119 hurricanes have affected Cuba, 36 of them (representing 30%) classified as intense (category 3 or higher on the scale of Saffir-Simpson)'>Between 1791 and 2022, a total of 119 hurricanes h...</span>",""
"Cuba","BTR","<span title='The hurricanes that affected Cuba show an increasing trend over the last few years.'>The hurricanes that affected Cuba show an increasi...</span>",""
"Cuba","BTR","<span title='Projections of future climate show hurricanes could become more intense, following the rise in sea temperature.'>Projections of future climate show hurricanes coul...</span>","Sea temperature"
"Cuba","BTR","<span title='An increase in the annual air temperature for the Cuban archipelago higher than 1.0°C by 2030 and 3.5°C by 2070, with respect to the reference period 1961-1990'>An increase in the annual air temperature for the ...</span>","Change in temperature"
"Cuba","BTR","<span title='As for precipitation projections, it is expected a reduction of almost 10% in the rainy season.'>As for precipitation projections, it is expected a...</span>","Change in precipitation"
"Cuba","BTR","<span title='Sea level rise projections made in the first decade of the present century showed an increase of 27 cm by 2050 and 85 cm by 2100. Such projections were updated for the period 2030-2100, with values of 29.3 and 95.0 cm for the years 2050 and 2100, respectively'>Sea level rise projections made in the first decad...</span>","Sea level rise"
"Cuba","BTR","<span title='Changes in the climate regime, increasing temperature and humidity deficit, with a negative impact on ecosystems, with particular relevance to fresh water and agriculture'>Changes in the climate regime, increasing temperat...</span>","Change in temperature"
"Cuba","BTR","<span title='Increase in extreme weather events, mainly drought processes, consecutive dry days, very warm days, as well as the reduction of cold/cool nights, with adverse impacts on ecosystems and key socio-economic sectors'>Increase in extreme weather events, mainly drought...</span>","Extreme temperature;Drought"
"Cuba","BTR","<span title='Increase in the impact of intense hurricanes and the occurrence of other phenomena dangerous weather conditions such as tornadoes, heavy rains, strong winds and flooding.'>Increase in the impact of intense hurricanes and t...</span>","Storm;Flood"
"Cuba","BTR","<span title='Increased minimum, average, and maximum air temperatures'>Increased minimum, average, and maximum air temper...</span>",""
"Cuba","BTR","<span title='Episodes of continuous days with extreme high temperatures'>Episodes of continuous days with extreme high temp...</span>","Extreme temperature"
"Cuba","BTR","<span title='Increased evapotranspiration and evaporation directly from the surfaces of water bodies'>Increased evapotranspiration and evaporation direc...</span>","Extreme temperature"
"Cuba","BTR","<span title='Changes in the precipitation regime, with a reduction in rainy days and accumulated sheets'>Changes in the precipitation regime, with a reduct...</span>","Change in precipitation"
"Cuba","BTR","Intense rainfall","Change in precipitation"
"Cuba","BTR","More intense hurricanes",""
"Cuba","BTR","Greater intensity of upwellings",""
"Mexico","BTR","<span title='Prolonged exposure to warmer temperatures, which raises concerns about human health and poses risks to the water resources and agriculture.'>Prolonged exposure to warmer temperatures, which r...</span>","Extreme temperature"
"Mexico","BTR","<span title='Regarding changes in precipitation, these compromise food security and disaster prevention against floods.'>Regarding changes in precipitation, these compromi...</span>","Flood;Change in precipitation"
"Mexico","BTR","Rising sea levels and flooding","Flood;Sea level rise"
"Mexico","BTR","<span title='In the second half of the 20th century there have been differentiated increases in the mean sea level both in the Gulf of Mexico and the Pacific Ocean.'>In the second half of the 20th century there have ...</span>","Sea level rise"
"Mexico","BTR","Average temperature increase of 0.31 per decade","Change in temperature"
"Mexico","BTR","<span title='Increase in warm days (maximum temperatures above 35°C) in the summer on the eastern coast of the country.'>Increase in warm days (maximum temperatures above ...</span>","Change in temperature"
"Mexico","BTR","<span title='Precipitation variations in trends have been observed, with significant decreases and increases. There will be regional changes in the seasonality of precipitation, and with a downward trend'>Precipitation variations in trends have been obser...</span>","Change in precipitation"
"Mexico","BTR","<span title='Extreme rainfall will be more frequent, only in the central and northern plateaus, and parts of the Gulf Coast, will double the occurrence of this type of events.'>Extreme rainfall will be more frequent, only in th...</span>","Change in precipitation"
"Mexico","BTR","<span title='As floods and storms become more frequent, droughts, and with rising sea levels, the cost in losses and damages will be increasingly higher, affecting livelihoods, health, ecosystems, economies, societies, cultures, services and infrastructure, therefore, affecting human and economic development in the country'>As floods and storms become more frequent, drought...</span>","Extreme temperature;Storm;Drought;Flood;Sea level rise"
"Mexico","BTR","<span title='In 2022, 34 tropical cyclones were generated, while in 2023, 42 of these were observed.'>In 2022, 34 tropical cyclones were generated, whil...</span>","Storm"
"Mexico","BTR","<span title='The hurricanes that caused the most damage to the population in these two years (2022,2023) were category 2 Agatha (2022) and H5 Otis (2023). Both events occurred in the Pacific Ocean'>The hurricanes that caused the most damage to the ...</span>",""
"Mexico","BTR","<span title='Droughts have been more frequent and severe, conditions that will be even more critical with climate change, which will lead to impacts on various sectors of society.'>Droughts have been more frequent and severe, condi...</span>","Drought"
"Mexico","BTR","<span title='Mexico, since the beginning of the 21st century, has seen an increase in the number of consecutive dry days, approximately 70 to 80 days per year.'>Mexico, since the beginning of the 21st century, h...</span>","Drought"
"Mexico","BTR","<span title='In 2024, three heat waves were experienced without unprecedented in Mexico, which led to breaking temperature records of between 30°C and 45°C in many cities across the country.'>In 2024, three heat waves were experienced without...</span>","Extreme temperature"
"Monaco","BTR","<span title='Monaco is already facing the effects of change climate change through rising temperatures, rising sea levels, and climate change rainfall patterns, and the increased frequency and magnitude of events extreme weather.'>Monaco is already facing the effects of change cli...</span>","Extreme temperature;Change in temperature;Change in precipitation;Sea level rise"
"Monaco","BTR","<span title='Storm Alex, which hit the region in 2020, caused considerable damage'>Storm Alex, which hit the region in 2020, caused c...</span>","Storm"
"Monaco","BTR","<span title='The flash floods and landslides associated with this storms have highlighted Monaco's vulnerability to events extreme weather.'>The flash floods and landslides associated with th...</span>","Extreme temperature;Storm;Landslide;Flood"
"Monaco","BTR","Marine submersion phenomena","Sea level rise"
"Monaco","BTR","<span title='Rising sea levels increase the risk of coastal areas being submerged, threatening infrastructure, homes and marine ecosystems'>Rising sea levels increase the risk of coastal are...</span>","Sea level rise"
"Monaco","BTR","<span title='The frequency increased heat waves, such as the heatwaves of 2022-2023, lead to periods  prolonged droughts that affect the availability of water resources and put in danger to public health.'>The frequency increased heat waves, such as the he...</span>","Extreme temperature;Drought"
"Monaco","BTR","<span title='The increasing presence of Aedes mosquitoes, vectors of diseases such as dengue and chikungunya, is another manifestation of climate impacts. These Mosquitoes proliferate in warmer and more humid climatic conditions, posing additional health risks for residents of Monaco.'>The increasing presence of Aedes mosquitoes, vecto...</span>","Extreme temperature;Pest and disease"
"Monaco","BTR","<span title='Extreme heat with health and quality of life issues, including also the impacts on ecosystems, particularly marine ecosystems.'>Extreme heat with health and quality of life issue...</span>","Extreme temperature"
"Monaco","BTR","<span title='Water shortages with implications for water supply and quality, but also indirectly on economic activities and the management of the city.'>Water shortages with implications for water supply...</span>",""
"Monaco","BTR","<span title='Intense weather phenomena, particularly rains and floods urban areas due to these rains but also to the rise in sea levels and the increase in the frequency and intensity of storms.'>Intense weather phenomena, particularly rains and ...</span>","Storm;Flood;Sea level rise"
"Monaco","BTR","<span title='Damage and disruption to infrastructure, networks and services critical, and the human economic impacts that could be associated.'>Damage and disruption to infrastructure, networks ...</span>","Extreme temperature"
"Monaco","BTR","<span title='The AR6 indicates that since the 1980s, atmospheric warming in the Mediterranean basin exceeded the global average rates, i.e. +0.87°C for the decade 2006-2015.'>The AR6 indicates that since the 1980s, atmospheri...</span>",""
"Monaco","BTR","<span title='Future rates of annual and summer warming in the Mediterranean basin should be respectively between 20% and 50% higher than the global annual average.'>Future rates of annual and summer warming in the M...</span>",""
"Monaco","BTR","<span title='The temperatures observed in Monaco since the beginning of the 1970s corroborate the observations of the IPCC and show a regular rise of +0.3°C per decade. This increase is more noticeable in minimum temperatures (+0.4°C) than in maximum temperatures.'>The temperatures observed in Monaco since the begi...</span>","Extreme temperature;Change in temperature"
"Monaco","BTR","<span title='An analysis of climate trends observed between 2014 and 2023 highlights a gradual increase in surface temperatures, with more moderate effects at greater depths.'>An analysis of climate trends observed between 201...</span>","Sea temperature"
"Monaco","BTR","<span title='Since the implementation of the measures, an absolute increase has been observed, in 2023, of 0.077 m with a rise rate of 1.9 mm/year over the observation period 2000-2023.'>Since the implementation of the measures, an absol...</span>",""
"Monaco","BTR","<span title='According to projections, the average sea level in the Mediterranean would be at the end of the 21st century in the range 20 to 110 cm higher than at the end of the 20th century'>According to projections, the average sea level in...</span>","Sea level rise"
"Monaco","BTR","<span title='The frequency of precipitation in the Mediterranean is expected to decrease'>The frequency of precipitation in the Mediterranea...</span>","Change in precipitation"
"Monaco","BTR","<span title='More frequent periods of drought, particularly in the summer season.'>More frequent periods of drought, particularly in ...</span>","Drought"
"Monaco","BTR","<span title='More frequent extreme precipitation: the number of extreme precipitation events extreme precipitation has already increased and this dynamic is expected to continue for these same levels of warming.'>More frequent extreme precipitation: the number of...</span>","Change in precipitation"
"Monaco","BTR","<span title='As a direct consequence of global warming, the scale of the upheavals to come may also be measured by the increase in the number of abnormally hot days, when the daytime temperature is 5°C or more above normal. While at the beginning 
of the century, this number of days was around 12 per year in Nice, it could, according to the scenario of intermediate  warming, be multiplied by 2.9 to reach 36 days each year by 2050'>As a direct consequence of global warming, the sca...</span>","Extreme temperature"
"Monaco","BTR","<span title='This warming will also result in a reduction in the risk of cold and of frost. While the Principality of Monaco has experienced nearly ten days of frost per year on average at the end of the 20th century, the RCP8.5 scenario envisages a strong decrease to short term then a possible disappearance of the risk of frost by the end of the 21st century.'>This warming will also result in a reduction in th...</span>","Extreme temperature"
"Monaco","BTR","<span title='Heat waves, episodes of high temperatures during the day and night over a period prolonged (at least 3 days), are becoming more and more regular.'>Heat waves, episodes of high temperatures during t...</span>","Extreme temperature"
"Monaco","BTR","<span title='With the increase in heavy rainfall and joint collection of wastewater and rainwater over a large part of the territory, Monaco is exposed to risks flooding due to urban runoff. This risk is increased by the significant presence underground infrastructure, including parking lots.'>With the increase in heavy rainfall and joint coll...</span>","Storm;Flood;Change in precipitation"
"Monaco","BTR","<span title='Laboratory studies of the Monaco Scientific Centre (CSM) show that this thermosensitive species is also impacted by ocean acidification.'>Laboratory studies of the Monaco Scientific Centre...</span>","Ocean acidification"
"Brazil","BTR","<span title='Signifi cant increase in practically all of Brazil, from 7 days in the historical period to 52 days between 2011 and 2020.'>Signifi cant increase in practically all of Brazil...</span>",""
"Brazil","BTR","<span title='Reduction in the Northeast and part of the Center-West and Southeast. Increase in the South and in parts of the North'>Reduction in the Northeast and part of the Center-...</span>",""
"Brazil","BTR","<span title='Longer periods of drought in practically the whole country. The Northeast and Center-West have worsened the most: the average has risen from 80 to 100 days in the last decade'>Longer periods of drought in practically the whole...</span>","Drought"
"Brazil","BTR","<span title='The southern region has been the most affected in recent decades, with an increase in average values from 140 mm to 160 mm. The states of MG (Minas Gerasi), ES (Espírito Santo), AP (Amapá) and MS (Mato Grosso do Sul) also worsened'>The southern region has been the most affected in ...</span>",""
"Brazil","BTR","<span title='With regard to the coastal-marine territory, there is a trend for sea surface temperature to rise'>With regard to the coastal-marine territory, there...</span>","Sea temperature"
"Brazil","BTR","<span title='Increase in temperature and heat waves in all macro-regions;'>Increase in temperature and heat waves in all macr...</span>","Extreme temperature;Change in temperature"
"Brazil","BTR","Increase in annual rainfall in the South","Change in precipitation"
"Brazil","BTR","<span title='Increase in extreme rainfall in the North, Southeast and South'>Increase in extreme rainfall in the North, Southea...</span>","Change in precipitation"
"Brazil","BTR","<span title='Increase in droughts in the Northeast, Center-West and Southeast regions'>Increase in droughts in the Northeast, Center-West...</span>","Drought"
"Brazil","BTR","<span title='Increase in severe wind in the North, Northeast, Southeast and South'>Increase in severe wind in the North, Northeast, S...</span>",""
"Brazil","BTR","<span title='Rising sea levels, sea temperature, marine heat waves and ocean acidification along the entire Brazilian coast'>Rising sea levels, sea temperature, marine heat wa...</span>","Extreme temperature;Sea level rise;Sea temperature;Ocean acidification"
"Brazil","BTR","<span title='The effect of climate change on flows and affluent natural energy (ANE) indicates scenarios of a decrease of between 6% and 41% in Brazil’s hydroelectric generation capacity.'>The effect of climate change on flows and affluent...</span>",""
"Panama","BTR","<span title='The increase in average temperatures is evident, along with an increase notable during prolonged periods of high temperatures.'>The increase in average temperatures is evident, a...</span>","Extreme temperature;Change in temperature"
"Panama","BTR","<span title='Alterations have been observed alarming precipitation patterns, manifested in short, intense and torrential rains, as well as as in the prolongation of dry periods'>Alterations have been observed alarming precipitat...</span>","Storm;Change in precipitation"
"Panama","BTR","Rising sea levels","Sea level rise"
"Panama","BTR","<span title='A decrease in precipitation is expected nationwide by 2050, with decreases notable in the western regions of the country, while increases are anticipated in the provinces of Dry Arc, especially in the Eastern Pacific region.'>A decrease in precipitation is expected nationwide...</span>","Change in precipitation"
"Panama","BTR","<span title='By 2070, even steeper declines are projected in the Caribbean and Pacific regions, Western, while the increases are concentrated in the Dry Arc and the Eastern Pacific region.'>By 2070, even steeper declines are projected in th...</span>",""
"Panama","BTR","<span title='These trends persist towards the year 2100, with declines of up to -26% and increases of up to 23% in precipitation nationwide, which may have significant consequences on the water availability, agriculture and food security.'>These trends persist towards the year 2100, with d...</span>","Change in precipitation"
"Panama","BTR","<span title='Significant increases in maximum and minimum temperatures are expected nationwide for all the projected periods (2050, 2070 and 2100), with the largest increases predicted in the region of the Western Caribbean, as well as parts of the provinces of Los Santos and Veraguas.'>Significant increases in maximum and minimum tempe...</span>","Extreme temperature;Change in temperature"
"Panama","BTR","Coastal flooding","Flood;Sea level rise"
"Panama","BTR","<span title='Risk of drought and alteration of the hydrological regime'>Risk of drought and alteration of the hydrological...</span>","Drought"
"Panama","BTR","Risks associated with extreme winds",""
"Panama","BTR","Forest fire risks","Wildfire"
"Panama","BTR","Landslide risks","Landslide"
"Panama","BTR","Susceptibility to hillslides",""
"Paraguay","BTR","<span title='Paraguay faces a scenario of growing vulnerability to climate change, evidenced due to the intensification of adverse events such as droughts prolonged, extreme flooding and heat waves.'>Paraguay faces a scenario of growing vulnerability...</span>","Extreme temperature;Drought;Flood"
"Paraguay","BTR","<span title='In the last decade, it is evident, in principle, severe storms and flooding in almost the entire country, with droughts prevailing in the last 3 years, a prolonged, historic low water level of the Paraguay River and large forest fires.'>In the last decade, it is evident, in principle, s...</span>","Storm;Drought;Wildfire;Flood"
"Paraguay","BTR","Tornado in Incarnation","Storm"
"Paraguay","BTR","Flooding of river Paraguay","Flood"
"Paraguay","BTR","Forest fires of great magnitude","Wildfire"
"Paraguay","BTR","<span title='Extreme drought about Paraguay Tornado in Mr. Alonso'>Extreme drought about Paraguay Tornado in Mr. Alon...</span>","Storm;Drought"
"Paraguay","BTR","Increase in the events climatic extremes",""
"Paraguay","BTR","<span title='Increase in the frequency of floods and severe storms'>Increase in the frequency of floods and severe sto...</span>","Storm;Flood"
"Paraguay","BTR","Increase in the temperature",""
"Paraguay","BTR","<span title='Rainfall has shown greater variability, with an increase in extreme rainfall in certain regions and periods of longer droughts in others'>Rainfall has shown greater variability, with an in...</span>","Drought;Change in precipitation"
"Paraguay","BTR","<span title='Due to the lack of rain, the aquifers are recharged, which could affect the population's access and consumption, as well as biodiversity.'>Due to the lack of rain, the aquifers are recharge...</span>",""
"Paraguay","BTR","<span title='Observed trends include an increase in average annual temperature, changes in patterns precipitation, increased wave frequency heat and the intensification of extreme climatic events'>Observed trends include an increase in average ann...</span>","Change in temperature;Change in precipitation"
"Paraguay","BTR","<span title='In recent decades, Paraguay has experienced a sustained increase in temperatures. It is estimated that the average temperature has increased by about 0.8°C since 1960. This is reflected in the increase in heat waves, especially during the summers, affecting not only the urban population, but also agricultural activities and public health'>In recent decades, Paraguay has experienced a sust...</span>","Extreme temperature;Change in temperature"
"Paraguay","BTR","<span title='Projections show a reduction in rainfall during the dry season and an increase during the wet season, which could exacerbate both droughts and seasonal floods.'>Projections show a reduction in rainfall during th...</span>","Drought;Flood;Change in precipitation"
"Paraguay","BTR","Floods due to excessive rainfall","Flood;Change in precipitation"
"Paraguay","BTR","Overflowing of the Paraguay and Paraná rivers.",""
"Paraguay","BTR","Water deficit (drought).","Drought"
"Paraguay","BTR","Frost","Extreme temperature"
"Paraguay","BTR","Fires","Wildfire"
"Paraguay","BTR","Storms","Storm"
"Peru","BTR","<span title='With respect to precipitation, notable variations in the amount of rain are observed, with predominant increases and decreases in different regions of the country during the rainy season, September to May.'>With respect to precipitation, notable variations ...</span>","Change in precipitation"
"Peru","BTR","<span title='Between 1981 and 2023, meteorological drought events of moderate to extreme intensity have been detected, as in 1982, 1983, 1985, 1990, 1992, 2004 and 2023, which affected different regions of the country'>Between 1981 and 2023, meteorological drought even...</span>","Drought"
"Peru","BTR","<span title='In 2023, the lake level dropped by 0.74 m. The water crisis in the southern mountains has affected the rural producers and the general population in an alarming way.'>In 2023, the lake level dropped by 0.74 m. The wat...</span>",""
"Peru","BTR","<span title='According to the records from SENAMHI meteorological stations (1965-2023), the year 2023 was the warmest year, with an average temperature of 20.23°C, 1°C above the climatic average of 19.23°C'>According to the records from SENAMHI meteorologic...</span>","Change in temperature"
"Peru","BTR","<span title='In the last years, an increase in temperatures has been observed in the Peruvian territory, which has generated increasingly warmer seasons compared to previous decades.'>In the last years, an increase in temperatures has...</span>","Extreme temperature;Change in temperature"
"Peru","BTR","<span title='According to SENAMHI records, between the years of 1964 and 2022, heat waves increased in frequency (up to two events per decade), duration (up to 0.5 days more per decade) and intensity (up to +1°C per decade).'>According to SENAMHI records, between the years of...</span>","Extreme temperature"
"Peru","BTR","<span title='Cold waves decreased in frequency (up to 3 fewer events per decade), intensity (cold waves less cold by +0.3 °C), as well as in duration (less than -0.25 days per decade).'>Cold waves decreased in frequency (up to 3 fewer e...</span>","Extreme temperature"
"Peru","BTR","<span title='For precipitation, the scenario projects an annual reduction in most of the national territory, with the exception of the north coast, where there would be an increase in intensity in the range of 30 to 60%.'>For precipitation, the scenario projects an annual...</span>","Change in precipitation"
"Peru","BTR","<span title='This same scenario projects that air temperatures will increase by up to 4°C across the country. This indicates that days and nights will be warmer compared to the reference period 1981-2010'>This same scenario projects that air temperatures ...</span>","Extreme temperature"
"Peru","BTR","<span title='It has been shown that maximum air temperatures showed a greater annual trend than minimum temperatures. That is, the increase in maximum temperatures is projected to continue exceeding the increase in minimum temperatures.'>It has been shown that maximum air temperatures sh...</span>","Change in temperature"
"Peru","BTR","<span title='Glacial retreat is one of the consequences of climate change in Peru. It also affects the water supply of the country and generates other risks, such as the formation of glacial lagoons with the consequent risk triggering the occurrence of floods'>Glacial retreat is one of the consequences of clim...</span>","Flood"
"Peru","BTR","<span title='In future scenarios, the level of hazard caused by Glacier retreat is gradually increasing. By 2030, the danger level is high to very high, while, by 2050, all glaciers will present a very high level of danger'>In future scenarios, the level of hazard caused by...</span>","Extreme temperature"
"Morocco","BTR","<span title='Over the past few decades, Morocco's climate has undergone significant changes, with a notable rise in temperatures and prolonged periods of drought.'>Over the past few decades, Morocco's climate has u...</span>","Drought;Change in temperature"
"Morocco","BTR","<span title='In addition, Morocco has faced extreme weather events, such as heat waves, which accounted for 47% of meteorological phenomena intense in 2020, 48% in 2021, 20% in 2022 and 30% in 2023.'>In addition, Morocco has faced extreme weather eve...</span>","Extreme temperature"
"Morocco","BTR","<span title='The current year, 2024, was also marked by exceptionally high  temperatures, with frequent and intense heat waves.'>The current year, 2024, was also marked by excepti...</span>","Extreme temperature"
"Morocco","BTR","<span title='As for projections to 2050, there is an increased average annual temperatures, mainly in the east and south of the Kingdom.'>As for projections to 2050, there is an increased ...</span>","Change in temperature"
"Morocco","BTR","<span title='In Morocco, rainfall is showing a worrying downward trend. Thus, between In 2019 and 2022, the country experienced its driest period since the 1960s, with a deficit average of 32%, according to the DGM.'>In Morocco, rainfall is showing a worrying downwar...</span>","Change in precipitation"
"Morocco","BTR","<span title='In addition to these droughts, there are events extreme weather, such as thunderstorms and floods causing property damage and humans, particularly in the Tangier-Tetouan-Al Hoceima region and in the  southeast of the country.'>In addition to these droughts, there are events ex...</span>","Extreme temperature;Storm;Drought;Flood"
"Morocco","BTR","<span title='By 2050, climate projections indicate an overall reduction in precipitation, although the north of the country remains the wettest.'>By 2050, climate projections indicate an overall r...</span>","Change in precipitation"
"Morocco","BTR","<span title='With regard to the ocean environment, the observed sea surface temperatures vary across the exclusive economic zone. Thus, values reach 20 to 20.5°C at south and between 19 and 20°C in the north, with temperatures being lower within the said zone.'>With regard to the ocean environment, the observed...</span>","Sea temperature"
"Morocco","BTR","<span title='For projections to 2050, according to the SSP2-4.5 scenario, sea surface temperatures are expected to exceed 20°C in most of the EEZ, reaching up to 24°C in the far south.'>For projections to 2050, according to the SSP2-4.5...</span>","Sea temperature"
"Morocco","BTR","<span title='Moroccan soils, already fragile, are undergoing accelerated degradation due to erosion, desertification and unsuitable agricultural practices. Vulnerability indices reveal disparities between crops: wheat, although less productive, is the most resilient, while corn is the crop the most vulnerable, with high exposure (1.01) and sensitivity (1.3) indices, but a low adaptability (1.47). The risks associated with this exposure and vulnerability include a marked reduction in agricultural yields, particularly in cereal crops which can record declines of up to 70% in drought years. The contraction of cultivated areas and declining yields are compromising food security, forcing Morocco to increase its dependence on food  imports, further exposing the economy national response to external pressures'>Moroccan soils, already fragile, are undergoing ac...</span>","Extreme temperature;Drought;Land degradation"
"Morocco","BTR","<span title='Extreme heat could also affect the growth and reproduction of the tree species, thus limiting ability to survive and regenerate.'>Extreme heat could also affect the growth and repr...</span>","Extreme temperature"
"Morocco","BTR","<span title='In addition to rising temperatures and the reduced rainfall, the risks of marine submersion and forest fires should also increase. This ecological degradation will probably lead to a decrease of biodiversity, affecting both fauna and flora, as well as a transformation of the composition and spatial distribution of species'>In addition to rising temperatures and the reduced...</span>","Wildfire;Change in temperature;Change in precipitation;Sea level rise"
"Morocco","BTR","<span title='Forest fires and landslides lead to a loss of flora, of wildlife and their natural habitats.'>Forest fires and landslides lead to a loss of flor...</span>","Wildfire;Landslide"
"Morocco","BTR","<span title='The coastline of the region is affected by several hazards in the current state, including floods, drought, landslides and fires of forest'>The coastline of the region is affected by several...</span>","Drought;Wildfire;Landslide;Flood"
"Russia","BTR","<span title='Infrastructure is exposed to a number of adverse weather factors, such as the transition temperatures below zero, precipitation, icing, strong wind.'>Infrastructure is exposed to a number of adverse w...</span>","Change in precipitation"
"Russia","BTR","<span title='Most of the coastal zone of the Russian Federation is located in the Arctic. As a result of climate change, the minimum area and thickness of the sea ice are changing ice in the Northern Hemisphere.'>Most of the coastal zone of the Russian Federation...</span>","Extreme temperature"
"Russia","BTR","<span title='Arctic sea ice extent in September has declined by 43% since 1979 to 2019, and with the exception of the Bering Sea, sea ice extent and area are declining across the Arctic in all months.'>Arctic sea ice extent in September has declined by...</span>","Extreme temperature"
"Russia","BTR","<span title='Over the past 30 years, snow depth has increased and sea ice in the western Arctic has declined by more than 33%.'>Over the past 30 years, snow depth has increased a...</span>","Extreme temperature"
"Russia","BTR","<span title='Increased frequency, intensity and duration of droughts in some regions, extreme precipitation, floods, and over-watering of the soil, which is dangerous for agriculture'>Increased frequency, intensity and duration of dro...</span>","Drought;Flood;Change in precipitation"
"Russia","BTR","Increased fire hazard in forest areas","Wildfire"
"Russia","BTR","<span title='Degradation of perennial permafrost in northern regions with damage to buildings and communications'>Degradation of perennial permafrost in northern re...</span>","Extreme temperature"
"Russia","BTR","<span title='Climate change in the Russian Federation is also reflected in changes agroclimatic characteristics of heat and moisture supply of agricultural crops'>Climate change in the Russian Federation is also r...</span>",""
"Russia","BTR","<span title='An increase in the frequency and duration of large-scale heat waves'>An increase in the frequency and duration of large...</span>","Extreme temperature"
"Russia","BTR","Changes in the nature of precipitation,","Change in precipitation"
"Russia","BTR","<span title='Accelerated degradation of glaciers in the North Caucasus'>Accelerated degradation of glaciers in the North C...</span>","Extreme temperature"
"Russia","BTR","<span title='Reduction in the bearing capacity of permafrost rocks'>Reduction in the bearing capacity of permafrost ro...</span>","Extreme temperature"
"Russia","BTR","Reduction of the duration of occurrence snow cover","Extreme temperature"
"Russia","BTR","<span title='Rising temperatures could expand the areas suitable for agriculture farms, in particular to the use of new agricultural lands in the northern regions.'>Rising temperatures could expand the areas suitabl...</span>","Change in temperature"
"Russia","BTR","<span title='On average, an increase in precipitation has been observed across the territory of the Russian Federation, including due to the growth of daily maximum rainfall and related indicators extreme precipitation regime.'>On average, an increase in precipitation has been ...</span>","Change in precipitation"
"Russia","BTR","<span title='Depending on climate change scenarios, the increase in surface air temperature in the Russian Federation compared to the beginning of the 21st century could be 2-3.3 °C by the middle of the century, 2.3-7.5 °C by end of the century.'>Depending on climate change scenarios, the increas...</span>",""
"Russia","BTR","<span title='An increase in annual precipitation amounts, compared to the beginning of the 21st century, is also expected, depending on the scenarios, by 8-12 percent by the middle of the century and by 9-25 percent by the end of the century.'>An increase in annual precipitation amounts, compa...</span>","Change in precipitation"
"Russia","BTR","<span title='In 2010-2020, evacuations and forced displacements occurred, caused by natural disasters, more than 142 thousand people in the territory of the Russian Federation were exposed.'>In 2010-2020, evacuations and forced displacements...</span>",""
"Russia","BTR","<span title='In the foreseeable future, climate factors will begin to have an increasingly significant impact on the labor market and employment of the population of the Russian Federation through the loss of workforce, caused by the increase in the frequency and scale of hazardous natural phenomena, and the decrease productivity (especially outdoors) caused by extreme weather conditions (heat, heavy precipitation, including tropical and freezing rain, hail, squally wind, tornadoes, smoke from forest fires, storm surges, etc.).'>In the foreseeable future, climate factors will be...</span>","Extreme temperature;Storm;Wildfire;Change in precipitation"
"Russia","BTR","<span title='In a number of inland waterway basins, the availability of water resources has decreased.'>In a number of inland waterway basins, the availab...</span>",""
"Russia","BTR","<span title='Increased frequency and intensity of extreme heat events, including the urban heat island effect, increased number of 0°C to cold air temperature transitions period of the year, drought, desertification;'>Increased frequency and intensity of extreme heat ...</span>","Extreme temperature;Drought;Land degradation"
"Russia","BTR","<span title='Extremely high fire hazard, increased amount of dust, aerosols, pesticides;'>Extremely high fire hazard, increased amount of du...</span>","Wildfire;Pest and disease"
"Russia","BTR","<span title='Extreme rainfall and flooding, extreme strong winds (including hurricanes, squall, tornado).'>Extreme rainfall and flooding, extreme strong wind...</span>","Storm;Flood;Change in precipitation"
"Russia","BTR","Increase in soil temperatures.",""
"Russia","BTR","<span title='Changes in forest productivity due to changes in average temperatures and amount of precipitation;'>Changes in forest productivity due to changes in a...</span>","Change in temperature;Change in precipitation"
"Russia","BTR","Changes in the species composition of forests;",""
"Russia","BTR","<span title='Increase in the frequency of occurrence of (forest) fires in forests and areas affected by fires;'>Increase in the frequency of occurrence of (forest...</span>","Wildfire"
"Russia","BTR","<span title='Increased frequency of outbreaks of mass reproduction of harmful organisms in forests;'>Increased frequency of outbreaks of mass reproduct...</span>",""
"Russia","BTR","<span title='Increased frequency of occurrence of consequences of extreme weather events in forests;'>Increased frequency of occurrence of consequences ...</span>","Extreme temperature"
"Russia","BTR","Change of humidification mode",""
"Russia","BTR","Temperature rise.","Change in temperature"
"Russia","BTR","<span title='The impact of random natural (natural disasters) and climatic factors (anomalous meteorological, hydrological and other similar phenomena), such as hurricanes, tornadoes, strong winds, heavy precipitation, extremely high and low temperatures atmospheric air.'>The impact of random natural (natural disasters) a...</span>","Storm;Change in precipitation"
"Russia","BTR","Heat",""
"Russia","BTR","Drought","Drought"
"Russia","BTR","Heavy precipitation","Change in precipitation"
"Russia","BTR","Floods","Flood"
"Russia","BTR","Hurricanes;",""
"Russia","BTR","Tornadoes;","Storm"
"Russia","BTR","Strong wind;",""
"Russia","BTR","Dry winds;",""
"Russia","BTR","Sheet and gully erosion;","Land degradation"
"Russia","BTR","<span title='Return of cold weather during the growing season (frost), hail.'>Return of cold weather during the growing season (...</span>","Extreme temperature;Storm"
"Russia","BTR","<span title='Increased frequency of hazardous events such as tornadoes, high wind speeds and air temperatures, extreme precipitation and snowfalls.'>Increased frequency of hazardous events such as to...</span>","Extreme temperature;Storm;Change in precipitation"
"Russia","BTR","Melting of permafrost;","Extreme temperature"
"Russia","BTR","<span title='Reduction in the amount of sea ice along the coast;'>Reduction in the amount of sea ice along the coast...</span>","Extreme temperature"
"Russia","BTR","Exposure to extreme weather events;","Extreme temperature"
"Russia","BTR","Temperature rise.","Change in temperature"
"Russia","BTR","<span title='Increased frequency of dangerous hydrometeorological events and forest fires;'>Increased frequency of dangerous hydrometeorologic...</span>","Wildfire"
"Russia","BTR","<span title='Degradation of permafrost and intensification of geocryological processes;'>Degradation of permafrost and intensification of g...</span>","Extreme temperature"
"Russia","BTR","<span title='General increase in air temperature and decrease in the number of days with extremely low temperatures'>General increase in air temperature and decrease i...</span>","Extreme temperature"
"Russia","BTR","<span title='Extreme temperature changes along the pipeline route;'>Extreme temperature changes along the pipeline rou...</span>","Extreme temperature;Change in temperature"
"Russia","BTR","Melting of Arctic ice;","Extreme temperature"
"Russia","BTR","<span title='Increase in the amount of precipitation and snowmelt;'>Increase in the amount of precipitation and snowme...</span>","Extreme temperature;Change in precipitation"
"Russia","BTR","<span title='Increased frequency of extreme low water levels and floods;'>Increased frequency of extreme low water levels an...</span>","Flood"
"Russia","BTR","Increase in maximum temperatures;","Change in temperature"
"Russia","BTR","<span title='A slight increase in direct solar radiation in the European part of Russia'>A slight increase in direct solar radiation in the...</span>",""
"Russia","BTR","<span title='Risks to public health associated with changes in the quality of the living environment;'>Risks to public health associated with changes in ...</span>",""
"Russia","BTR","<span title='Changes in the distribution area of infectious and parasitic diseases caused by climate change.'>Changes in the distribution area of infectious and...</span>","Pest and disease"
"Spain","BTR","Rising temperatures","Change in temperature"
"Spain","BTR","Increase in heat waves","Extreme temperature"
"Spain","BTR","<span title='A moderate decrease in precipitation with altered distribution patterns'>A moderate decrease in precipitation with altered ...</span>","Change in precipitation"
"Spain","BTR","<span title='More frequent and intense droughts and torrential rains'>More frequent and intense droughts and torrential ...</span>","Storm;Drought"
"Spain","BTR","Rising sea levels","Sea level rise"
"Spain","BTR","<span title='Regional projections for Spain outline future trends that suggest a further intensification of the observed trends.'>Regional projections for Spain outline future tren...</span>",""
"Spain","BTR","<span title='The risk of desertification in Spain is increasing, with projections of significant increases.'>The risk of desertification in Spain is increasing...</span>","Land degradation"
"Spain","BTR","<span title='These impacts will be more severe in higher emissions scenarios and as the 21st century progresses.'>These impacts will be more severe in higher emissi...</span>",""
"Uruguay","BTR","Increase in temperature and its extremes,","Change in temperature"
"Uruguay","BTR","Rising sea levels","Sea level rise"
"Uruguay","BTR","Droughts","Drought"
"Uruguay","BTR","Flash flooding","Flood"
"Uruguay","BTR","Intense rainfall","Change in precipitation"
"Uruguay","BTR","Extreme winds",""
"Uruguay","BTR","<span title='The average annual temperature is 17.5°C, ranging from about 20°C in the northeast and around 16ºC on the Atlantic coast. During the summer in the Northern region it reach temperatures comparable to those of tropical regions, while the Winter is a season of frequent cyclones and transient anticyclones (5-7 days duration) with warm and cold fronts that move latitudinally, generating damage to infrastructure and property along the coastal zone'>The average annual temperature is 17.5°C, ranging ...</span>","Storm;Change in temperature"
"Uruguay","BTR","<span title='A natural annual variability of the climate can be established that induces very large changes in precipitation. The observations carried out indicate an increase of around 10-20% during the seasons of spring, summer and autumn (1961-2017) in most of the country'>A natural annual variability of the climate can be...</span>","Change in precipitation"
"Uruguay","BTR","<span title='Beyond the annual variations, the climate presents an interdecadal variability, generating anomaly patterns similar to those of El Niño, but with longer time scales. During the warm phase of these oscillations, Niño events tend to be more frequent and intense than in the cold phase'>Beyond the annual variations, the climate presents...</span>",""
"Uruguay","BTR","<span title='Superimposed on natural variability is the signal of climate change, which is not restricted to a change in the average conditions of rainfall or temperature of a region, but is generally accompanied by changes in the frequency of occurrence and intensity of meteorological extremes (e.g. cold and heat waves) and hydroclimatic (e.g. droughts).'>Superimposed on natural variability is the signal ...</span>","Extreme temperature;Drought;Change in precipitation"
"Uruguay","BTR","<span title='The sea level rise in Montevideo is estimated at 11 cm, of which 2-3 cm corresponds to the last three decades. The variation is even more significant in the remaining tidal stations along the Uruguayan coast (La Paloma, Punta from the East, Colonia)'>The sea level rise in Montevideo is estimated at 1...</span>","Sea level rise"
"Uruguay","BTR","<span title='Uruguay is part of one of the regions worldwide where development is affected the most by intense convective storms, generating electrical discharges, hail, heavy rainfall and flooding, very strong winds and even tornadoes, events classified as very rapid development, approximately 30 to 40 minutes'>Uruguay is part of one of the regions worldwide wh...</span>","Storm;Flood;Change in precipitation"
"Uruguay","BTR","<span title='The country is also located in the second region within the southern hemisphere where extratropical cyclones are generated [20] and in the region where there is a greater frequency of the so-called explosive cyclones (rapid intensification), such as the one that occurred on August 23, 2005'>The country is also located in the second region w...</span>","Storm"
"Uruguay","BTR","<span title='Uruguay has suffered major drought events in the years 1916-1917, 1942- 1943, 1964-1965, 1988-89, 1999-2000, 2005-2006, 2008-2009 and 2017-2018, and others of lesser importance that have represented serious economic losses for the country.'>Uruguay has suffered major drought events in the y...</span>","Drought"
"Uruguay","BTR","<span title='By contrasting the observed and simulated evolution of the average annual temperature in Uruguay for the period 1961-2014 with the projections of the end of the 21st century, it is observed an almost linear increase in the average annual temperature, as well as differentiations at the regional level'>By contrasting the observed and simulated evolutio...</span>","Change in temperature"
"Uruguay","BTR","<span title='Uruguay's annual accumulated rainfall shows high variability year-on-year fluctuating between -5 to 10% in the short-term horizon, and between -7 and 35% in the long-term horizon'>Uruguay's annual accumulated rainfall shows high v...</span>","Change in precipitation"
"Uruguay","BTR","<span title='Future projections show a gradual trend towards greater occurrence of extreme events.'>Future projections show a gradual trend towards gr...</span>",""
"Uruguay","BTR","<span title='The projected sea level rise for the RCP8.5 scenario is 80cm at the end of the century'>The projected sea level rise for the RCP8.5 scenar...</span>","Sea level rise"
"Uzbekistan","BTR","<span title='According to WMO223 , the period from 2011 to 2020 became the hottest decade in history, and the years from 2015 to 2020 were the six hottest years. In first place was 2016, which coincided with the natural phenomenon of El Niño, which causes warming, and the second –2019, 2020 is in third place'>According to WMO223 , the period from 2011 to 2020...</span>",""
"Uzbekistan","BTR","<span title='Almost the entire territory of Uzbekistan is exposed to the influence of various types of special dangerous climate phenomena. These include extreme temperatures, mudslides and avalanches, typical of mountain and foothill areas, droughts and dust storms'>Almost the entire territory of Uzbekistan is expos...</span>","Extreme temperature;Storm;Drought"
"Uzbekistan","BTR","<span title='Increasing climate change is leading to a decline productivity/feed capacity of pastures due to high temperatures, droughts/abnormally low precipitation in winter-spring period, what what puts at risk sustainability of livelihoods of pastoralists and farmers.'>Increasing climate change is leading to a decline ...</span>","Extreme temperature;Drought;Change in precipitation"
"Uzbekistan","BTR","<span title='Rising air temperatures increase heat load on the animal's body, which reduces weight gain, increases the risk of livestock disease and decreases income of cattle breeders, farmers, welfare of all rural community.'>Rising air temperatures increase heat load on the ...</span>","Pest and disease"
"Uzbekistan","BTR","<span title='Incremental change in climate and precipitation regime precipitation (increased extreme precipitation) increases the risk the occurrence of landslides, which results in the washing away of the upper fertile layer of the soil, water erosion increases.'>Incremental change in climate and precipitation re...</span>","Landslide;Change in precipitation;Land degradation"
"Uzbekistan","BTR","<span title='Increased extreme weather events and variability weather conditions (heat waves, strong winds, etc.) complicate the management of arable land, pastures, infrastructure, increased damage to products and production leads to socio-economic losses.'>Increased extreme weather events and variability w...</span>","Extreme temperature;Storm"
"Uzbekistan","BTR","<span title='Incremental climate change, increase in heat waves, extreme temperatures worsen living conditions population, the risk of disease increases (noted increase in the incidence of acute intestinal infections by 10-13% for each increase in max. temperature 1-2ºС)'>Incremental climate change, increase in heat waves...</span>","Extreme temperature;Pest and disease"
"Uzbekistan","BTR","<span title='Increase in average annual temperature and duration of heat waves, causes heat stress, especially in urban areas and outdoors air, which has a negative impact on public health.'>Increase in average annual temperature and duratio...</span>","Extreme temperature;Change in temperature"
"Uzbekistan","BTR","<span title='According to UNEP and the World Glacier Monitoring Service, the area of glaciers in the Tien Shan has decreased by 25-30% over the past 100 years.'>According to UNEP and the World Glacier Monitoring...</span>","Extreme temperature"
"Uzbekistan","BTR","<span title='It is predicted the greatest increase in water demand for winter wheat and perennial crops (orchards, vineyards, alfalfa).'>It is predicted the greatest increase in water dem...</span>",""
"Uzbekistan","BTR","Extreme air temperatures",""
"Uzbekistan","BTR","Drought","Drought"
"Uzbekistan","BTR","Mudflow and flood","Flood"
"Uzbekistan","BTR","<span title='Over the observation period 1887-2022 in Uzbekistan 4072 cases of mudflows were registered. In fact, all rivers, including temporary watercourses, within mountainous and foothill areas are mudflow hazardous.'>Over the observation period 1887-2022 in Uzbekista...</span>",""
"Uzbekistan","BTR","<span title='The average annual number of mudflow incidents has increased from 39 incidents per year (2000-2019) to more than 58 cases (2003 - 2022).'>The average annual number of mudflow incidents has...</span>",""
"Uzbekistan","BTR","Sand and dust storms","Storm"
"Uzbekistan","BTR","Avalanches",""
"Uzbekistan","BTR","<span title='In the last decade the number of storms lasting from 3 to 7 hours increased by an average of 10%.'>In the last decade the number of storms lasting fr...</span>","Storm"
"Uzbekistan","BTR","<span title='In the last 2011-2021, all indicators of avalanche activity show a tendency towards decrease: the snow depth in the areas of the Chimgan avalanche stations (1640 m above sea level) is decreasing and Kamchik (2145 m above sea level) and the number of days with snow is noticeably decreasing.'>In the last 2011-2021, all indicators of avalanche...</span>","Extreme temperature;Sea level rise"
"Venezuela","BTR","<span title='In general, future climate scenarios for Venezuela expresses that the temperature in the country will tend to increase (although at different rates) of change according to each global climate model and geographic region)'>In general, future climate scenarios for Venezuela...</span>",""
"Venezuela","BTR","<span title='Precipitation will tend to decrease in most of the territory national, although in some regions, depending from the climate model used, the precipitation could increase'>Precipitation will tend to decrease in most of the...</span>","Change in precipitation"
"Venezuela","BTR","<span title='Analysis of climate scenarios reveals a complex pattern of changes in the distribution of precipitation, with significant alterations in its seasonality and possible modifications at the beginning of the rainy season'>Analysis of climate scenarios reveals a complex pa...</span>","Change in precipitation"
"Venezuela","BTR","<span title='The climate scenarios show a clear upward trend generalized average monthly temperature, significantly altering the country's thermal pattern'>The climate scenarios show a clear upward trend ge...</span>",""
"Venezuela","BTR","<span title='In the context of climate change, a gradual decrease in rainfall is expected in large part of Venezuela, accompanied by an increase in evapotranspiration due to the increase in temperature. These climate changes are expected to occur as they intensify, causing a reduction in the water yield (or runoff) of the basins hydrographic and a decrease in aquifer recharge.'>In the context of climate change, a gradual decrea...</span>","Extreme temperature;Change in temperature;Change in precipitation"
"Venezuela","BTR","<span title='The higher education sector is predictable that thermal stress, dehydration and health problems will affect learning ability, concentration and academic performance of the students'>The higher education sector is predictable that th...</span>",""
"Venezuela","BTR","<span title='Extreme temperatures increase the incidence of stillbirths which, added to the variations in bioclimatic variables, favor the spread of diseases transmitted by vectors, such as malaria, dengue and Zika, increasing complications  of women's and children's health.'>Extreme temperatures increase the incidence of sti...</span>","Extreme temperature;Pest and disease"
"Venezuela","BTR","<span title='In general, droughts, floods, landslides and fires can become more frequent and intense, impacting the infrastructure services and the safety of the population'>In general, droughts, floods, landslides and fires...</span>","Extreme temperature;Drought;Wildfire;Landslide;Flood"
"Venezuela","BTR","<span title='The effects can be caused by events climatic events such as heat events extreme, floods or landslides, that directly affect the economy of the country due to the decrease in productivity of labor and in turn, due to the impact on the production of goods and services'>The effects can be caused by events climatic event...</span>","Extreme temperature;Landslide;Flood"
"Venezuela","BTR","<span title='The changes in minimum temperatures (previously estimated) will directly affect the basin, impacting biological cycles and the ability of ecosystems to recover'>The changes in minimum temperatures (previously es...</span>","Change in temperature"
"Venezuela","BTR","Increased forest fires","Wildfire"
"Venezuela","BTR","<span title='Reduction of the period of rainfall and the average annual precipitation, as well as a sharp reduction and loss of flooding regimes'>Reduction of the period of rainfall and the averag...</span>","Flood;Change in precipitation"
"USA","BTR","<span title='Heatwaves have become more common and severe in the West since the 1980s.'>Heatwaves have become more common and severe in th...</span>","Extreme temperature"
"USA","BTR","<span title='Drought risk has been increasing in the Southwest over the past century, while at the same time rainfall has become more extreme in recent decades, especially east of the Rockies.'>Drought risk has been increasing in the Southwest ...</span>","Drought;Change in precipitation"
"USA","BTR","<span title='Hurricanes have been intensifying more rapidly since the 1980s, with heavier rainfall and higher storm surges.'>Hurricanes have been intensifying more rapidly sin...</span>","Storm;Change in precipitation"
"USA","BTR","<span title='More frequent and larger wildfires have been burning in the West in the past few decades due to a combination of climate factors, societal changes, and policies'>More frequent and larger wildfires have been burni...</span>","Wildfire"
"USA","BTR","<span title='Energy supply and delivery are threatened by extreme weather, sea level rise, droughts, wildfires, and other climate-related hazards. These changes damage infrastructure and have profound effects on human lives and livelihoods, with already-overburdened communities bearing a disproportionate share of the risk'>Energy supply and delivery are threatened by extre...</span>","Extreme temperature;Drought;Wildfire;Sea level rise"
"USA","BTR","<span title='Shifts in precipitation, air temperature, and soil moisture are disrupting agricultural production and food systems and are projected to reduce the availability and affordability of nutritious food.'>Shifts in precipitation, air temperature, and soil...</span>","Change in precipitation"
"USA","BTR","<span title='The severity and risks of coastal hazards across the country are increasing, driven by accelerating sea level rise and changing storm patterns, resulting in increased flooding, erosion, and rising groundwater tables'>The severity and risks of coastal hazards across t...</span>","Storm;Flood;Land degradation;Sea level rise"
"USA","BTR","<span title='Between 2000 and 2021, 38 tropical cyclones caused over $1 trillion in losses (in 2022 dollars) and 6,200 deaths.'>Between 2000 and 2021, 38 tropical cyclones caused...</span>","Storm"
"USA","BTR","<span title='Between 2020 and 2050, coastal sea levels along the contiguous U.S. coasts are expected to rise about 11 inches (28 cm), or as much as the observed rise over the last 100 years'>Between 2020 and 2050, coastal sea levels along th...</span>","Sea level rise"
"USA","BTR","<span title='In response, coastal flooding will occur 5–10 times more often by 2050 than 2020 in most locations, with damaging flooding occurring as often as disruptive “high tide flooding” does now if action is not taken.'>In response, coastal flooding will occur 5–10 time...</span>","Flood;Sea level rise"
"USA","BTR","<span title='Heavier rainfall events are expected to increase across the United States which, combined with changes in land use and other factors, is leading to increasing flood damage'>Heavier rainfall events are expected to increase a...</span>","Flood;Change in precipitation"
"USA","BTR","<span title='Drought impacts are also increasing, as are flood- and drought-related water quality impacts.'>Drought impacts are also increasing, as are flood-...</span>","Drought;Flood"
"USA","BTR","<span title='Critical ocean habitats, like California’s kelp forests and Florida’s coral reefs, have declined by 90 percent in less than 10 years due to above normal ocean temperatures and increased ocean acidification'>Critical ocean habitats, like California’s kelp fo...</span>","Sea temperature;Ocean acidification"
"Zimbabwe","BTR","<span title='Of late there have been a shift in the start and end dates of the rainy season, as well as a rise in the frequency of intra-seasonal dry periods and general reduction in seasonal lengths'>Of late there have been a shift in the start and e...</span>",""
"Zimbabwe","BTR","<span title='The annual rainfall over Zimbabwe has declined by about 5% since 1900'>The annual rainfall over Zimbabwe has declined by ...</span>","Change in precipitation"
"Zimbabwe","BTR","<span title='Additionally, there is evidence that since the late 1960s, the country’s rainfall variability has grown both within and between seasons, and that droughts have become more common, severe, and extensive'>Additionally, there is evidence that since the lat...</span>","Drought;Change in precipitation"
"Zimbabwe","BTR","<span title='However, flooding has become more common because of intense, brief, and heavy rainfall spells.'>However, flooding has become more common because o...</span>","Storm;Flood;Change in precipitation"
"Zimbabwe","BTR","<span title='Zimbabwe rainfall simulations predict that the mean annual precipitation will drop by about 10% when compared to the 1986–2005 baseline across the three future periods (2020–2040, 2041–2060, and 2061–2080)'>Zimbabwe rainfall simulations predict that the mea...</span>","Change in precipitation"
"Zimbabwe","BTR","<span title='According to future September-OctoberNovember (SON) climate forecasts, precipitation across a large portion of the country is expected to reduce by around 5% between 2020 and 2040, 5% to 15% between 2041 and 1960, and Approximately 25% between 2061 and 2080. This suggests that the start of the rainfall season in November may occasionally be delayed.'>According to future September-OctoberNovember (SON...</span>","Change in precipitation"
"Zimbabwe","BTR","<span title='In comparison to the baseline period of 1986 to 2005, the country’s mean annual surface temperature increased by almost 0.9ºC between 1900 and 2018. This results in an average warming rate of 0.1ºC per ten years.'>In comparison to the baseline period of 1986 to 20...</span>","Change in temperature;Sea temperature"
"Zimbabwe","BTR","<span title='Over the same time span, the national average maximum temperature has increased by roughly 1ºC.'>Over the same time span, the national average maxi...</span>",""
"Zimbabwe","BTR","<span title='According to the global simulation models, Zimbabwe has been warming and is expected to continue warming until the 2080s.'>According to the global simulation models, Zimbabw...</span>",""
"Zimbabwe","BTR","<span title='In addition, there will be longer and more frequent heat waves, as well as more hot days and warmer nights.'>In addition, there will be longer and more frequen...</span>","Extreme temperature"
"Zimbabwe","BTR","<span title='Drought exposure and vulnerability vary substantially throughout the country with dire consequences on communities depending on climate sensitive natural resources. Recent droughts were experienced in 2012- 13, 2015-16, 2018-19 and 2023-24 seasons'>Drought exposure and vulnerability vary substantia...</span>","Drought"
"Zimbabwe","BTR","<span title='There is a significant possibility of increased occurrence of droughts with greater severity due to climate change.'>There is a significant possibility of increased oc...</span>","Drought"
"Zimbabwe","BTR","<span title='Occurrence of floods has spread to areas that were previously unaffected.'>Occurrence of floods has spread to areas that were...</span>","Flood"
"Zimbabwe","BTR","<span title='Zimbabwe has been badly impacted by tropical cyclones Eline (2000), Japhet (2003), Dineo (2017), Idai 2019; tropical storms Chalene 2020, Eloise 2021, Ana 2022, and Freddy 2023.'>Zimbabwe has been badly impacted by tropical cyclo...</span>","Storm"
"Zimbabwe","BTR","<span title='With anticipated increase in the incidence and intensity of tropical cyclones, thunderstorms and hailstorms floods and flash floods are expected to be on the rise especially over the lowlying areas.'>With anticipated increase in the incidence and int...</span>","Storm;Flood"
"Zimbabwe","BTR","<span title='Maximum, minimum and mean temperatures have warmed since 2000. This has resulted in prolonged hot spells that have led to very high maximum daily temperature, resulting in heat related diseases such as headaches, dizziness, heat rash.'>Maximum, minimum and mean temperatures have warmed...</span>","Pest and disease"
"Zimbabwe","BTR","<span title='The expected increase in the national average temperature by 1.5 to 3.5°C by 2080 result in a higher incidence of heatwaves.'>The expected increase in the national average temp...</span>","Extreme temperature;Change in temperature"
"Zimbabwe","BTR","<span title='According to recent meteorological observations, there has been a rise in the frequency of strong winds and severe storms that are occasionally followed by hailstones that destroy property, crops, infrastructure, and even kill people and livestock.'>According to recent meteorological observations, t...</span>","Storm"
"Zimbabwe","BTR","<span title='It is anticipated that strong winds, thunderstorms and hailstorms will occur more frequently and with greater intensity.'>It is anticipated that strong winds, thunderstorms...</span>","Storm"
"Zimbabwe","BTR","<span title='The main climate hazards identified in the water sectors include increased temperature and heat waves, frequency, length and magnitude of dry droughts and dry spells, extended dry spells; incidence of intense rainfall; erratic rainfall patterns, frequency of cyclonic activity and strong winds and spatio-temporal trends of rainfall as well as a decline in seasonal rainfall amount and length of rainfall season.'>The main climate hazards identified in the water s...</span>","Extreme temperature;Storm;Drought;Change in temperature;Change in precipitation"
"Zimbabwe","BTR","<span title='The main climate hazards in the agricultural sector include increase in a) day & night temperatures and heat waves, b) winter temperatures, c) length of dry spells d) severity and frequency of droughts and floods e) occurrence of intense rainfall events f) cyclonic activity and strong winds'>The main climate hazards in the agricultural secto...</span>","Extreme temperature;Storm;Drought;Flood;Change in precipitation"
"Zimbabwe","BTR","Increased evaporation rates","Extreme temperature"
"Zimbabwe","BTR","<span title='Prevalence of crops and livestock pests and weed density'>Prevalence of crops and livestock pests and weed d...</span>","Pest and disease"
"Zimbabwe","BTR","<span title='Rates of runoff and soil erosion and incidences of waterlogging'>Rates of runoff and soil erosion and incidences of...</span>","Land degradation"
"Zimbabwe","BTR","Forest fire","Wildfire"
"Zimbabwe","BTR","Heat stress","Extreme temperature"
"EU","BTR","Heat waves and prolonged droughts","Extreme temperature;Drought"
"EU","BTR","<span title='Heavy precipitation leading to pluvial and fluvial floods'>Heavy precipitation leading to pluvial and fluvial...</span>","Flood;Change in precipitation"
"EU","BTR","Sea level rise leading to coastal floods","Flood;Sea level rise"
"EU","BTR","<span title='These climatic hazards will lead to more disasters such as droughts, floods, wildfires, diseases, crop failures, heat deaths, infrastructure damage, and structural changes to the environment.'>These climatic hazards will lead to more disasters...</span>","Drought;Wildfire;Flood;Pest and disease"
"EU","BTR","<span title='Extreme precipitation and large-scale floods took place in Germany and Belgium in 2021 (EUR 44 billion damage and more than 200 deaths), Slovenia in 2023 (damage estimated at around 16% of national GDP), and Greece in 2023 (submerging its breadbasket region).'>Extreme precipitation and large-scale floods took ...</span>","Flood;Change in precipitation"
"Saudi Arabia","BTR","<span title='The range and intensity of desertification has increased in some dryland areas over the past several decades'>The range and intensity of desertification has inc...</span>","Land degradation"
"Saudi Arabia","BTR","<span title='As desertification progresses, it leads to reduced soil fertility, loss of vegetation, and increased vulnerability to extreme weather events like droughts and sandstorms'>As desertification progresses, it leads to reduced...</span>","Extreme temperature;Storm;Drought;Land degradation"
"Saudi Arabia","BTR","<span title='Dust storms are a severe weather occurrence in Saudi Arabia influenced by the Kingdom’s arid climate and expansive desert terrains.'>Dust storms are a severe weather occurrence in Sau...</span>","Storm"
"Saudi Arabia","BTR","<span title='The Kingdom faces some of the most frequent dust/sandstorms globally'>The Kingdom faces some of the most frequent dust/s...</span>","Storm"
"Saudi Arabia","BTR","<span title='The frequency and intensity of dust storms have increased over the last few decades due to land use and land cover changes and climate-related factors in many dryland areas resulting in increasing negative impacts on human health, in regions such as the Arabian Peninsula and broader Middle East, and Central Asia'>The frequency and intensity of dust storms have in...</span>","Storm"
"Saudi Arabia","BTR","<span title='Although drought is considered abnormal relative to the water availability under the mean climatic characteristics, it is also a recurrent element of any climate, not only in drylands, but also in humid areas'>Although drought is considered abnormal relative t...</span>","Drought"
"Saudi Arabia","BTR","<span title='Climate change is projected to increase the intensity or frequency of droughts'>Climate change is projected to increase the intens...</span>","Drought"
"Saudi Arabia","BTR","<span title='Flash floods are a significant and recurring natural hazard'>Flash floods are a significant and recurring natur...</span>","Flood"
"Saudi Arabia","BTR","<span title='Saudi Arabia is projected to experience a 1.8°C–4.1°C increase in temperatures by 2050, which is forecast to raise agricultural water demand by 5–15% in order to maintain production levels equal to those of 2011'>Saudi Arabia is projected to experience a 1.8°C–4....</span>","Change in temperature"
"Saudi Arabia","BTR","<span title='Future climate scenarios are expected to increase the frequency of floods and flash floods, such as in the coastal areas along the central parts of the Red Sea and the south-southwestern areas of Saudi Arabia'>Future climate scenarios are expected to increase ...</span>","Flood"
"Saudi Arabia","BTR","<span title='Saudi Arabia experiences torrential rains (intense, short duration rainstorms) specially during the winter months from November – April.'>Saudi Arabia experiences torrential rains (intense...</span>","Storm"
"Saudi Arabia","BTR","<span title='Rising global temperatures may be increasing the frequency and intensity of storms in the regions may result in higher flood risks in urban and rural areas'>Rising global temperatures may be increasing the f...</span>","Storm;Flood"
"Saudi Arabia","BTR","<span title='Saudi Arabia has experienced major flash food in the near past in different parts of Saudi Arabia including Jeddah, Makkah, Medina, Riyadh and Eastern Province.'>Saudi Arabia has experienced major flash food in t...</span>",""
"Saudi Arabia","BTR","<span title='There is significant potential for climate change to increase soil erosion by water, particularly in those regions where precipitation volumes and intensity are projected to increase'>There is significant potential for climate change ...</span>","Change in precipitation;Land degradation"
"Saudi Arabia","BTR","<span title='Increased evaporation due to high temperatures dries out topsoil, making it more vulnerable to erosion.'>Increased evaporation due to high temperatures dri...</span>","Extreme temperature;Land degradation"
"Saudi Arabia","BTR","<span title='Saudi Arabia is facing an increased frequency of heatwaves due to climate change, posing a significant risk to health, and infrastructure.'>Saudi Arabia is facing an increased frequency of h...</span>","Extreme temperature"
"Saudi Arabia","BTR","<span title='Research indicates that summers are expected to be hotter, with an increase in the number of days of Climate Change Impacts and Adaptation KSA’s 1 st Biennial Transparency Report 143 extreme heat each year, compounded by temperatures and reduced rainfall'>Research indicates that summers are expected to be...</span>","Extreme temperature;Change in precipitation"
"Japan","BTR","<span title='The annual average surface temperature in Japan has increased from 1898 to 2023 with fluctuations at a rate of 1.35°C per century (statistically significant at a confidence level of 99%)'>The annual average surface temperature in Japan ha...</span>","Sea temperature"
"Japan","BTR","<span title='The annual mean temperature in Japan at the end of the 21st century is expected to be significantly higher nationwide relative to the end of the 20th century (high confidence).'>The annual mean temperature in Japan at the end of...</span>","Change in temperature"
"Japan","BTR","<span title='No statistically significant long-term trend is evident during the period 1898 to 2023 in terms of annual precipitation'>No statistically significant long-term trend is ev...</span>","Change in precipitation"
"Japan","BTR","<span title='Under the RCP8.5 scenario, no significant trend is evident in national annual average precipitation from the end of the 20th century (average of 1980-1999) to the end of the 21st century (average of 2076–2095).'>Under the RCP8.5 scenario, no significant trend is...</span>","Change in precipitation"
"Japan","BTR","<span title='Analysis of observed values at 13 Japan Meteorological Agency sites where the effects of urbanization are considered to be relatively small shows that during the statistical period from 1910 to 2023, the number of days with a daily maximum temperature of 35°C or above has increased (statistically significant at a confidence level of 99%)'>Analysis of observed values at 13 Japan Meteorolog...</span>",""
"Japan","BTR","<span title='Meanwhile, the number of days with a daily minimum temperature below 0°C decreased during the same period, and the number of days with a daily minimum temperature of 25°C or above increased (both statistically significant at a confidence level of 99%).'>Meanwhile, the number of days with a daily minimum...</span>",""
"Japan","BTR","<span title='Under the RCP8.5 scenario, the annual number of days with a maximum temperature of 35°C or above is projected to increase significantly nationwide at the end of the 21st century (average for 2076–2095) relative to the end of the 20th century (average for 1980–1999).'>Under the RCP8.5 scenario, the annual number of da...</span>",""
"Japan","BTR","<span title='The annual number of days with a minimum temperature of 25°C or above is also projected to increase significantly nationwide. They are projected to become more frequent in coastal and other low-lying areas'>The annual number of days with a minimum temperatu...</span>",""
"Japan","BTR","<span title='Projected increasing trend to the number of days with a maximum temperature of 35°C or above (high confidence, for reasons similar to the number of days with a maximum temperature of 35°C or above).'>Projected increasing trend to the number of days w...</span>",""
"Japan","BTR","<span title='There is an increasing number of days with heavy rainfall of 100 mm or more per day and 200 mm or more per day calculated from precipitation data as observed at 51 Japan Meteorological Agency observation stations nationwide for the period 1901 to 2023 (statistically significant at a confidence level of 99%).'>There is an increasing number of days with heavy r...</span>","Storm;Change in precipitation"
"Japan","BTR","<span title='The annual frequency of rainfall events with precipitation of 50 mm or more per hour is also increasing, calculated from precipitation data from about 1,300 Japan Meteorological Agency AMeDAS stations nationwide for the period 1976 to 2023 (statistically significant at a confidence level of 99%).'>The annual frequency of rainfall events with preci...</span>","Change in precipitation"
"Japan","BTR","<span title='Under the RCP8.5 scenario, the number of days with heavy rainfall of 100 mm or more and 200 mm or more is projected to increase significantly nationwide at the end of the 21st century (average of 2076– 2095) relative to the end of the 20th century (average of 1980–1999).'>Under the RCP8.5 scenario, the number of days with...</span>","Storm;Change in precipitation"
"Japan","BTR","<span title='According to projections by the Japan Meteorological Agency, under the RCP8.5 scenario, the amount of rainfall of 50 mm or more per hour is projected to increase significantly nationwide at the end of the 21st century (average of 2076–2095) relative to the end of the 20th century (average of 1980–1999).'>According to projections by the Japan Meteorologic...</span>","Change in precipitation"
"Republic of Korea","BTR","<span title='The Republic of Korea (ROK) is experiencing a more rapid increase in temperature compared to the global average. Over the past 109 years (1912-2020), the ROK's annual mean temperature increased by 0.20°C per decade, and the mean temperature over the recent 30 years (1991-2020) rose by 1.60°C compared to the previous 30-year period (1912-1940).'>The Republic of Korea (ROK) is experiencing a more...</span>","Change in temperature"
"Republic of Korea","BTR","<span title='Over the past 109 years (1912–2020), the annual mean precipitation in the ROK has increased, although the number of rainy days has shown a decreasing trend.'>Over the past 109 years (1912–2020), the annual me...</span>","Change in precipitation"
"Republic of Korea","BTR","<span title='The frequency of extreme rainfall events has also increased significantly.'>The frequency of extreme rainfall events has also ...</span>","Change in precipitation"
"Republic of Korea","BTR","<span title='Other extreme climate indicators, such as the number of heatwave days and tropical nights, have surged in recent years'>Other extreme climate indicators, such as the numb...</span>","Extreme temperature"
"Republic of Korea","BTR","<span title='During the last decade (2011-2020), heatwave days increased by 2.8 days, and tropical nights by 4.6 days, compared to the previous 30-year period (1991-2020).'>During the last decade (2011-2020), heatwave days ...</span>","Extreme temperature"
"Republic of Korea","BTR","<span title='Conversely, indicators of cold extremes, such as cold days and frost days, have declined over the past 109 years. Cold days decreased by 1.91 days per decade, and frost days by 0.61 days per decade.'>Conversely, indicators of cold extremes, such as c...</span>","Extreme temperature"
"Republic of Korea","BTR","<span title='The annual mean sea surface temperature has also risen sharply, increasing by 1.44°C over the past 56 years (1968-2023), which is more than double the global average increase of 0.70°C. In 2023, the annual mean sea surface temperature, as observed by satellite, reached 19.8°C, marking the highest temperature since sea surface temperature observations began in the ROK in 1990.'>The annual mean sea surface temperature has also r...</span>","Sea temperature"
"Republic of Korea","BTR","<span title='Additionally, the mean sea level around the ROK's coastal areas has risen by approximately 3.06 mm annually over the past 35 years (1989-2023), resulting in a total increase of around 10.7 cm.'>Additionally, the mean sea level around the ROK's ...</span>","Sea level rise"
"Republic of Korea","BTR","<span title='According to the Shared Socioeconomic Pathways (SSP) scenarios by the Intergovernmental Panel on Climate Change (IPCC), the ROK’s annual mean temperature by the late 2 century (2081-2100) is expected to increase by approximately 2.3°C to 6.3°C from present levels, depending on the level of greenhouse gas (GHG) emissions.'>According to the Shared Socioeconomic Pathways (SS...</span>","Change in temperature"
"Republic of Korea","BTR","<span title='The annual mean precipitation is also anticipated to rise.'>The annual mean precipitation is also anticipated ...</span>","Change in precipitation"
"Republic of Korea","BTR","<span title='The frequency of heatwave days and tropical nights is also expected to surge.'>The frequency of heatwave days and tropical nights...</span>","Extreme temperature"
"Republic of Korea","BTR","<span title='The annual mean sea surface temperature around the ROK is expected to rise steadily, with projections under the high-emission scenario (SSP5-8.5) indicating an increase of up to 4°C by 2100.'>The annual mean sea surface temperature around the...</span>","Sea temperature"
"Republic of Korea","BTR","<span title='The mean sea level rise in the ROK's surrounding waters is projected to vary across emission scenarios, with rates ranging from 5.44 mm/year to 9.51 mm/year, resulting in a total projected rise of 46.8 cm to 81.8 cm by the end of the century.'>The mean sea level rise in the ROK's surrounding w...</span>","Sea level rise"
"Republic of Korea","BTR","<span title='Climate change impacts on water resources in the ROK include observed increases in summer precipitation and a higher frequency of heavy rainfall days, defined by thresholds of 30 mm, 50 mm, 80 mm, and 100 mm per day. Over the 106-year period from 1912 to 2017, summer precipitation increased by 11.6 mm per decade.'>Climate change impacts on water resources in the R...</span>","Storm;Change in precipitation"
"Republic of Korea","BTR","<span title='In September 2023, the sea surface temperature around the Korean Peninsula reached 19.8°C, the highest temperature since observations began. This extreme temperature resulted in mass mortality of aquaculture species, including flatfish, abalone, and sea squirts, with estimated losses of KRW 43.8 billion.'>In September 2023, the sea surface temperature aro...</span>","Extreme temperature;Sea temperature"
"France","BTR","Rising ocean temperatures and acidification","Sea temperature;Ocean acidification"
"France","BTR","Rising sea levels","Sea level rise"
"France","BTR","The increase in extreme weather events","Extreme temperature"
"France","BTR","<span title='Ocean heat peaks, which are expected to become increasingly frequent, are particularly responsible for two worrying phenomena. On the one hand, the massive strandings of Sargassum seaweed in the Antilles and, to a lesser extent, in French Guiana, which lead to the release of a worrying volume of two toxic and pestilential gases, directly impacting the health of residents and tourist numbers. On the other hand, coral bleaching'>Ocean heat peaks, which are expected to become inc...</span>","Ocean acidification;Pest and disease"
"France","BTR","<span title='At a time when the Tuamotu atolls in French Polynesia and the island of Ouvéa in New Caledonia are threatened by rising sea levels and fresh water is becoming increasingly scarce, as in Mayotte, which was hit by a historic drought in 2023, the very question of the habitability of certain overseas territories arises.'>At a time when the Tuamotu atolls in French Polyne...</span>","Drought;Sea level rise"
"France","BTR","<span title='With the exception of 2021, the last few years (2023, 2022, 2020, 2019, 2018, 2017) have been among the hottest years since 1900. In 2023, the average annual temperature in mainland France reached 14.4°C, 1.4°C above normal, ranking second among the hottest since measurements began behind 2022 (+1.6°C).'>With the exception of 2021, the last few years (20...</span>","Change in temperature"
"France","BTR","<span title='While 2022 was the hottest year, it was also a year with little rain, particularly in May and July, which saw record rainfall deficits.'>While 2022 was the hottest year, it was also a yea...</span>","Change in precipitation"
"France","BTR","<span title='With an average rainfall deficit of nearly 25%, 2022 ranks second among the driest years since 1959, almost tied with 1989, which narrowly remains in first place, and far ahead of 2005, with a deficit of nearly 20%.'>With an average rainfall deficit of nearly 25%, 20...</span>","Change in precipitation"
"France","BTR","<span title='Across France, annual precipitation has not shown any marked change since 1961. However, it is characterized by a clear disparity with an increase over a large northern half (especially the northeastern quarter) and a decrease in the south.'>Across France, annual precipitation has not shown ...</span>","Change in precipitation"
"France","BTR","<span title='Beyond changes in average annual precipitation, we can note an increase in the frequency and intensity of exceptional rainfall events around the Mediterranean, contributing to an exacerbation of flooding phenomena.'>Beyond changes in average annual precipitation, we...</span>","Flood;Change in precipitation"
"France","BTR","<span title='Climate change is observed at all levels with direct impacts such as the increase in the average annual temperature and the modification of precipitation patterns, but also by more specific impacts such as the reduction in the duration of the snow cover period in the mid-mountains.'>Climate change is observed at all levels with dire...</span>","Extreme temperature;Change in temperature;Change in precipitation"
"France","BTR","<span title='Glaciers in the French Alps have experienced a loss of their mass balance and glaciers in the Pyrenees show the same trend. The strong loss of glacier mass recorded since 1982 is the result of a significant increase in summer ice melt, which has become more pronounced since 2003.'>Glaciers in the French Alps have experienced a los...</span>","Extreme temperature"
"France","BTR","<span title='Since the mid-20th century, there has been a change in the frequency and intensity of these events: the number of hot days (maximum temperatures above 25°C) is increasing, while the number of freezing days is decreasing.'>Since the mid-20th century, there has been a chang...</span>","Extreme temperature;Change in temperature"
"France","BTR","<span title='Heatwaves have become more frequent and more intense.'>Heatwaves have become more frequent and more inten...</span>","Extreme temperature"
"France","BTR","<span title='The main expected characteristics of the future climate in France, consistent with the current changes already detected, are, firstly, a rise in temperatures greater than the global average, particularly in regions further from the coast, with heat waves that are increasingly frequent, increasingly severe and extending beyond traditional summer periods.'>The main expected characteristics of the future cl...</span>","Extreme temperature;Change in temperature"
"France","BTR","<span title='Since 2023, France has chosen to prepare for an average temperature increase of 4°C by 2100.'>Since 2023, France has chosen to prepare for an av...</span>","Change in temperature"
"France","BTR","<span title='Whatever level of warming is reached, it will result in a change in precipitation patterns and the water cycle, an increase in extreme weather events, and a continued rise in sea level.'>Whatever level of warming is reached, it will resu...</span>","Extreme temperature;Change in precipitation;Sea level rise"
"France","BTR","<span title='A difference of 0.8°C in the magnitude of the increase is projected between Normandy and the southern region by 2100.'>A difference of 0.8°C in the magnitude of the incr...</span>",""
"France","BTR","<span title='During the summer season, the number of extremely hot days will increase significantly across the country. This trend will be exacerbated in the currently hottest regions, particularly the Mediterranean arc, the Rhône corridor, and the Garonne Valley.'>During the summer season, the number of extremely ...</span>","Extreme temperature"
"France","BTR","<span title='The entire territory will be affected by the significant increase in the number of so-called tropical nights, i.e. nights where the temperature does not fall below 20°C.'>The entire territory will be affected by the signi...</span>",""
"France","BTR","<span title='Regarding the annual cumulative rainfall, a slight decrease in the southern half, accentuated near the Pyrenees, and a slight increase in the northern half, particularly towards the northeastern borders, are expected by the end of the century.'>Regarding the annual cumulative rainfall, a slight...</span>","Change in precipitation"
"France","BTR","<span title='Overall, a decrease in rainfall is expected with a delay and shortening of the rainy season'>Overall, a decrease in rainfall is expected with a...</span>","Change in precipitation"
"France","BTR","<span title='In terms of water resources, despite the relative stability of expected precipitation, the increase in evapotranspiration due to the increase in temperature will contribute to a general decrease in available water.'>In terms of water resources, despite the relative ...</span>","Extreme temperature;Change in temperature;Change in precipitation"
"France","BTR","<span title='Agricultural and hydrological droughts will therefore become extremely worrying, with very significant consequences for agriculture, forests and biodiversity, in the absence of adaptation.'>Agricultural and hydrological droughts will theref...</span>","Drought"
"France","BTR","<span title='An increase in the frequency of floods could impact land use planning choices, insurance capacity, the safety of people and their ability to move around.'>An increase in the frequency of floods could impac...</span>","Extreme temperature;Flood"
"France","BTR","Edaphic and atmospheric droughts","Drought"
"France","BTR","<span title='A sharp increase in fire risk can also be anticipated. By 2060, most of the country is expected to be subject to an extreme fire risk for several weeks each year'>A sharp increase in fire risk can also be anticipa...</span>","Wildfire"
"Brunei Darussalam","BTR","<span title='Brunei's annual mean temperature has increased by 0.22°C per decade from the years 1971 to 2022'>Brunei's annual mean temperature has increased by ...</span>","Change in temperature"
"Brunei Darussalam","BTR","<span title='Across Brunei, there is an observed rise in mean surface temperature, daily minimum and maximum temperatures.'>Across Brunei, there is an observed rise in mean s...</span>","Change in temperature;Sea temperature"
"Brunei Darussalam","BTR","<span title='Whereas for relative humidity, it varies between 80-90% on average since 1979 to 2022'>Whereas for relative humidity, it varies between 8...</span>",""
"Brunei Darussalam","BTR","<span title='Brunei's annual rainfall has increased by 114mm per decade from 1966 to 2022 (Figure 3.3), but with large year-to-year variations associated with natural climate phenomena such as the El-Niño Southern Oscillation (ENSO).'>Brunei's annual rainfall has increased by 114mm pe...</span>","Change in precipitation"
"Brunei Darussalam","BTR","<span title='Tidal flood occurs during high tide that coincides with heavy rainfall and/or strong wind conditions, where the water will inundate the surrounding low-lying areas close to the coastal bays or at rivers subjected to tide'>Tidal flood occurs during high tide that coincides...</span>","Storm;Flood;Change in precipitation"
"Brunei Darussalam","BTR","<span title='As recorded by DDS, the number of flooding incidents have increased since 2018, with the highest number of incidents taking place in 2022 at the low-lying areas of Belait District'>As recorded by DDS, the number of flooding inciden...</span>","Flood"
"Brunei Darussalam","BTR","<span title='The high number of forest fire incidents in 2016 and 2019 coincides with El-Nino episode which brings higher temperatures and drier conditio s'>The high number of forest fire incidents in 2016 a...</span>","Wildfire;Change in temperature"
"Brunei Darussalam","BTR","<span title='The number of landslide incidents from 2011 until 2022, as recorded by the Department of Technical Services (DTS), PWD shows fluctuating landslide incidents over the period, where Brunei was hit with the highest landslide incidents in 2014, with 325 events on both government and private lands'>The number of landslide incidents from 2011 until ...</span>","Extreme temperature;Landslide"
"Brunei Darussalam","BTR","<span title='Brunei also experienced strong winds, especially during monsoon season. This can lead to incidents of fallen trees and rooftops being blown away. According to the BFRD, the number of fallen trees incidents have increased over the period 2010 to 2022. This means that the weather during the monsoon seasons has become more extreme'>Brunei also experienced strong winds, especially d...</span>","Storm"
"Brunei Darussalam","BTR","Increase in temperature","Change in temperature"
"Brunei Darussalam","BTR","Decrease in temperature",""
"Brunei Darussalam","BTR","Increase in rainfall","Change in precipitation"
"Brunei Darussalam","BTR","Decrease in rainfall","Change in precipitation"
"Brunei Darussalam","BTR","Seal level rise",""
"Brunei Darussalam","BTR","Prolonged El-Nino",""
"Brunei Darussalam","BTR","Prolonged La Nina",""
"Brunei Darussalam","BTR","Forest fire","Wildfire"
"Brunei Darussalam","BTR","Drought","Drought"
"Brunei Darussalam","BTR","Haze",""
"Brunei Darussalam","BTR","Floods","Flood"
"Brunei Darussalam","BTR","Landslides","Landslide"
"Brunei Darussalam","BTR","Disease outbreak","Pest and disease"
"Brunei Darussalam","BTR","High coastal wave energy",""
"Brunei Darussalam","BTR","Coastal erosion","Land degradation;Sea level rise"
"Brunei Darussalam","BTR","Inundation","Flood"
"Brunei Darussalam","BTR","Typhoon","Storm"
"Brunei Darussalam","BTR","Storm surges","Storm"
"Canada","BTR","<span title='Slow-onset changes, such as permafrost thaw and sea-level rise, are transforming landscapes and coastlines, affecting communities, livelihoods, and identities.'>Slow-onset changes, such as permafrost thaw and se...</span>","Extreme temperature;Sea level rise"
"Canada","BTR","<span title='As additional warming in Canada is inevitable, many of the climate trends already observed in Canada are projected to continue. These include more extreme heat, less extreme cold, longer growing seasons, earlier spring peak streamflow, shorter snow and ice cover seasons, thinning glaciers, thawing permafrost, and rising sea-levels along many Canadian coastlines.'>As additional warming in Canada is inevitable, man...</span>","Extreme temperature"
"Canada","BTR","<span title='A warmer climate will also contribute to increased drought and wildfire risks, and more intense rainfalls will increase urban flood risks.'>A warmer climate will also contribute to increased...</span>","Extreme temperature;Drought;Wildfire;Flood;Change in precipitation"
"Canada","BTR","<span title='The frequency of events such as heatwaves, wildfires, and extreme rainfallinduced floods has risen, which can lead to injuries, community displacement, significant economic disruptions and damages, and loss of life.'>The frequency of events such as heatwaves, wildfir...</span>","Extreme temperature;Wildfire;Flood;Change in precipitation"
"Canada","BTR","<span title='Climate change drives direct health effects related to rising temperatures, such as increasingly frequent and severe events like extreme heat and, wildfires, poor air quality, including due to wildfire smoke, and the spread of zoonotic diseases like Lyme disease.'>Climate change drives direct health effects relate...</span>","Extreme temperature;Wildfire;Change in temperature;Pest and disease"
"Bolivia","BTR","<span title='In other regions, flooding is projected to increase, which will force adaptation not only to droughts, but also floods and other types of damage.'>In other regions, flooding is projected to increas...</span>","Drought;Flood"
"Bolivia","BTR","<span title='Due to the variation in temperature and precipitation, there are negative consequences on productive development, but above all on access to food with own production.'>Due to the variation in temperature and precipitat...</span>","Change in precipitation"
"Bolivia","BTR","<span title='Extreme climatic factors have increased their impact on productive systems, presence of droughts and extreme frosts, strong hailstorms and uncontrolled floods, floods of great magnitude, have been the events that have occurred in recent years'>Extreme climatic factors have increased their impa...</span>","Extreme temperature;Storm;Drought;Flood"
"Bolivia","BTR","<span title='Glacier melting: The retreat of glaciers in the Bolivian Andes is affecting the rain patterns and wind speeds. It is estimated that by the middle of the 21st century, Bolivia could lose almost all glaciers and 95% of permafrost'>Glacier melting: The retreat of glaciers in the Bo...</span>","Extreme temperature"
"Bolivia","BTR","<span title='Increased forest fires: Climate change has increased the number of forest fires due to the variation in rainfall behavior'>Increased forest fires: Climate change has increas...</span>","Wildfire;Change in precipitation"
"Bolivia","BTR","<span title='Observed data from weather stations in Bolivia show that there is an average increase of the surface temperature of approximately 1.2 °C from 1890 to 2020'>Observed data from weather stations in Bolivia sho...</span>","Sea temperature"
"Bolivia","BTR","<span title='The scenarios projected to 2050 for the surface temperature show for Bolivia, in a way overall, an increase of 1.5°C (moderate scenario); and 4.3°C (pessimistic scenario).'>The scenarios projected to 2050 for the surface te...</span>","Sea temperature"
"Bolivia","BTR","<span title='Precipitation will vary within a range of 0.20 mm/day and 0.5 mm/day within the Amazon region and Titicaca basin; other variations range between a decrease of 4.0 mm/day in the southern plateau region and 0.20 mm/day in the valleys power plants.'>Precipitation will vary within a range of 0.20 mm/...</span>","Change in precipitation"
"Bolivia","BTR","Pests and diseases","Pest and disease"
"Bolivia","BTR","Hailstorms","Storm"
"Bolivia","BTR","Hurricanes",""
"Bolivia","BTR","Drought","Drought"
"Bolivia","BTR","Frost","Extreme temperature"
"Bolivia","BTR","Landslides","Landslide"
"Bolivia","BTR","<span title='The living conditions of the human population are threatened globally and in Bolivia by two main threats: the increase in extreme heat (heat waves) and the increase in flooding'>The living conditions of the human population are ...</span>","Extreme temperature;Flood"
"Bolivia","BTR","<span title='The extreme events that occur in Bolivia highlight the high conditions of vulnerability of basic infrastructure. The losses and damages generated by the extreme events depend on the intensity of the events and on exposure and vulnerability;'>The extreme events that occur in Bolivia highlight...</span>",""
"Solomon Islands","BTR","<span title='Observed temperature data by the Solomon Islands Meteorological Services show that annual surface temperature for the western, central and eastern regions of Solomon Islands have increased during the last 30 to 50 years'>Observed temperature data by the Solomon Islands M...</span>","Extreme temperature;Sea temperature"
"Solomon Islands","BTR","<span title='The range of increase in mean air temperature for most provinces is between 0.14 ℃ and 0.17℃/decade'>The range of increase in mean air temperature for ...</span>",""
"Solomon Islands","BTR","<span title='The country’s sea level data indicates that it is rising at 8mm/annum which is nearly 2-3 times higher than the global average'>The country’s sea level data indicates that it is ...</span>","Sea level rise"
"Solomon Islands","BTR","<span title='Temperature increases are one of the most consistent projections across all climate models.'>Temperature increases are one of the most consiste...</span>","Change in temperature"
"Solomon Islands","BTR","<span title='Precipitation patterns are expected to become more variable, with models projecting changes in both seasonal and annual rainfall patterns'>Precipitation patterns are expected to become more...</span>","Change in precipitation"
"Solomon Islands","BTR","<span title='On average, models suggest a 2% to 5% increase in annual rainfall by the end of the century'>On average, models suggest a 2% to 5% increase in ...</span>","Change in precipitation"
"Solomon Islands","BTR","<span title='However, there will still be significant year-to-year variability, influenced by broader climatic phenomena such as the El Niño-Southern Oscillation (ENSO)'>However, there will still be significant year-to-y...</span>",""
"Solomon Islands","BTR","<span title='The Solomon Islands could experience a 5% to 10% increase in annual precipitation by 2100. This increase is mainly due to more intense rainfall events during the wet season.'>The Solomon Islands could experience a 5% to 10% i...</span>","Change in precipitation"
"Solomon Islands","BTR","<span title='However, some models predict longer dry spells between heavy rain events, increasing the risk of both droughts and floods'>However, some models predict longer dry spells bet...</span>","Storm;Drought;Flood"
"Solomon Islands","BTR","<span title='This combination of heavy rainfall and prolonged dry periods could disrupt agriculture, reduce water quality, and increase the incidence of landslides and floods'>This combination of heavy rainfall and prolonged d...</span>","Storm;Landslide;Flood;Change in precipitation"
"Solomon Islands","BTR","<span title='Under RCP2.6 Low Emissions Scenario, global sea-level rise is projected to be limited to 0.4 to 0.6 meters by 2100, compared to pre-industrial levels. For the Solomon Islands, this would still represent a significant threat, as even modest rises in sea levels can lead to increased coastal erosion, saltwater intrusion, and flooding of low-lying areas.'>Under RCP2.6 Low Emissions Scenario, global sea-le...</span>","Flood;Salinization;Land degradation;Sea level rise"
"Solomon Islands","BTR","<span title='The High Emissions Scenario RCP8.5 shows sea levels are projected to rise by as much as 0.8 to 1.1 meters by 2100, with some models suggesting an even higher range depending on the rate of ice sheet melting in Greenland and Antarctica. This scenario represents an existential threat to many islands in the Solomon Islands, particularly those atolls that are only a few meters above sea level. Entire communities could be displaced, and critical infrastructure such as roads, schools, and hospitals may be inundated.'>The High Emissions Scenario RCP8.5 shows sea level...</span>","Extreme temperature;Sea level rise"
"Solomon Islands","BTR","<span title='An average of 29 cyclones per decade developed within or crossed the Solomon Islands Exclusive Economic Zone (EEZ) between the 1969/70 and 2010/11 seasons'>An average of 29 cyclones per decade developed wit...</span>","Storm"
"Solomon Islands","BTR","<span title='Sea-level rise also increases the risk of storm surges during tropical cyclones, which are projected to become more intense under both emissions scenarios.'>Sea-level rise also increases the risk of storm su...</span>","Storm;Sea level rise"
"Solomon Islands","BTR","<span title='Flash flooding, Heavy rain and strong winds affected Solomon Islands in late December 2018 and early January 2019. The rain caused rivers to burst their banks and sweep through villages on the main islands of Malaita and Guadalcanal. More than 22,000 people saw their homes and crops destroyed by extreme weather. The flash flooding also contaminated drinking water.'>Flash flooding, Heavy rain and strong winds affect...</span>","Extreme temperature;Storm;Flood"
"Solomon Islands","BTR","<span title='The increased frequency of heatwaves and warmer days is also expected to be under RCP8.5, which could contribute to higher heat stress for both humans and ecosystems'>The increased frequency of heatwaves and warmer da...</span>","Extreme temperature"
"Solomon Islands","BTR","<span title='In 2015-2016 El Nino caused severe drought conditions on the island of Renell & Bellona, Temotu and Makira/Ulawa province. The sectors affected were Agriculture, Education and water supply, then it cost approximately USD400,000 in relief supplies.'>In 2015-2016 El Nino caused severe drought conditi...</span>","Drought"
"Solomon Islands","BTR","<span title='The built environment in Honiara is highly exposed to flooding. There are an estimated 8,011 buildings in Honiara exposed to floods from the Matakino, Lungga, and White rivers, and this includes houses, roads, and critical infrastructure.'>The built environment in Honiara is highly exposed...</span>","Flood"
"Solomon Islands","BTR","<span title='Extreme weather events such as cyclones and floods disrupt education, as schools  are often damaged or repurposed as shelters during emergencies. This leads to prolonged disruptions in children’s education, with long-term consequences for their development and future opportunities'>Extreme weather events such as cyclones and floods...</span>","Extreme temperature;Storm;Flood"
"Kenya","BTR","<span title='The 2008 – 2011 drought is estimated to have cost Kenya USD12.1 billion, including USD 805.6 million for the destruction of physical and durable assets'>The 2008 – 2011 drought is estimated to have cost ...</span>","Drought"
"Kenya","BTR","<span title='Droughts have affected more people than floods and have had the greatest economic impact (averaging 8% of GDP every five years)'>Droughts have affected more people than floods and...</span>","Drought;Flood"
"Kenya","BTR","<span title='Although droughts often affect the whole country, the most severe impacts are felt in the country’s highly arid zones, which include many of the poorest counties. The local economies in these counties depend heavily on pastoralism and the resulting rangeland degradation and loss of livestock erodes their capacity to cope and adapt to further climate impacts.'>Although droughts often affect the whole country, ...</span>","Drought;Land degradation"
"Kenya","BTR","<span title='In Kenya, agriculture is the main productive sector and is critical for food security and economic stability. The sector accounts for approximately 20% of Kenya’s GDP and employs more than 40% of the total population and more than 70% of the rural population. It largely remains rainfed making it exposed and vulnerable to the changing climate. Drought and floods cause significant loss of livestock, crops, and harvest resulting to loss of income and livelihoods at household level, and episodes of acute food insecurity, articularly in the arid counties. Climate impacts on the agriculture sector heavily affect young people by reducing incomes and limiting their transformation towards climate-smart or modernized agriculture which is capital-intensive.'>In Kenya, agriculture is the main productive secto...</span>","Drought;Flood"
"Kenya","BTR","<span title='The KMD estimates that Kenya’s mean annual temperature has increased by 1.0°C since 1960, at an average rate of 0.21°C per decade and projects that it will continue rising by 1.7°C by the 2050s.35 In the same report, the KMD reported that several weather stations in 2022 recorded maximum temperature values exceeding long-term averages, and minimum temperatures that were higher than long-term averages'>The KMD estimates that Kenya’s mean annual tempera...</span>","Change in temperature"
"Kenya","BTR","<span title='Increased heat and extreme heat conditions will result in significant implications for human and animal health, agriculture, and ecosystems. Recent analysis by the World Bank presented in their climate knowledge portal demonstrates evidence of increased temperature in recent years (1990 – 2020), compared to the natural variability recorded over 1951-2020.'>Increased heat and extreme heat conditions will re...</span>","Extreme temperature;Change in temperature"
"Kenya","BTR","<span title='Precipitation trends in Kenya are projected to remain highly variable and uncertain, with significant geographical diversity in rainfall trends. Average rainfall is expected to increase by mid-century, particularly during the ‘short rains’, which occur between October and December. Increased aridity and drought have been observed, with extreme rainfall events occurring with greater frequency and intensity.'>Precipitation trends in Kenya are projected to rem...</span>","Drought;Change in precipitation"
"Kenya","BTR","<span title='Extreme events from 2018 to 2024 in Kenya included flash floods, floods, landslides, and rising lake levels.'>Extreme events from 2018 to 2024 in Kenya included...</span>","Landslide;Flood"
"Kenya","BTR","<span title='Kenya is experiencing sea level rise, and the rate of sea level rise along  the Western Indian Ocean is estimated to be 4.0mm/year compared to the global average of 3.4mm/year'>Kenya is experiencing sea level rise, and the rate...</span>","Sea level rise"
"Kenya","BTR","<span title='Increasing sea surface temperatures, marine heatwaves, and ocean acidification alongside rising sea levels and stronger storm surges impact marine life, lead to coastal erosion, and increase the risk of flooding in the five coastal counties (Kwale, Mombasa, Kilifi, Tana River, and Lamu).'>Increasing sea surface temperatures, marine heatwa...</span>","Extreme temperature;Storm;Flood;Land degradation;Sea level rise;Sea temperature;Ocean acidification"
"Kenya","BTR","<span title='Global projections of 21–48 cm of sea level rise by the end of the 21st century compared with the 1980–1999 average could be devastating for Kenya.41  A 30 cm increase in sea level rise could submerge 17% of the city of Mombasa, Kenya’s second largest city and the largest seaport in East Africa'>Global projections of 21–48 cm of sea level rise b...</span>","Sea level rise"
"Kenya","BTR","Severe drought","Drought"
"Kenya","BTR","Heavy rainfall and flooding","Storm;Flood;Change in precipitation"
"Kenya","BTR","<span title='Changes in temperature regimes and precipitation patterns (associated with insufficient availability of water, excessive moisture conditions, pests, diseases, and weeds)'>Changes in temperature regimes and precipitation p...</span>","Change in precipitation;Pest and disease"
"Kenya","BTR","Droughts","Drought"
"Kenya","BTR","unpredictable rainfall patterns","Change in precipitation"
"Kenya","BTR","prolonged dry spells","Drought"
"Kenya","BTR","flooding","Flood"
"Kenya","BTR","<span title='Rising temperatures and changing precipitation patterns;'>Rising temperatures and changing precipitation pat...</span>","Change in temperature;Change in precipitation"
"Kenya","BTR","prolonged droughts and flooding","Drought;Flood"
"Kenya","BTR","<span title='Rising temperatures, heatwaves and changing precipitation patterns such as more frequent and heavier rain events, water encroachment, over abstraction of groundwater, storm surges in coastal areas'>Rising temperatures, heatwaves and changing precip...</span>","Extreme temperature;Storm;Change in temperature;Change in precipitation"
"Kenya","BTR","<span title='Declining water availability due to changing precipitation patterns and droughts1'>Declining water availability due to changing preci...</span>","Drought;Change in precipitation"
"Kenya","BTR","<span title='Temperature increases and higher frequency and intensity of extreme weather events'>Temperature increases and higher frequency and int...</span>","Extreme temperature;Change in temperature"
"Türkiye","BTR","<span title='the long-term annual mean temperature in Türkiye for the 1991-2020 reference period, is 13.9°C, which is an increase from the 13.5°C recorded for the 1981-2010 period the 13.2°C recorded for the 1971-2000 period The temperature, since 1990 with the exception of 1992, 1997 and 2011. The year 2010 was particularly noteworthy, as it saw the highest emperatureanomalies on record, with temperatures 1.6°C above the average. In 2023, Türkiye experienced its third warmest year on record. The 1991-2020 reference period indicates that the average temperature in Türkiye has increased by 1.2°C, considering the mean temperature of 13.9°C.'>the long-term annual mean temperature in Türkiye f...</span>","Change in temperature"
"Türkiye","BTR","<span title='The annual mean areal total precipitation in Türkiye between 1991 and 2020 was 573.4 mm, as measured by TSMS203 as indicated by the precipitation time series in Figure 70. The annual total precipitation averages in Türkiye have experienced a slight decrease. When reviewing long-term precipitation averages in Türkiye, it is observed that dry and wet periods follow one another. For the examined period, the year 2008 (451.6 mm) was one of the driest on record while the wettest year was 2009 (728.3 mm). In Figure 70, blue colored columns show the amount of precipitation, while the red horizontal line shows the long-term average for Türkiye.'>The annual mean areal total precipitation in Türki...</span>","Change in precipitation"
"Türkiye","BTR","<span title='The ""Iklime Uyum Project"" analyzed climate changes from the 2021-2100 projection period compared to the 1971-2000 reference period using high-resolution models under the RCP4.5 and RCP8.5 scenarios. The findings indicate that average temperatures across Türkiye are expected to rise by 2.5°C to over 5°C by the end of the century, with the most significant arming in Eastern Anatolia. Meanwhile, precipitation patterns are projected to shift, with increases in the northern regions and a sharp decrease in the southern regions; under the RCP8.5 scenario, the Mediterranean Region could experience a reduction of up to 300 mm in total annual precipitation by the end of the century.'>The ""Iklime Uyum Project"" analyzed climate changes...</span>","Change in temperature;Change in precipitation"
"Türkiye","BTR","<span title='Droughts are projected to become more severe, especially in the southeast, and conditions conducive to forest fires will likely increase, particularly in southern regions. Heavy precipitation is predicted to rise in northern areas and decrease in the south, while extreme wind patterns show regional variability.'>Droughts are projected to become more severe, espe...</span>","Drought;Wildfire;Change in precipitation"
"Türkiye","BTR","<span title='When examining the drought values calculated for the current period (1990-2019), it is evident that the intensity of drought decreases in the northwest part of Türkiye. The lowest drought values in Türkiye are observed in the Western Black Sea region. The provinces of Konya and Karaman have the highest meteorological drought values, followed by Hatay and ahramanmaraş. Additionally, meteorological drought levels in the Eastern Anatolia and Southeastern Anatolia regions are above the average for Türkiye'>When examining the drought values calculated for t...</span>","Drought"
"Türkiye","BTR","<span title='When analyzing the future projections, both scenarios generally predict an increase in the total heavy precipitation in northern Türkiye, while a decrease is expected in the south. According to the RCP 4.5 scenario, the most significant decrease is anticipated in the Mediterranean region during the 2061-2080 period. Similarly, according to the RCP 8.5 scenario, the most severe decrease is expected to occur in the Mediterranean region during the 2081-2100 period.'>When analyzing the future projections, both scenar...</span>","Change in precipitation"
"Türkiye","BTR","<span title='The Heatwave Frequency (HWF) index was examined to assess the hazard of heatwaves as calculated above 90th percentile of temperature. A period in which the index is observed for at least 5 days, or more was considered as a heatwave frequency. The distribution of the HWF for the current period is shown in Figure 75. According to the analysis results, at east three instances of heatwave events are observed in Türkiye. The lowest frequency of heatwaves is recorded in the provinces of Ordu and Giresun. In contrast, the highest frequency of heatwaves is found in Mersin, where it reaches 12 days per year. It is noted that, particularly in northern Türkiye, the frequency of heatwaves is low, but increases to the south.'>The Heatwave Frequency (HWF) index was examined to...</span>","Extreme temperature"
"Türkiye","BTR","<span title='When examining these future changes, both emission scenarios indicate that, alongside rising temperatures, the frequency of heatwave events will increase significantly during the last 20 years of the 21st century. Particularly in the South Aegean and Mediterranean regions, it is expected that the total number of heatwave days will increase by approximately 60 days under the RCP4.5 scenario by the 2060s, while this increase could reach up to 100 days under the RCP8.5 scenario. Overall, it is estimated that the change in heatwave frequency across Türkiye will be most significant according to the RCP8.5 scenario, with an increase of nearly five times compared to the early part of the century.'>When examining these future changes, both emission...</span>","Extreme temperature;Change in temperature"
"Türkiye","BTR","<span title='The Canadian Fire Weather Index (FWI), which represents fire-conducive weather conditions for forest fire risk, has been calculated, and the areal distribution of the average FWI values for the current period is shown in Figure 77. According to the FWI index, the Black Sea Region, with the lowest values in the current period, is classified as low risk for fire, while the  outheastern Region is at high risk. The Aegean, Marmara, and Eastern Anatolia Regions fall into the medium-low fire risk categories.'>The Canadian Fire Weather Index (FWI), which repre...</span>","Wildfire"
"Türkiye","BTR","<span title='Examining the results for the future projections, a change of approximately ±20% is expected across Türkiye over the next 100 years according to the RCP4.5 scenario. Fire-conducive weather conditions are projected to increase by 30%, particularly in the provinces of Antalya and Burdur in the Mediterranean Region and in Çankırı and Çorum in Central Anatolia. In the Southeastern Anatolia Region, which currently has a high fire risk, the amount of change is predicted to increase by 20% by the end of the next century.'>Examining the results for the future projections, ...</span>","Wildfire"
"Türkiye","BTR","<span title='the water resources in Türkiye are highly vulnerable to climate change impacts, particularly drought and heavy precipitation. The findings from the vulnerability and risk assessment show that drought risk is currently high or very high in regions such as Western Marmara, Central Anatolia, Eastern Mediterranean, Southeastern, and Eastern Anatolia, and is expected to remain similar in the future.'>the water resources in Türkiye are highly vulnerab...</span>","Drought;Change in precipitation"
"Türkiye","BTR","<span title='The risk of heavy precipitation is extremely high in the Eastern Mediterranean, Black Sea coastal provinces, and parts of the Marmara, Mediterranean, and Aegean regions, with risks projected to increase significantly, especially in northern Marmara after the 2060s.'>The risk of heavy precipitation is extremely high ...</span>","Change in precipitation"
"Türkiye","BTR","<span title='the western and eastern parts of Central Anatolia, Eastern Anatolia, and parts of the Eastern Mediterranean currently face high or very high drought risks for crop yields, with risk expected to increase in the eastern Aegean.'>the western and eastern parts of Central Anatolia,...</span>","Drought"
"Türkiye","BTR","<span title='In the livestock sector, drought risks are high in Eastern and Southeastern Anatolia, Central Anatolia, and the Mediterranean coasts, and are projected to expand across much of the southern half of the country in the future.'>In the livestock sector, drought risks are high in...</span>","Drought"
"Türkiye","BTR","<span title='Türkiye faces significant exposure to various natural hazards due to its geographical and climatic conditions.These hazards include earthquakes and climate-related events such as floods, landslides, droughts, and wildfires.'>Türkiye faces significant exposure to various natu...</span>","Drought;Wildfire;Landslide;Flood"
"Türkiye","BTR","<span title='In recent years, major flood events have occurred in the Western and Eastern Black Sea regions, while wildfires have notably impacted the Southern Aegean and Mediterranean regions. Flood risks are increasing, particularly in basins such as Kızılırmak and Yeşilırmak.'>In recent years, major flood events have occurred ...</span>","Wildfire;Flood"
"Türkiye","BTR","<span title='Landslides are frequent in the Eastern Black Sea region, and forest fires are increasingly affecting areas like Antalya and Muğla due to extreme temperatures.'>Landslides are frequent in the Eastern Black Sea r...</span>","Extreme temperature;Wildfire;Landslide"
"Türkiye","BTR","<span title='Biodiversity and ecosystem services in Türkiye are highly impacted by climate change, especially due to drought risk.'>Biodiversity and ecosystem services in Türkiye are...</span>","Extreme temperature;Drought"
"Türkiye","BTR","<span title='Vulnerability and risk studies show that species diversity is at very high risk of drought in regions such as Eastern Mediterranean, Southern Central Anatolia, and Northern Eastern Anatolia.'>Vulnerability and risk studies show that species d...</span>","Drought"
"Türkiye","BTR","<span title='Wetland ecosystems in Central, Eastern, and Southeastern Anatolia face the highest drought risks, which could lead to a decline in biodiversity, reduced ecosystem services, and increased reed fires in high-risk areas'>Wetland ecosystems in Central, Eastern, and Southe...</span>","Extreme temperature;Drought;Wildfire"
"Türkiye","BTR","<span title='Climate change is expected to have a significant impact on coastal areas and result in an increase in sea water temperature, level, and acidification, and a decrease in oxygen concentration.'>Climate change is expected to have a significant i...</span>","Sea temperature;Ocean acidification"
"Türkiye","BTR","<span title='Health impacts from air pollution, heatwaves, and coldwaves are also expected to rise, leading to more respiratory, cardiovascular, and mental health issues.'>Health impacts from air pollution, heatwaves, and ...</span>","Extreme temperature"
"Türkiye","BTR","<span title='Cities in the Black Sea region, in particular, are prone to heavy precipitation and flooding, while coastal cities in the Mediterranean and Aegean regions face threats from heavy rainfall and windstorms.'>Cities in the Black Sea region, in particular, are...</span>","Storm;Flood;Change in precipitation"
"Türkiye","BTR","<span title='Heatwaves also pose a severe risk, especially in southern cities with dense populations and few natural areas.'>Heatwaves also pose a severe risk, especially in s...</span>","Extreme temperature"
"Türkiye","BTR","<span title='Current assessments show high or very high risks of heavy precipitation in cities along the Black Sea, Aegean, Mediterranean, and Southeastern Anatolia, with heatwave risks concentrated in the southern half of the country. These risks are expected to increase in the future.'>Current assessments show high or very high risks o...</span>","Extreme temperature;Change in precipitation"
"Türkiye","BTR","<span title='Climate change is expected to significantly impact Türkiye's tourism sector, especially in the southern Aegean, Mediterranean, and Central Anatolian regions, where heatwaves pose an extremely high risk.'>Climate change is expected to significantly impact...</span>","Extreme temperature"
"Türkiye","BTR","<span title='Wildfires in 2021 damaged natural heritage sites and flooding due to heavy precipitation poses a growing risk, particularly in coastal and steep areas. These climate hazards could lead to a decline in tourism and a reduction in the variety of touristic activities.'>Wildfires in 2021 damaged natural heritage sites a...</span>","Wildfire;Flood;Change in precipitation"
"Türkiye","BTR","<span title='Cultural heritage sites are also highly vulnerable, with heatwaves and moisture accelerating degradation of monuments and archaeological sites. The 2023 floods in southern Türkiye demonstrated the risks to multi-layered heritage sites, museums, and archives, where damage to artifacts could be irreversible.'>Cultural heritage sites are also highly vulnerable...</span>","Extreme temperature;Flood"
"Türkiye","BTR","<span title='Heatwaves can increase peak electricity demand and damage energy transmission lines, while drought threatens water-dependent hydroelectric power plants, particularly in Southeastern and Eastern Anatolia. Heatwave risk is currently highest in southern provinces, with future risk expected to increase in Eastern and Southeastern Anatolia.'>Heatwaves can increase peak electricity demand and...</span>","Extreme temperature;Drought"
"Türkiye","BTR","<span title='Climate change poses significant risks to Türkiye's industrial sector, especially from extreme weather events like drought, heavy precipitation, and heatwaves'>Climate change poses significant risks to Türkiye'...</span>","Extreme temperature;Drought;Change in precipitation"
"Türkiye","BTR","<span title='Industries that rely on agriculture and water resources are particularly vulnerable. Current vulnerability and risk assessments show that heavy precipitation risks are high in industrial zones near the Black Sea, Aegean, and Mediterranean regions, and drought risk is extremely high in Central Anatolia, the Eastern Mediterranean, and Southeastern Anatolia'>Industries that rely on agriculture and water reso...</span>","Drought;Change in precipitation"
"Türkiye","BTR","<span title='Vulnerability and risk assessments show that heavy precipitation poses high and very high risks, especially along the central and eastern Black Sea, Aegean, and Mediterranean coasts.'>Vulnerability and risk assessments show that heavy...</span>","Change in precipitation"
"Türkiye","BTR","<span title='Heatwaves also present high risks, particularly in western and southern Türkiye, with risks expected to increase in the future.'>Heatwaves also present high risks, particularly in...</span>","Extreme temperature"
"Türkiye","BTR","<span title='Ports, crucial for external trade and economic growth, are highly vulnerable to sea-level rise, storm surges, and other climate hazards, making their climate resilience a strategic priority.'>Ports, crucial for external trade and economic gro...</span>","Storm;Sea level rise"
"United Kingdom of Great Britain and Northern Ireland","BTR","<span title='UKCP projections show an increased chance of warmer, wetter winters and hotter, drier summers, along with an increase in the frequency and intensity of extremes. These increases in extremes include increase in the frequency of and intensity of hot spells in summer.'>UKCP projections show an increased chance of warme...</span>","Extreme temperature"
"United Kingdom of Great Britain and Northern Ireland","BTR","<span title='Hot summers and heatwaves will become more intense and longer lasting, particularly in the south-east of England. Northern Ireland and Scotland will begin to experience summers like those currently felt in the rest of the country.'>Hot summers and heatwaves will become more intense...</span>","Extreme temperature"
"United Kingdom of Great Britain and Northern Ireland","BTR","<span title='Summer drought conditions will occur more often in the south of the UK, like that seen in 2022.'>Summer drought conditions will occur more often in...</span>","Drought"
"United Kingdom of Great Britain and Northern Ireland","BTR","<span title='Despite overall summer drying trends in the future, projections show increases in the intensity of heavy summer rainfall events in the future, as well as increased intensity of heavy rainfall events across all seasons.'>Despite overall summer drying trends in the future...</span>","Storm;Change in precipitation"
"United Kingdom of Great Britain and Northern Ireland","BTR","<span title='Sea levels are projected to rise through the 21st century and beyond for all emissions scenarios. Sea levels will rise across the UK, with greater rises in the south and east of the UK due to land movement. By end of the 21st century, sea levels in the UK may have risen by up to 1 meter.south and east of the UK due to land movement. By end of the 21st century, sea levels in the UK may have risen by up to 1 meter.'>Sea levels are projected to rise through the 21st ...</span>","Sea level rise"
"United Kingdom of Great Britain and Northern Ireland","BTR","<span title='Impacts range from a deterioration in soil health and agricultural productivity to impacts on water availability and energy generation. For example, unless we take further action, under a 2°C by 2100 warming scenario, annual damages from flooding for non-residential properties across the UK is expected to increase by 27% by 2050 and 40% by 2080. At 4°C this ncreases to 44% and 75% respectively.'>Impacts range from a deterioration in soil health ...</span>","Flood"
"United Kingdom of Great Britain and Northern Ireland","BTR","<span title='As an Island, sea level rise and associated flooding have been identified as a key risk from a changing climate'>As an Island, sea level rise and associated floodi...</span>","Flood;Sea level rise"
"United Kingdom of Great Britain and Northern Ireland","BTR","<span title='As an Island, sea level rise and associated flooding have been identified as a key risk from a changing climate'>As an Island, sea level rise and associated floodi...</span>","Flood;Sea level rise"
"United Kingdom of Great Britain and Northern Ireland","BTR","<span title='In 2012, a report (Guernsey Coastal Defences – Flood Risk Assessment Studies345) was published looking at the flood risk around the coastline of Guernsey. This identified that a number of locations around the coast, particularly to the low lying lands in the north and along the west coast, are at risk from increased sea levels leading to overtopping and flooding.'>In 2012, a report (Guernsey Coastal Defences – Flo...</span>","Flood;Sea level rise"
"United Kingdom of Great Britain and Northern Ireland","BTR","<span title='As a small island, sea level rise and associated coastal flooding has been assessed as a high risk.  Future temperature changes and fallouts from increased instances of extreme weather including flooding are also highly likely to have an impact on Jersey’s infrastructure'>As a small island, sea level rise and associated c...</span>","Extreme temperature;Flood;Change in temperature;Sea level rise"
"United Kingdom of Great Britain and Northern Ireland","BTR","<span title='Guernsey government’s recently consulted on a draft “Local Planning Brief” for the harbour areas which updated the flood projections from 2012 for the east coast using the latest UKPC18 climate change predictions. This highlighted that over the course of the next 100 year the existing harbours are likely to be inoperable due to sea levels for certain periods. This highlights the challenge facing the island as a result of climate change.'>Guernsey government’s recently consulted on a draf...</span>","Flood;Sea level rise"
"United Kingdom of Great Britain and Northern Ireland","BTR","<span title='Risks to soil health from increased flooding and drought'>Risks to soil health from increased flooding and d...</span>","Drought;Flood"
"United Kingdom of Great Britain and Northern Ireland","BTR","<span title='Risks to human health, wellbeing and productivity from increased exposure to heat in homes and other buildings'>Risks to human health, wellbeing and productivity ...</span>",""
"United Kingdom of Great Britain and Northern Ireland","BTR","<span title='Under climate change projections, causing sea level rise, this number would be predicted to increase to over 3900 properties by 2080.'>Under climate change projections, causing sea leve...</span>","Sea level rise"
"United Kingdom of Great Britain and Northern Ireland","BTR","<span title='Climate change will increase the threat of Invasive Non-Native Species (INNS).  The Jersey Biological Security Framework has been set up to ensure international obligations are met and Jersey is protected from negative impacts. Components of this project include a review of current measures, establishing funding to deal with Asian Hornet threat and development of long-term management plans for Japanese Knotweed.'>Climate change will increase the threat of Invasiv...</span>",""
"United Kingdom of Great Britain and Northern Ireland","BTR","<span title='Government is working towards pulling together an overarching Adaptation Plan for the Island in the government Plan period 2025-2028.  The Bridging Island Plan (2022) has been informed by the Shoreline Management Plan and, as a consequence has a policy regime that seeks to direct growth to areas which are least vulnerable to the long-term impacts of climate change, including flood risk; and to ensure that new development is more resilient to the potential impacts of flooding'>Government is working towards pulling together an ...</span>","Flood"
"United Kingdom of Great Britain and Northern Ireland","BTR","<span title='In 2013, Guernsey’s government agreed an approach to enhancing the coastal defences to adapt to the effect of climate change. With Guernsey being a small island, with around half the island being relatively low lying, the impacts of increased sea levels are potentially significant. The regions most at risk to climate-related flooding were identified and initial options for addressing at risk areas have been provided. Implementation has started on improving the defences.'>In 2013, Guernsey’s government agreed an approach ...</span>","Flood;Sea level rise"
"Azerbaijan","BTR","<span title='In the last 23 years, temperature anomalies were 1.10C on average across the country. In 2023, the average temperature for the entire country was 14.6 degrees, which is 1.90C above the average temperature for 1971-2000 (12.70C).'>In the last 23 years, temperature anomalies were 1...</span>","Change in temperature"
"Azerbaijan","BTR","<span title='For period of 2001-2023 the average temperature anomaly in Aran region was +1.0°C, (compared to the 1971-2000 ). The highest average temperature anomaly in region was 4.6°C in 2012. The highest anomaly was observe in 2012 +6.7°C Zardab, +5.8°C Mingachevir.'>For period of 2001-2023 the average temperature an...</span>","Change in temperature"
"Azerbaijan","BTR","<span title='For period of 2001-2023 the average temperature anomaly in north-eastern region was +1.2°C, (compared to the 1971-2000 ). The highest average temperature anomaly in region was 2.6°C in 2010. Highest anomaly was observe in 2010 +2.3°C Guba, 2023 +3.3°C Gyryz.'>For period of 2001-2023 the average temperature an...</span>","Change in temperature"
"Azerbaijan","BTR","<span title='For period of 2001-2023 the average temperature anomaly in southern region was +0.8°C °C,(compared to the 1971-2000). The highest average temperature anomaly in region was 1.8°C in 2010 and 2018. Highest anomaly was observe in 2010 +1.9°C Lankaran, 2018 +1.9°C Bilasuvar.'>For period of 2001-2023 the average temperature an...</span>","Change in temperature"
"Azerbaijan","BTR","<span title='For period of 2001-2023 the average temperature anomaly in north-west region was +1.6°C, (compared to the 1971-2000). The highest average temperature anomaly in region was 3.2°Ci n 2022. Highest anomaly was observe in 2022 +3.8°C Sheki.'>For period of 2001-2023 the average temperature an...</span>","Change in temperature"
"Azerbaijan","BTR","<span title='For period of 2001-2023 the average temperature anomaly in Daghlig Shirvan region was +1°C, (compared to the 1971-2000). The highest average temperature anomaly in region was 2.2°C in 2023. Highest anomaly was observe in 2023 +2.2°C Maraza.'>For period of 2001-2023 the average temperature an...</span>","Change in temperature"
"Azerbaijan","BTR","<span title='For period of 2001-2023 the average temperature anomaly in western region was +1.1°C, (compared to the 1971-2000). The highest average temperature anomaly in region was 2.6°C in 2023. Highest anomaly was observe in 2019 +2.6°C Gadabay, 2018 +2.1°C Ganja, 2021 +2.8°C Akhstafa.'>For period of 2001-2023 the average temperature an...</span>","Change in temperature"
"Azerbaijan","BTR","<span title='For period of 2001-2023 the average temperature anomaly in Nakhchivan AR was +1.1°C, (compared to the 1971-2000). The highest average temperature anomaly in region was 2.9°C in 2023. Highest anomaly was observe in 2018 +2.9°C Nakhchivan, 2010 +3.5°C Shahbuz, 2021 +3.8°C Sharur, and 2023 +4°C Julfa.'>For period of 2001-2023 the average temperature an...</span>","Change in temperature"
"Azerbaijan","BTR","<span title='For period of 2001-2023 the average temperature anomaly in Absheron was +0.6°C, (compared to the 1971-2000). The highest average temperature anomaly in region was 1.7°C in 2010. Highest anomaly was observe in 2018 +1.8°C Baku, 2005 +4°C Alat.'>For period of 2001-2023 the average temperature an...</span>","Change in temperature"
"Azerbaijan","BTR","<span title='The air temperature anomaly in most parts of the country varies between positive 0.9-1.20C. The highest positive anomaly is observed in the northwestern region of 1.3-1.60C. The least positive anomaly is observed in coastal areas of 0.6-0.90C.'>The air temperature anomaly in most parts of the c...</span>",""
"Azerbaijan","BTR","<span title='Recent decades are characterized by an increase in precipitation extremes. It is also distinguished by its contrasting distribution in time and space: when there is a drought in one part of the country heavy rains cause floods in another part.'>Recent decades are characterized by an increase in...</span>","Storm;Drought;Flood;Change in precipitation"
"Azerbaijan","BTR","<span title='In the last two decades, the multi-year average amount of precipitation was 464 mm. In the territory of Azerbaijan, the least average annual precipitation falls in southeastern Gobustan. The amount of annual precipitation is less than 300 mm in the Kura Araz plain, the plains along Araz river in Nakhchivan MR, and the Absheron peninsula. The amount of precipitation gradually increases from the plains to the mountains. Precipitation in the mountains increases from sea level to a certain height (2600–2800 m in the Greater and Lesser Caucasus, 2600–3000 m in Nakhchivan) and then gradually decreases. The maximum amount of annual precipitation in these areas is 1400–1600 mm on the southern slope of the Greater Caucasus, 800 mm on the north-eastern slope, 800-900 mm in the Lesser Caucasus and Nakhchivan MR. Unlike other mountainous areas of the republic, the amount of precipitation increases to 1700-1800 mm in Talysh mountains within elevention zones 200-600 m height, and then decreases to 700-900 mm by increase of height.'>In the last two decades, the multi-year average am...</span>","Change in precipitation;Sea level rise"
"Azerbaijan","BTR","<span title='Over the past 13 years, the average amount of precipitation in the Aran region has decreased by 45.5 mm, which is 13.5% of the 1971-2000 norm (333.2 mm). The highest anomaly in region was -159 mm in 2022, which is 47.7% of the 1971-2000 norm (333.2 mm).'>Over the past 13 years, the average amount of prec...</span>","Change in precipitation"
"Azerbaijan","BTR","<span title='Over the past 13 years, the average amount of precipitation in the north-east region has decreased by 34 mm, which is 6.5% of the 1971-2000 norm (528.7 mm). The highest anomaly in region was -119.4 mm in 2015, which is 22.6% of the 1971-2000 norm (528.7 mm).'>Over the past 13 years, the average amount of prec...</span>","Change in precipitation"
"Azerbaijan","BTR","<span title='Over the past 13 years, the average amount of precipitation in the Southern region has decreased by 38.5 mm, which is 5.2% of the 1971-2000 norm (735 mm). The highest anomaly in region was -226.7 mm in 2022, which is 30.8% of the 1971-2000 norm (735 mm).'>Over the past 13 years, the average amount of prec...</span>","Change in precipitation"
"Azerbaijan","BTR","<span title='Over the past 13 years, the average amount of precipitation in the north-west region has decreased by 117 mm, which is 12.9% of the 1971-2000 norm (908 mm). The highest anomaly in region was -277.1 mm in 2017, which is 30.5% of the 1971-2000 norm (908 mm).'>Over the past 13 years, the average amount of prec...</span>","Change in precipitation"
"Azerbaijan","BTR","<span title='Over the past 13 years, the average amount of precipitation in the Daghlig Shirvan region has decreased by 80 mm, which is 16% of the 1971-2000 norm (497 mm). The highest anomaly in region was -226.6 mm in 2021, which is 45.6% of the 1971-2000 norm (497 mm).'>Over the past 13 years, the average amount of prec...</span>","Change in precipitation"
"Azerbaijan","BTR","<span title='Over the past 13 years, the average amount of precipitation in the Western region has decreased by 28 mm, which is 6.5% of the 1971-2000 norm (427 mm). The highest anomaly in region was -161.4 mm in 2022, which is 37.8% of the 1971-2000 norm (427 mm).'>Over the past 13 years, the average amount of prec...</span>","Change in precipitation"
"Azerbaijan","BTR","<span title='Over the past 13 years, the average amount of precipitation in the Nakhchivan AR has decreased by 31 mm, which is 11% of the 1971-2000 norm (280 mm). The highest anomaly in region was -141 mm in 2022, which is 50% of the 1971-2000 norm (280 mm).'>Over the past 13 years, the average amount of prec...</span>","Change in precipitation"
"Azerbaijan","BTR","<span title='Over the past 13 years, the average amount of precipitation in the Absheron region has increased by 32 mm, which is 14% of the 1971-2000 norm (229 mm). The highest anomaly in region was -48.7 mm in 2023, which is 21.3% of the 1971-2000 norm (229 mm).'>Over the past 13 years, the average amount of prec...</span>","Change in precipitation"
"Azerbaijan","BTR","<span title='Compared to the period between 1961-1990, all stations recorded an increase in both the frequency and duration of heat waves. During the earlier period, Baku experienced 2 heat waves, Ganja and Sheki each recorded 5, while no heat waves were observed in Lankaran. In the following decades, these numbers rose significantly, reaching 29 cases in Baku, 16 in Ganja, 41 in Sheki, and 5 in Lankaran.'>Compared to the period between 1961-1990, all stat...</span>","Extreme temperature"
"Azerbaijan","BTR","<span title='Based on the analysis, the most flood and flood-risk areas of the country are in the Balaken-Sheki region of the southern slope of the Greater Caucasus: Talachay - 30 cases, Ayrishay - 21 cases, Kurmukchay - 17 cases, Kishchay - 12 cases, Girdimachay - 21 cases in the Gabala-Ismayilli region, Pirsaatchay - 16 cases, Demiraparanchay - 14 cases, Goranchay 22 cases on the northern slope of the Lesser Caucasus, Ganjachay 17 cases, Dastafurchay 16 cases, Esrikchay 13 cases, and 13 cases occurred in the Gabirli river in transboundary rivers'>Based on the analysis, the most flood and flood-ri...</span>","Flood"
"Azerbaijan","BTR","<span title='Permanently observed landslides create high disaster risks in Absheron peninsula, Lerik, Yardimli and Shamakhi districts. High intensity of landslides exists Guba, Sheki, Gabala and Gusar districts. Baku also has its landslide zones, including Masazir, Bail, Zikh, Hovsan, Yeni Gunashli, and Ahmadli. Construction works on the slopes of Baku and the Absheron Peninsula, and intense irrigation, which increase groundwater table, and many other activities are the cause of landslides, which have been a problem in the past as well. It is believed that human activity is the reason for 80 percent of the landslides, as their agricultural activity increases the risk of landslides'>Permanently observed landslides create high disast...</span>","Landslide"
"Azerbaijan","BTR","<span title='The duration of droughts has increased by 19%. Over the past 10 years, the decrease in the total amount of precipitation by 10% had a significant impact on agriculture. The fact that agricultural production is directly dependent on climate conditions has made it the most vulnerable sector to climate change'>The duration of droughts has increased by 19%. Ove...</span>","Drought;Change in precipitation"
"Azerbaijan","BTR","<span title='The number of days with strong winds exceeding 15 m/sec in the country has increased by 3.5 times compared to the 1971-2000 average. This increasing has been observed across all regions. Strong winds above 20 m/s are most  often observed in the Absheron Peninsula, Neftchala, mountainous areas in the western region of the country and on the shores of the Mingachevir reservoir'>The number of days with strong winds exceeding 15 ...</span>","Storm"
"Azerbaijan","BTR","<span title='Less snowfall in winter adversely affects the physical and chemical processes in the soil and increases the risk of erosion in sloping areas.'>Less snowfall in winter adversely affects the phys...</span>","Extreme temperature;Land degradation"
"Azerbaijan","BTR","<span title='The impact of climate change on livestock is mainly due to the deterioration of living conditions of animals due to an increase in heat waves; increased frequency/intensity can lead to metabolic disorders, infections, weakened immune systems and death.'>The impact of climate change on livestock is mainl...</span>","Extreme temperature"
"Azerbaijan","BTR","<span title='Increased evaporation rates in lowland areas reduce land humidity and increase salinization of agricultural lands.'>Increased evaporation rates in lowland areas reduc...</span>","Extreme temperature;Salinization"
"Azerbaijan","BTR","<span title='Increased temperatures can alter forms of animal infections and lead to growth in density and coverage of certain organisms.'>Increased temperatures can alter forms of animal i...</span>","Change in temperature"
"Azerbaijan","BTR","<span title='Scientific studies predict Caspian Sea level will decrease further because of climate change, expected to fall 9–18 meters, possibly causing the northern sea to disappear.'>Scientific studies predict Caspian Sea level will ...</span>","Sea level rise"
"Azerbaijan","BTR","<span title='Azerbaijan is vulnerable to various climate-related risks, including extreme heat, droughts, floods, landslides, and coastal erosion, which are exacerbated by climate change.'>Azerbaijan is vulnerable to various climate-relate...</span>","Extreme temperature;Drought;Landslide;Flood;Land degradation;Sea level rise"
"Azerbaijan","BTR","<span title='Central and lowland areas experience increased frequency and severity of droughts, while mountainous regions face heightened landslide ris'>Central and lowland areas experience increased fre...</span>","Drought;Landslide"
"Azerbaijan","BTR","<span title='Azerbaijan faces increasing risks of floods, droughts, and landslides due to climate change.'>Azerbaijan faces increasing risks of floods, droug...</span>","Drought;Landslide;Flood"
"Belgium","BTR","<span title='Belgium is facing more and more problems due to more frequent and longer periods of drought.'>Belgium is facing more and more problems due to mo...</span>","Drought"
"Belgium","BTR","<span title='Peak water levels during storm surge are increasing, causing an incrementation of flood risk in the coastal area and coastal erosion.'>Peak water levels during storm surge are increasin...</span>","Storm;Flood;Land degradation;Sea level rise"
"Denmark","BTR","<span title='Denmark will experience an increase in the frequency, duration of heat waves, and increased fire weather risk. Summers will be characterised by longer dry spells and an increase in heavy precipitation events. The occurrence of frost days with sub-zero temperatures will decrease dramatically, while the length of the growing season will similarly increase.'>Denmark will experience an increase in the frequen...</span>","Extreme temperature;Drought;Wildfire;Change in precipitation"
"Denmark","BTR","<span title='More powerful storms and changes in snowfall may damage buildings'>More powerful storms and changes in snowfall may d...</span>","Extreme temperature;Storm"
"Denmark","BTR","<span title='Increased precipitation and rising groundwater level, leading to more flooding events, may negatively affect traffic safety and passability.'>Increased precipitation and rising groundwater lev...</span>","Flood;Change in precipitation"
"Denmark","BTR","<span title='Increased frequency of extreme precipitation can result in greater risk of overflow events and subsequent flooding of terrain, buildings and basements, which in turn, poses a risk to human health due to human contact with non-treated wastewater.'>Increased frequency of extreme precipitation can r...</span>","Flood;Change in precipitation"
"Denmark","BTR","<span title='Increased groundwater recharge in the upper strata could lead to more local flooding problems, which was observed in February 2020 and 2022 and in October 2023 – January 2024'>Increased groundwater recharge in the upper strata...</span>","Flood"
"Denmark","BTR","<span title='Long periods of drought may bring water supply under pressure'>Long periods of drought may bring water supply und...</span>","Drought"
"Denmark","BTR","<span title='Higher temperatures may mean a slightly higher content of bacteria and amoeba in drinking water compared with current levels.'>Higher temperatures may mean a slightly higher con...</span>","Change in temperature"
"Denmark","BTR","<span title='The risk of soil compaction by heavy machinery will increase with increasing rainfall during the winter period. Soil compaction can lead to poorer drainage, increased nitrous oxide emissions, inhibited root and thereby plant development, erosion and difficulties establishing crops.'>The risk of soil compaction by heavy machinery wil...</span>","Change in precipitation;Land degradation"
"Denmark","BTR","<span title='Erosion will increase as a result of increased precipitation and increased frequency of extreme rainfall events. Soil compaction and loss of soil organic matter may also increase erosion.'>Erosion will increase as a result of increased pre...</span>","Change in precipitation;Land degradation"
"Denmark","BTR","<span title='Higher temperatures and winter precipitation will increase the risk of nitrogen and phosphorus leaching and especially run-off into the aquatic environment. The risk of increased leaching is linked to crop and catch crop establishment and growth.'>Higher temperatures and winter precipitation will ...</span>","Change in temperature;Change in precipitation"
"Denmark","BTR","<span title='Increased storm intensity affects wood production and biodiversity'>Increased storm intensity affects wood production ...</span>","Storm"
"Denmark","BTR","Drought stress and storms affect forest trees","Storm;Drought"
"Denmark","BTR","<span title='Higher summer temperatures increase the risk of more forest fires'>Higher summer temperatures increase the risk of mo...</span>","Wildfire"
"Denmark","BTR","<span title='Rising sea temperatures and increased precipitation may cause oxygen depletion'>Rising sea temperatures and increased precipitatio...</span>","Change in precipitation;Sea temperature"
"Denmark","BTR","<span title='Rising sea temperatures encourage disease-promoting bacteria'>Rising sea temperatures encourage disease-promotin...</span>","Sea temperature;Pest and disease"
"Denmark","BTR","<span title='Strong winds and precipitation affect the development of marine aquaculture'>Strong winds and precipitation affect the developm...</span>","Storm;Change in precipitation"
"Denmark","BTR","<span title='Acidification impacts production of a number of organisms'>Acidification impacts production of a number of or...</span>","Ocean acidification"
"Denmark","BTR","<span title='Increased precipitation enhances flow in watercourses, resulting in increased groundwater levels and risk of flooding along watercourses, lakes and coastal areas. Contrarily, longer periods of drought are expected to dry out watercourses. These changes are expected to impact biodiversity in aquatic ecosystems.'>Increased precipitation enhances flow in watercour...</span>","Drought;Flood;Change in precipitation"
"Denmark","BTR","<span title='The frequency and size of the extreme runoffs are expected to affect erosion and sedimentation processes in watercourses. An increased supply of sand, silt and humus particles from cultivated fields can bury parts of gravel in the watercourses and thus lead to habitat deterioration for fish and insects.'>The frequency and size of the extreme runoffs are ...</span>","Land degradation"
"Denmark","BTR","<span title='The expected increased runoff may increase the leaching of nutrients, pesticides and other environmentally hazardous pollutants and thereby affect the composition of the biological communities in the watercourses'>The expected increased runoff may increase the lea...</span>","Pest and disease"
"Denmark","BTR","<span title='In combination with rising temperatures, this will result in greater algae growth, poorer light conditions, more oxygen depletion and possibly consequential fish death in aquatic environments.'>In combination with rising temperatures, this will...</span>","Change in temperature"
"Denmark","BTR","<span title='Increased atmospheric CO2 can cause acidification of the sea'>Increased atmospheric CO2 can cause acidification ...</span>","Ocean acidification"
"Denmark","BTR","<span title='Higher storm-surge water levels will probably lead to the loss of habitats along the coasts'>Higher storm-surge water levels will probably lead...</span>","Storm"
"Denmark","BTR","<span title='Higher sea level and more powerful storms may cause coastal erosion and recession, impacting Danish coastal habitats and reducing available space for habitats such as salt marshes, with consequential negative impacts on their biodiversity. These problems, however, will be limited up until 2050.'>Higher sea level and more powerful storms may caus...</span>","Storm;Land degradation;Sea level rise"
"Denmark","BTR","<span title='More frequent and more intense rainfall will lead to more flooding of low-lying land areas'>More frequent and more intense rainfall will lead ...</span>","Flood;Change in precipitation"
"Denmark","BTR","<span title='The greatest health-related impacts are expected to increase with changing climate. Some consequences can be linked to extreme weather events such as heatwaves or flooding.'>The greatest health-related impacts are expected t...</span>","Extreme temperature;Flood"
"Denmark","BTR","<span title='Heat waves can lead to dehydration and heat stroke, which in their extremity, can be life threatening.'>Heat waves can lead to dehydration and heat stroke...</span>","Extreme temperature"
"Denmark","BTR","<span title='The human body creates Vitamin D after only short exposure to the sun, however too much sun exposure can cause skin cancer and malignant melanoma .'>The human body creates Vitamin D after only short ...</span>",""
"Denmark","BTR","<span title='With a longer pollen season, higher pollen counts and more mould spores in outdoor air, many people will experience more symptoms (asthma and hay fever) and will need intensified preventive treatment. Furthermore, more people are likely to develop allergies (hay fever and asthma).'>With a longer pollen season, higher pollen counts ...</span>",""
"Denmark","BTR","<span title='Infections and similar when temperatures increase and in connection with flooding'>Infections and similar when temperatures increase ...</span>","Flood"
"Denmark","BTR","<span title='After longer periods with warm seawater, an increased concentration of certain marine bacteria such as Vibrio vulnificus will comprise an infection risk for fishermen and swimmers, and there may be more incidents of algal blooms and dangerous jellyfish.'>After longer periods with warm seawater, an increa...</span>",""
"Denmark","BTR","<span title='Warmer summers and more precipitation enhance the risk of damp and mould'>Warmer summers and more precipitation enhance the ...</span>","Extreme temperature;Change in precipitation"
"Denmark","BTR","<span title='Drought leads to dry areas where particles can be released into the air and more forest fires are to be expected as a source of air pollution'>Drought leads to dry areas where particles can be ...</span>","Drought;Wildfire"
"Denmark","BTR","<span title='The climate-related air pollution particularly affects people with reduced heart and lung function and increases the risk of more ailments and reduced quality of life.'>The climate-related air pollution particularly aff...</span>",""
"Denmark","BTR","<span title='Serious transport accidents and other incidents resulting in personal injury due to extreme weather events also create a series of tasks for rescue services'>Serious transport accidents and other incidents re...</span>","Extreme temperature"
"Denmark","BTR","<span title='More frequent and longer-lasting drought periods contribute to the risk of wildfire with the potential to also spread to built-up areas.'>More frequent and longer-lasting drought periods c...</span>","Drought;Wildfire"
"Denmark","BTR","<span title='An increased focus on establishing ‘untouched’ forests with minimal nature management ... simultaneously increase the risk of wildfires.'>An increased focus on establishing ‘untouched’ for...</span>","Wildfire"
"Denmark","BTR","<span title='Due to the gradual changes in climate, historical statistics of weather and climate events cannot necessarily be used as a reliable prediction of the risk of such events.'>Due to the gradual changes in climate, historical ...</span>",""
"Denmark","BTR","<span title='An increase in the intensity of cloudbursts and other extreme weather events in Denmark will lead to an increase in the costs of reinsurance.'>An increase in the intensity of cloudbursts and ot...</span>","Extreme temperature"
"Netherlands","BTR","<span title='The Netherlands has become warmer. Average temperatures in De Bilt (the central meteorological point of measurement in the Netherlands) increased by 2.3 °C between 1901 and 2020 (KNMI, 2021).'>The Netherlands has become warmer. Average tempera...</span>","Extreme temperature;Change in temperature"
"Netherlands","BTR","<span title='In all four scenarios that KNMI (Royal Netherlands Meteorological Institute) developed for the Netherlands (KNMI, 2023a-b), the temperature is expected to increase further. Around both 2050 and 2100, the effects of global warming will be felt most intensely in summer (June, July, August).'>In all four scenarios that KNMI (Royal Netherlands...</span>",""
"Netherlands","BTR","<span title='The stronger warming in the summer will partly be caused by the drier soils.'>The stronger warming in the summer will partly be ...</span>",""
"Netherlands","BTR","<span title='The wind is also expected to blow more often from the east, bringing warm, dry air.'>The wind is also expected to blow more often from ...</span>",""
"Netherlands","BTR","<span title='In the Netherlands the temperature rise is affecting the hottest summer days and the coldest winter days most'>In the Netherlands the temperature rise is affecti...</span>","Change in temperature"
"Netherlands","BTR","<span title='Extreme precipitation in the Netherlands has increased as well and it is likely that it will further increase in future. This trend includes higher frequencies and intensities of extreme precipitation.'>Extreme precipitation in the Netherlands has incre...</span>","Change in precipitation"
"Netherlands","BTR","<span title='There are indications that higher humidity of the air from a warmer climate will result in larger clusters of showers, including ‘supercells’ that may cause both downbursts – sudden sharp increases in wind speed – and hailstorms'>There are indications that higher humidity of the ...</span>","Extreme temperature;Storm"
"Netherlands","BTR","<span title='Sea level will continue to increase, not only during this century, but for many hundreds of years to come, even if greenhouse gas emissions were to be halted today. This is because the ice sheets are no longer in equilibrium with the present (and future warmer) climate. Even if the temperature remains stable, they will continue to shrink.'>Sea level will continue to increase, not only duri...</span>","Extreme temperature;Sea level rise"
"Netherlands","BTR","<span title='The rate and extent of sea-level rise will thus depend on the extent by which climate and land ice are brought further out of balance during the following years. The total amount of greenhouse gases emitted plays an all-important role here.'>The rate and extent of sea-level rise will thus de...</span>","Extreme temperature;Sea level rise"
"Netherlands","BTR","<span title='The extent to which the climate will change depends on the amount of greenhouse gases that will be emitted in the future and on the sensitivity of the climate system.'>The extent to which the climate will change depend...</span>",""
"Netherlands","BTR","<span title='In all scenarios, as the climate heats up, the Netherlands will experience drier summers and wetter winters.'>In all scenarios, as the climate heats up, the Net...</span>",""
"Netherlands","BTR","<span title='Users of the climate scenarios indicated that water scarcity is one of the main challenges for the future, especially after the recent dry years.'>Users of the climate scenarios indicated that wate...</span>",""
"Netherlands","BTR","<span title='Storm surges will show little change, but the sea level rise will continue; until now, the process of sea level rise is relatively slow.'>Storm surges will show little change, but the sea ...</span>","Storm;Sea level rise"
"Netherlands","BTR","<span title='Increased winter rainfall will increase peak discharge and flooding risks of the Rhine, Meuse and smaller rivers'>Increased winter rainfall will increase peak disch...</span>","Flood;Change in precipitation"
"Netherlands","BTR","<span title='In two of the four scenarios, drought will increase in summer and lead to water shortages, water quality issues and salinisation; sea level rise will contribute to saltwater intrusion'>In two of the four scenarios, drought will increas...</span>","Drought;Salinization;Sea level rise"
"Netherlands","BTR","<span title='Temperature rise will lead to reduced mortality during winter and increased mortality in summer; during hot summers, air quality will deteriorate; there is great uncertainty about possible trends in infectious diseases; a further increase in the number of ‘allergy days’ due to the extension of the growing and flowering seaso'>Temperature rise will lead to reduced mortality du...</span>","Change in temperature;Pest and disease"
"Netherlands","BTR","<span title='At the same time, risks have increased in due to climatological factors as well as non-climatological factors, such as population growth, the ageing population of the Netherlands, and further urbanisation.'>At the same time, risks have increased in due to c...</span>",""
"Netherlands","BTR","<span title='Sea level rise is an issue of specific interest for the Netherlands. The speed and amount of sea level rise after 2050 are highly uncertain, and determine the effort required to keep the Netherlands safe in the long run.'>Sea level rise is an issue of specific interest fo...</span>","Sea level rise"
"Netherlands","BTR","<span title='2023 KNMI climate scenarios show accelerated sea level rise, changes in precipitation extremes, and vulnerability to floods during weather extremes in the Netherlands.'>2023 KNMI climate scenarios show accelerated sea l...</span>","Flood;Change in precipitation;Sea level rise"
"New Zealand","BTR","<span title='In the past 100 years, New Zealand’s climate has warmed by 1.1 degrees Celsius'>In the past 100 years, New Zealand’s climate has w...</span>",""
"New Zealand","BTR","<span title='New Zealand is experiencing more hot days and fewer cold days: 2022 was the warmest year on record, surpassing previous records set in 2021 and 2016, while 2023 is now the second-warmest year on record.'>New Zealand is experiencing more hot days and fewe...</span>","Extreme temperature"
"New Zealand","BTR","<span title='Since 1960, rainfall has mostly increased in the south and decreased in the north of New Zealand while changes in extreme rainfall are mixed'>Since 1960, rainfall has mostly increased in the s...</span>","Change in precipitation"
"New Zealand","BTR","<span title='The sea level rose 0.2 metres on average around New Zealand between 1901 and 2020'>The sea level rose 0.2 metres on average around Ne...</span>","Sea level rise"
"New Zealand","BTR","<span title='The average annual temperature in New Zealand was 10.5 degrees Celsius in the 1995–2014 period. Annual average temperatures across the country are projected to range between 0.3 degrees Celsius (shared socio-economic pathway224 (SSP) 1-2.6) and 1.2 degrees Celsius (SSP3-7.0) warmer by 2030, between 0.6 and 2.2 degrees Celsius warmer by 2050, and between 0.7 and 4.7 degrees Celsius warmer by 2090.'>The average annual temperature in New Zealand was ...</span>","Extreme temperature;Change in temperature"
"New Zealand","BTR","<span title='More hot days – days when maximum daily temperatures are over 25 degrees Celsius – are projected for most of New Zealand. Projected changes are greatest for the north and east North Island. For example, the Far North District (the northernmost part of the North Island) is projected to experience between 21 and 87 more hot days on average each year by 2090.'>More hot days – days when maximum daily temperatur...</span>","Extreme temperature"
"New Zealand","BTR","<span title='Fewer frost days – where minimum daily temperatures are below 0 degrees Celsius – are projected in the west and south of the South Island. For example, the Mackenzie District (central South Island) is projected to experience the greatest decline in frost days per year, with an average of between 15 and 54 fewer frost days each year by 2090.'>Fewer frost days – where minimum daily temperature...</span>","Extreme temperature"
"New Zealand","BTR","<span title='The North Island, particularly in the north and the east, is projected to have less annual rainfall by 2090, as are the north and the east of the South Island. However, the west and south of the South Island are projected to have more annual rainfall by 2090. For example, the Southland District (the southernmost part of the South Island) is projected to receive on average between 5 and 8 per cent more annual rainfall by 2090.'>The North Island, particularly in the north and th...</span>","Change in precipitation"
"New Zealand","BTR","<span title='More very rainy days – where daily rainfall exceeds 25 millimetres – are expected for many regions, especially in the Westland District (on the west coast of the South Island), which is projected to experience between 3 and 5 more very rainy days on average by 2090. However, the Gisborne District (in the northeastern North Island) is projected to experience between 0 and 2 fewer very rainy days on average by 2090'>More very rainy days – where daily rainfall exceed...</span>","Change in precipitation"
"New Zealand","BTR","<span title='Drought exposure is projected to increase over the east and decrease in the west of the North and South Islands. For example, the Kaikōura District (in the northeastern South Island) is projected to experience an increase in drought exposure by 2090'>Drought exposure is projected to increase over the...</span>","Drought"
"New Zealand","BTR","<span title='Windy days – days when maximum wind speed is more than 10 metres per second – are expected to decrease per year for much of the North Island and increase per year in most of the South Island by 2090. For example, Dunedin City (in the southeastern South Island) is projected to experience between 5 and 6 more windy days per year on average by 2090. Wellington City (on the southwestern tip of the North Island) is projected to experience between 2 more and 5 fewer windy days per year on average by 2090'>Windy days – days when maximum wind speed is more ...</span>",""
"New Zealand","BTR","<span title='By 2100, absolute sea level in New Zealand is projected to increase on average by 0.44 metres under SSP1-2.6 and by 0.83 metres under SSP5-8.5. Under SSP5-8.5H+ (the upper bound of the likely range, 83rd percentile of SSP5-8.5), sea level in New Zealand is projected to increase on average by 1.09 metres by 2100. 227'>By 2100, absolute sea level in New Zealand is proj...</span>","Sea level rise"
"New Zealand","BTR","<span title='The frequency, severity and duration of extreme wildfire weather conditions are mixed but have increased in the northeast.'>The frequency, severity and duration of extreme wi...</span>","Wildfire"
"Pakistan","BTR","<span title='Extreme weather events have severely impacted the country's agriculture, water resources, ecosystems and communities.'>Extreme weather events have severely impacted the ...</span>","Extreme temperature"
"Pakistan","BTR","<span title='According to some estimates, failure to adapt to climate change could reduce Pakistan's GDP by 18-20% by 2050 (WB, 2022).'>According to some estimates, failure to adapt to c...</span>",""
"Pakistan","BTR","<span title='By 2050, average temperatures could rise by 1.5°C to 2.5°C, with dire consequences for both the environment and human well-being.'>By 2050, average temperatures could rise by 1.5°C ...</span>","Change in temperature"
"Pakistan","BTR","<span title='Heat stress reduces crop yields, particularly for staples like wheat, rice and maize. Higher temperatures also increase water requirements for irrigation, straining already scarce resources.'>Heat stress reduces crop yields, particularly for ...</span>","Extreme temperature;Change in temperature"
"Pakistan","BTR","<span title='In urban areas, heatwaves are becoming more frequent, persistent and severe. Karachi, for instance, experienced a deadly heatwave in 2015 that claimed over 2,000 lives.'>In urban areas, heatwaves are becoming more freque...</span>","Extreme temperature"
"Pakistan","BTR","<span title='Such extreme conditions overwhelm healthcare systems and exacerbate pre-existing health issues.'>Such extreme conditions overwhelm healthcare syste...</span>",""
"Pakistan","BTR","<span title='Flooding: The Indus River and its tributaries flood frequently, affecting millions of people annually.'>Flooding: The Indus River and its tributaries floo...</span>","Flood"
"Pakistan","BTR","<span title='Drought: Persistent droughts in Balochistan and Sindh threaten water availability and food security (FAO, 2022).'>Drought: Persistent droughts in Balochistan and Si...</span>","Drought"
"Pakistan","BTR","<span title='Glacial melting: Accelerated glacial melting in the Himalayas, Hindukush and Karakoram increases the risk of permafrost thawing and GLOFs, endangering communities downstream.'>Glacial melting: Accelerated glacial melting in th...</span>","Extreme temperature"
"Pakistan","BTR","<span title='Urban heatwaves: Cities like Karachi are experiencing deadly heatwaves due to urban heat island effects and rising temperatures.'>Urban heatwaves: Cities like Karachi are experienc...</span>","Extreme temperature;Change in temperature"
"Pakistan","BTR","<span title='Sea level rise and sea water intrusion: Due to sea level rise and increased cyclogenesis activity in the Arabian Sea, large swathes of agricultural land in the Indus Delta are inundated by saline water.'>Sea level rise and sea water intrusion: Due to sea...</span>","Sea level rise"
"Pakistan","BTR","<span title='Accelerated glacial melting has resulted in the formation of numerous glacial lakes, many of which are prone to glacial lake outburst floods (GLOFs).'>Accelerated glacial melting has resulted in the fo...</span>","Flood"
"Pakistan","BTR","<span title='Over the long term, glacial shrinkage poses a more insidious threat to water availability.'>Over the long term, glacial shrinkage poses a more...</span>",""
"Pakistan","BTR","<span title='Declining river flows will exacerbate water scarcity, which is already acute.'>Declining river flows will exacerbate water scarci...</span>",""
"Pakistan","BTR","<span title='By 2025, this figure is projected to drop further, potentially leading to severe agricultural losses, interprovincial conflicts over water distribution and heightened social tensions.'>By 2025, this figure is projected to drop further,...</span>",""
"Pakistan","BTR","<span title='Without immediate investment in water conservation, watershed management and storage reservoirs, the country faces an acute water crisis in the near future.'>Without immediate investment in water conservation...</span>",""
"Pakistan","BTR","<span title='Flooding is one of the most significant consequences of climate change in Pakistan.'>Flooding is one of the most significant consequenc...</span>","Flood"
"Pakistan","BTR","<span title='These floods are primarily driven by erratic and intensified monsoon rains, compounded by deforestation, poor urban drainage and encroachment on floodplains.'>These floods are primarily driven by erratic and i...</span>","Flood"
"Pakistan","BTR","<span title='Droughts are also intensifying in Balochistan and parts of Sindh, where rainfall is becoming increasingly unreliable.'>Droughts are also intensifying in Balochistan and ...</span>","Drought;Change in precipitation"
"Pakistan","BTR","<span title='Prolonged dry spells result in severe water shortages, crop failure and food insecurity.'>Prolonged dry spells result in severe water shorta...</span>","Drought"
"Pakistan","BTR","<span title='Heatwaves, especially in urban areas, have become a significant public health concern.'>Heatwaves, especially in urban areas, have become ...</span>","Extreme temperature"
"Pakistan","BTR","<span title='Cities like Karachi have recorded temperatures exceeding 45°C, often leading to heatstroke-related deaths.'>Cities like Karachi have recorded temperatures exc...</span>",""
"Pakistan","BTR","<span title='Prolonged exposure to extreme heat leads to heatstroke, dehydration and cardiovascular stress, disproportionately affecting vulnerable populations such as children and the elderly, along with outdoor workers.'>Prolonged exposure to extreme heat leads to heatst...</span>","Extreme temperature"
"Pakistan","BTR","<span title='Flooding and stagnant water following heavy rains increase the prevalence of waterborne diseases such as cholera, diarrhoea and typhoid.'>Flooding and stagnant water following heavy rains ...</span>","Storm;Flood;Pest and disease"
"Pakistan","BTR","<span title='Mosquito-borne illnesses like dengue and malaria are becoming more common as warmer temperatures and flooding create ideal breeding conditions for mosquitoes.'>Mosquito-borne illnesses like dengue and malaria a...</span>","Extreme temperature;Flood"
"Pakistan","BTR","<span title='Air quality is also deteriorating due to increased dust storms, urbanisation and industrial emissions, leading to higher rates of respiratory illnesses such as asthma and bronchitis.'>Air quality is also deteriorating due to increased...</span>","Storm"
"Pakistan","BTR","<span title='Emissions from transport, industry, agriculture and coal burning give rise to smog conditions, paralysing civic life.'>Emissions from transport, industry, agriculture an...</span>",""
"Pakistan","BTR","<span title='Glacial retreat is a critical threat to mountain ecosystems, leading to shrinking habitats, depleted food sources and loss of biodiversity.'>Glacial retreat is a critical threat to mountain e...</span>",""
"Pakistan","BTR","<span title='Climate change poses a severe challenge to agricultural productivity, threatening food security and rural livelihoods.'>Climate change poses a severe challenge to agricul...</span>",""
"Pakistan","BTR","<span title='Shortened growing seasons, reduced soil fertility and increased pest outbreaks further exacerbate these challenges.'>Shortened growing seasons, reduced soil fertility ...</span>","Pest and disease"
"Pakistan","BTR","<span title='Water scarcity, driven by inefficient irrigation systems and the mismanagement of water resources, poses another significant threat.'>Water scarcity, driven by inefficient irrigation s...</span>",""
"Pakistan","BTR","<span title='Shifting weather patterns bring untimely rains, often in the wheat harvesting and threshing season, inflicting heavy pre- and post-harvest losses.'>Shifting weather patterns bring untimely rains, of...</span>",""
"Pakistan","BTR","<span title='Heat stress reduces animal productivity, while floods and droughts destroy grazing lands and fodder supplies.'>Heat stress reduces animal productivity, while flo...</span>","Extreme temperature;Drought;Flood"
"Pakistan","BTR","<span title='Heatwaves are a growing public health crisis, particularly in urban centres like Faisalabad, Karachi, Lahore and Multan.'>Heatwaves are a growing public health crisis, part...</span>","Extreme temperature"
"Pakistan","BTR","<span title='Prolonged exposure to extreme heat leads to heatstroke, dehydration and cardiovascular stress, disproportionately affecting vulnerable populations such as children and the elderly, along with outdoor workers.'>Prolonged exposure to extreme heat leads to heatst...</span>","Extreme temperature"
"Pakistan","BTR","<span title='Flooding and stagnant water following heavy rains increase the prevalence of waterborne diseases such as cholera, diarrhoea and typhoid.'>Flooding and stagnant water following heavy rains ...</span>","Storm;Flood;Pest and disease"
"Pakistan","BTR","<span title='Similarly, mosquito-borne illnesses like dengue and malaria are becoming more common as warmer temperatures and flooding create ideal breeding conditions for mosquitoes.'>Similarly, mosquito-borne illnesses like dengue an...</span>","Extreme temperature;Flood"
"Pakistan","BTR","<span title='Air quality is also deteriorating due to increased dust storms, urbanisation and industrial emissions, leading to higher rates of respiratory illnesses such as asthma and bronchitis.'>Air quality is also deteriorating due to increased...</span>","Storm"
"Pakistan","BTR","<span title='Emissions from transport, industry, agriculture and coal burning give rise to smog conditions, paralysing civic life.'>Emissions from transport, industry, agriculture an...</span>",""
"Pakistan","BTR","<span title='Glacial retreat is a critical threat to mountain ecosystems, leading to shrinking habitats, depleted food sources and loss of biodiversity.'>Glacial retreat is a critical threat to mountain e...</span>",""
"Pakistan","BTR","<span title='Pakistan's 1,046 km coastline along Balochistan and Sindh faces mounting threats from sea-level rise, tropical cyclones, storm surges and associated coastal vulnerabilities.'>Pakistan's 1,046 km coastline along Balochistan an...</span>","Storm;Sea level rise"
"Pakistan","BTR","<span title='Coastal flooding, which is exacerbated by storm surges and unregulated urbanisation.'>Coastal flooding, which is exacerbated by storm su...</span>","Storm;Flood;Sea level rise"
"Pakistan","BTR","<span title='Saltwater intrusion into freshwater systems poses another critical threat.'>Saltwater intrusion into freshwater systems poses ...</span>","Salinization"
"Pakistan","BTR","<span title='As seawater encroaches further inland, it contaminates groundwater supplies, making them unsuitable for drinking or irrigation.'>As seawater encroaches further inland, it contamin...</span>",""
"Pakistan","BTR","<span title='Climate change poses a severe challenge to agricultural productivity, threatening food security and rural livelihoods.'>Climate change poses a severe challenge to agricul...</span>",""
"Pakistan","BTR","<span title='Shortened growing seasons, reduced soil fertility and increased pest outbreaks further exacerbate these challenges.'>Shortened growing seasons, reduced soil fertility ...</span>","Pest and disease"
"Pakistan","BTR","<span title='Water scarcity, driven by inefficient irrigation systems and the mismanagement of water resources, poses another significant threat.'>Water scarcity, driven by inefficient irrigation s...</span>",""
"Pakistan","BTR","<span title='Shifting weather patterns bring untimely rains, often in the wheat harvesting and threshing season, inflicting heavy pre- and post-harvest losses.'>Shifting weather patterns bring untimely rains, of...</span>",""
"Pakistan","BTR","<span title='Situated in a region prone to extreme weather events, shifting climatic patterns and rapid environmental changes, Pakistan faces a range of challenges that make it particularly susceptible to the ongoing global climate crisis.'>Situated in a region prone to extreme weather even...</span>","Extreme temperature"
"Pakistan","BTR","<span title='The degradation of alpine habitats as a result of climate-induced factors, including rising temperatures and the shrinking of glaciers, has pushed many species to the brink of extinction.'>The degradation of alpine habitats as a result of ...</span>","Extreme temperature;Change in temperature"
"Pakistan","BTR","<span title='As a result, saltwater from the Arabian Sea is increasingly encroaching on the Indus Delta, making the soil saline and uninhabitable for many species. Saltwater intrusion also diminishes the ability of local communities to grow crops.'>As a result, saltwater from the Arabian Sea is inc...</span>","Salinization"
"Pakistan","BTR","<span title='The increase in frequency and intensity of storms and cyclones in the Arabian Sea exacerbates the damage to mangroves. Coastal areas are also affected by land reclamation, pollution and deforestation, which further threaten mangrove ecosystems.'>The increase in frequency and intensity of storms ...</span>","Storm"
"Pakistan","BTR","<span title='Many species, such as the chinkara gazelle, Asiatic wild ass and desert fox, are finding it increasingly difficult to survive due to changes in vegetation, reduced water availability and higher temperatures.'>Many species, such as the chinkara gazelle, Asiati...</span>","Change in temperature"
"Pakistan","BTR","<span title='Reduced water flow from melting glaciers, changes in monsoon patterns and erratic rainfall make crop production increasingly unpredictable. The rise in temperatures also affects crop yields, with heat stress reducing the productivity of crops like wheat, rice and maize. Climate change promotes the spread of pests and diseases, further threatening agricultural output.'>Reduced water flow from melting glaciers, changes ...</span>","Extreme temperature;Change in temperature;Change in precipitation;Pest and disease"
"Pakistan","BTR","<span title='Reduced glacier melt and erratic rainfall patterns will further reduce water availability, affecting agriculture, domestic consumption and hydropower production.'>Reduced glacier melt and erratic rainfall patterns...</span>","Extreme temperature;Change in precipitation"
"Pakistan","BTR","<span title='Rising temperatures contribute to the spread of heat-related illnesses and diseases such as malaria and dengue, which are exacerbated by changes in rainfall patterns. The increased frequency of floods and droughts creates additional risks to public health, including waterborne diseases and malnutrition.'>Rising temperatures contribute to the spread of he...</span>","Drought;Flood;Change in temperature;Change in precipitation;Pest and disease"
"Pakistan","BTR","<span title='Reduced river flows due to glacial melt and erratic rainfall patterns will reduce the generation capacity of hydropower plants, leading to energy shortages. At the same time, the increased demand for cooling during heatwaves will place additional strain on the power grid, increasing the frequency of loadshedding and power shortages.'>Reduced river flows due to glacial melt and errati...</span>","Extreme temperature;Change in precipitation"
"Pakistan","BTR","<span title='Floods, heatwaves and extreme weather events damage roads, bridges, buildings and communication networks. Urban areas, particularly Karachi, are increasingly facing infrastructure challenges as population growth and climate change exacerbate the strain on existing facilities. P'>Floods, heatwaves and extreme weather events damag...</span>","Extreme temperature;Flood"
"Sri Lanka","BTR","<span title='Severe floods from southwest monsoon (wet zone), prolonged droughts (dry zone), and frequent/intense landslides (central highlands) have recently impacted both rural and urban communities.'>Severe floods from southwest monsoon (wet zone), p...</span>","Drought;Landslide;Flood"
"Sri Lanka","BTR","<span title='Rainfall trends are increasingly erratic; both main monsoons show excessive rain or extended drought—dry zone faces more drought, wet/intermediate zones more intense rainfall/flooding; projections anticipate negative annual anomalies in dry zones and positivity (RCP 8.5) in wet zones, with flash floods doubling since 1990.'>Rainfall trends are increasingly erratic; both mai...</span>","Drought;Flood;Change in precipitation"
"Sri Lanka","BTR","<span title='By 2030, expect a 5–10% decline in annual rainfall in dry zones, more extreme rainfall in wet zones, and worse drought/agriculture vulnerability in the dry NEM zones (which produce 70% of rice).'>By 2030, expect a 5–10% decline in annual rainfall...</span>","Extreme temperature;Drought;Change in precipitation"
"Sri Lanka","BTR","<span title='Floods (e.g., 2016, 2017, 2021, 2024) during monsoons are the most destructive hazard—annual losses average $240M; impacts range from infrastructure/environment to livelihoods and development, with certain districts repeatedly affected.'>Floods (e.g., 2016, 2017, 2021, 2024) during monso...</span>","Flood"
"Sri Lanka","BTR","<span title='Droughts impact dry zone districts (2016-17, 1.2M affected, 30% less surface water, 25% less hydro), leading to water supply and power shortages; from 2011–21, nearly 10M were affected, with multi-billion rupee relief and crop losses.'>Droughts impact dry zone districts (2016-17, 1.2M ...</span>","Drought"
"Sri Lanka","BTR","<span title='Landslides increased 40% in Central Province (2011–21), due to monsoonal rain and human activity; notable events like the 2016 Aranayake landslide killed 100+, and 30% of Sri Lanka is landslide-prone.'>Landslides increased 40% in Central Province (2011...</span>","Landslide"
"Sri Lanka","BTR","<span title='Coastal communities and fisheries suffer annual, unidentified extreme events (strong winds/heavy rain/low pressure) that impact marine livelihoods.'>Coastal communities and fisheries suffer annual, u...</span>","Storm"
"Sri Lanka","BTR","<span title='Rain-fed paddy in the dry zone is highly vulnerable to drought, floods, dry spells, and sea-level rise; pests and diseases could worsen with climate change, further reducing yields and food security.'>Rain-fed paddy in the dry zone is highly vulnerabl...</span>","Drought;Flood;Sea level rise;Pest and disease"
"Sri Lanka","BTR","<span title='Increased extreme weather like cyclones and storm surges cause direct infrastructure/ecosystem loss for fisheries and small-scale coastal fishers, intensifying risks.'>Increased extreme weather like cyclones and storm ...</span>","Extreme temperature;Storm"
"Sri Lanka","BTR","<span title='Flood-prone areas face drinking water contamination; coastal districts experience saline intrusion, made worse by sea-level rise.'>Flood-prone areas face drinking water contaminatio...</span>","Flood;Sea level rise"
"Sri Lanka","BTR","<span title='Malaria, leishmaniasis, leptospirosis, and other zoonoses remain adaptive risks; seasonal and geographic shifts in disease outbreaks are likely.'>Malaria, leishmaniasis, leptospirosis, and other z...</span>","Pest and disease"
"Sri Lanka","BTR","<span title='Food insecurity, especially for children and mothers, and worsening health outcomes (morbidity/mortality) will occur unless adaptation is prioritized.'>Food insecurity, especially for children and mothe...</span>",""
"Sri Lanka","BTR","<span title='High population/infrastructure density in the Western province increases flood/ecosystem risks, requiring heavy disaster migration investment.'>High population/infrastructure density in the West...</span>","Flood"
"Germany","BTR","<span title='From 1881 to 2021, Germany warmed by about 1.6 degrees.'>From 1881 to 2021, Germany warmed by about 1.6 deg...</span>",""
"Germany","BTR","<span title='In keeping with this trend, the numbers of cold and very cold days have decreased, and the numbers of warm and very warm days have increased.'>In keeping with this trend, the numbers of cold an...</span>",""
"Germany","BTR","<span title='Further temperature increases can be expected in Germany. For the medium-term planning horizon (2031–2060), the increase amounts to an average of about 1.1 or 1.9°C (median of the ensembles of the two scenarios)'>Further temperature increases can be expected in G...</span>","Change in temperature"
"Germany","BTR","<span title='In the Alps in particular, the projected warming rates, for both the climate action scenario and the high emission scenario, are even higher than those projected for Germany as a whole'>In the Alps in particular, the projected warming r...</span>",""
"Germany","BTR","<span title='The warming is similarly pronounced throughout the seasons, with the exception of spring, when it is less pronounced'>The warming is similarly pronounced throughout the...</span>",""
"Germany","BTR","<span title='The temperature increase is accompanied by a marked increase in extreme temperatures.'>The temperature increase is accompanied by a marke...</span>","Extreme temperature;Change in temperature"
"Germany","BTR","The frequency of heat waves increases as a result.","Extreme temperature"
"Germany","BTR","<span title='In all seasons, the warming in the Alps and the Alpine Foreland is more strongly pronounced than the warming for Germany as a whole'>In all seasons, the warming in the Alps and the Al...</span>",""
"Germany","BTR","<span title='Precipitation quantities increased in the period from 1881 through 2021.'>Precipitation quantities increased in the period f...</span>","Change in precipitation"
"Germany","BTR","<span title='In the medium-term planning horizon (2031–2060), Germany’s average annual total precipitation is not expected to change'>In the medium-term planning horizon (2031–2060), G...</span>","Change in precipitation"
"Germany","BTR","<span title='In the long-term planning horizon (2071–2100), and in the high emission scenario, a +8% increase in annual precipitation is expected for Germany'>In the long-term planning horizon (2071–2100), and...</span>","Change in precipitation"
"Germany","BTR","<span title='In the spring and autumn, average-precipitation-quantity increases of +3% (autumn) and +8% (spring) emerge in this planning horizon'>In the spring and autumn, average-precipitation-qu...</span>","Change in precipitation"
"Germany","BTR","<span title='The range for the summer, in the high emission scenario, ranges between an increase of +12% and a decrease of -60%.'>The range for the summer, in the high emission sce...</span>",""
"Germany","BTR","<span title='In Cuxhaven, for example, the relative sea level has already risen by about 40 centimetres since the middle of the 19th century (while the German North Sea coast has been sinking locally by about 0.1 cm per year, as an after-effect of the last ice age)'>In Cuxhaven, for example, the relative sea level h...</span>","Extreme temperature;Sea level rise"
"Germany","BTR","<span title='At the gauge in Travemünde, the increase amounts to about 25 centimetres'>At the gauge in Travemünde, the increase amounts t...</span>",""
"Germany","BTR","<span title='The consequences of this sea level rise include higher storm surges.'>The consequences of this sea level rise include hi...</span>","Storm;Sea level rise"
"Germany","BTR","<span title='In the SSP1-2.6 scenario for Cuxhaven, for example, a rise of 0.51m is projected, while for Travemünde a rise of 0.5m is projected'>In the SSP1-2.6 scenario for Cuxhaven, for example...</span>",""
"Germany","BTR","<span title='In the SSP5-8.5 scenario for Cuxhaven, a rise of 0.51m is projected, while for Travemünde a rise of 0.5m is projected'>In the SSP5-8.5 scenario for Cuxhaven, a rise of 0...</span>",""
"Germany","BTR","<span title='All regions in Germany will be affected by further temperature increases, by increases in the numbers of hot and dry days and by heavy rainfall events.'>All regions in Germany will be affected by further...</span>","Storm;Drought;Change in temperature;Change in precipitation"
"Germany","BTR","<span title='As climate change progresses, Germany's warmest regions will experience an additional temperature increase and additional warming'>As climate change progresses, Germany's warmest re...</span>","Change in temperature"
"Germany","BTR","<span title='The country’s drier regions will both become hotter and experience more heavy rainfall.'>The country’s drier regions will both become hotte...</span>","Storm;Change in precipitation"
"Germany","BTR","<span title='In mountain regions, increases in the average temperature, and in heavy rainfall and drought, are expected'>In mountain regions, increases in the average temp...</span>","Storm;Drought;Change in temperature;Change in precipitation"
"Germany","BTR","<span title='Coastal regions will be exposed to hazards resulting from rising sea levels, and areas near rivers will experience more flooding and more low-water events as a result of climate change'>Coastal regions will be exposed to hazards resulti...</span>","Flood;Sea level rise"
"Australia","BTR","<span title='Australia’s climate has warmed by an average of 1.51±0.23°C since national records began in 1910 (BOM and CSIRO 2024). Australia’s national area-averaged mean temperature for winter in 2024 was 1.48°C above the 1961–1990 average, the second warmest winter on record since national observations began in 1910. An unseasonal warm period affected most of Australia in the second half of August 2024, with both daytime and night-time temperatures more than 10°C above the August average for large parts of the country, according to the Bureau of Meteorology (BoM 2024a). Australia is projected to experience continued increase in air temperatures, more heat extremes and fewer cold extremes.'>Australia’s climate has warmed by an average of 1....</span>",""
"Australia","BTR","<span title='Oceans around Australia are acidifying and have warmed by more than 1°C since 1900, contributing to longer and more frequent marine heatwaves (DCCEEW 2024a).'>Oceans around Australia are acidifying and have wa...</span>","Extreme temperature"
"Australia","BTR","<span title='Oceans around Australia are acidifying and have warmed by more than 1°C since 1900, contributing to longer and more frequent marine heatwaves (DCCEEW 2024a).'>Oceans around Australia are acidifying and have wa...</span>","Extreme temperature"
"Australia","BTR","<span title='A shift towards drier conditions across the south-west and south-east is occurring, with increasingly frequent years of below-average rainfall, especially for the cool season months of April to October. Conversely, northern Australia has seen a shift towards wetter conditions across all seasons, especially in the north-west during the northern wet season (October to April)'>A shift towards drier conditions across the south-...</span>","Change in precipitation"
"Australia","BTR","<span title='reduced tropical cyclones with increased intensity and associated rainfall'>reduced tropical cyclones with increased intensity...</span>","Storm;Change in precipitation"
"Australia","BTR","<span title='longer fire seasons with more extreme fire danger days'>longer fire seasons with more extreme fire danger ...</span>","Wildfire"
"Australia","BTR","<span title='reduced average rainfall and longer droughts in southern Australia'>reduced average rainfall and longer droughts in so...</span>","Drought;Change in precipitation"
"Australia","BTR","SLR and increased coastal flooding","Flood;Sea level rise"
"Australia","BTR","SLR and increased coastal flooding","Flood;Sea level rise"
"Australia","BTR","<span title='increased heavy rainfall and increased frequency of coastal storm surge inundation and erosion'>increased heavy rainfall and increased frequency o...</span>","Storm;Flood;Change in precipitation;Land degradation"
"Australia","BTR","<span title='increased frequency of large-scale heatwaves and record-high temperatures'>increased frequency of large-scale heatwaves and r...</span>","Extreme temperature"
"Australia","BTR","<span title='reduced tropical cyclones with increased intensity and associated rainfall'>reduced tropical cyclones with increased intensity...</span>","Storm;Change in precipitation"
"Australia","BTR","<span title='There has been an increase in extreme fire weather, and in the length of the fire season, across large parts of the country since the 1950s, especially in southern Australia. In recent years pressures on ecosystems showing signs of collapse have become more severe, widespread and frequent. Climate change has shown to be a key pressure for 18 out of 19 Australian ecosystems assessed, primarily through changes in temperature'>There has been an increase in extreme fire weather...</span>","Wildfire"
"Bhutan","BTR","<span title='Increased total annual precipitation but more erratic rainfall patterns.'>Increased total annual precipitation but more erra...</span>","Change in precipitation"
"Bhutan","BTR","<span title='Rising temperatures, especially at higher altitudes.'>Rising temperatures, especially at higher altitude...</span>","Change in temperature"
"Bhutan","BTR","<span title='Potential increase in the duration and frequency of dry spells'>Potential increase in the duration and frequency o...</span>","Drought"
"Bhutan","BTR","<span title='Increased risk of Glacial Lake Outburst Floods (GLOFs).'>Increased risk of Glacial Lake Outburst Floods (GL...</span>","Flood"
"Bhutan","BTR","<span title='Risks of local dry spells at the Gewog level are expected to increase under climate change for large parts of the country enhancing the drying of sources that are already clearly visible to date.'>Risks of local dry spells at the Gewog level are e...</span>","Drought"
"Bhutan","BTR","<span title='Local dry spells to increase significantly leading to challenges in meeting growing water demand for drinking, industrial, and irrigation purposes.'>Local dry spells to increase significantly leading...</span>","Drought"
"Bhutan","BTR","<span title='High risks of increased floods, especially pluvial and riverine, serious reports of flash floods already exist'>High risks of increased floods, especially pluvial...</span>","Flood"
"Bhutan","BTR","<span title='Melting glaciers will continue under rising temperatures, increasing GLOF risks'>Melting glaciers will continue under rising temper...</span>","Extreme temperature;Change in temperature"
"Bhutan","BTR","<span title='Forest fires pose significant risk to Bhutan's biodiversity and ecosystem services, with an average of 57 fires occuring annually, affecting approximately 200 hectares'>Forest fires pose significant risk to Bhutan's bio...</span>","Extreme temperature;Wildfire"
"Bhutan","BTR","<span title='Nearly 90% of chir pine forests are projected to be at high risk till 2050 with over 60% of blue pine forests also facing high risk.'>Nearly 90% of chir pine forests are projected to b...</span>",""
"Bhutan","BTR","<span title='Broadleaved forests below 2000 meters above sea level are particularly vulnerable, with over 9000km2 at high risk'>Broadleaved forests below 2000 meters above sea le...</span>","Sea level rise"
"Bhutan","BTR","<span title='incidences of vector-borne diseases (VBDs) and waterborne diseases (WBDs).'>incidences of vector-borne diseases (VBDs) and wat...</span>","Pest and disease"
"Bhutan","BTR","<span title='Based on historical data and climate scenarios (RCP 4.5 and RCP 8.5), it is projected that dengue cases could rise to approximately 3,000 annually over the next 30 years under a business-as-usual scenario. The most affected Dzongkhags will be Chhukha, Samtse, and Thimphu.'>Based on historical data and climate scenarios (RC...</span>",""
"Thailand","BTR","<span title='Currently, the sector manages 285,221 million m3 of surface water, with agriculture accounting for 83% of the total demand. Future projections under RCP4.5 and RCP8.5 scenarios show decreased rainfall, but uneven distribution. This means some areas may face severe droughts while others experience severe floods.'>Currently, the sector manages 285,221 million m3 o...</span>","Drought;Flood;Change in precipitation"
"Thailand","BTR","<span title='Currently, the sector manages 285,221 million m3 of surface water, with agriculture accounting for 83% of the total demand. Future projections under RCP4.5 and RCP8.5 scenarios show decreased rainfall, but uneven distribution. This means some areas may face severe droughts while others experience severe floods.'>Currently, the sector manages 285,221 million m3 o...</span>","Drought;Flood;Change in precipitation"
"Thailand","BTR","<span title='Currently, the sector manages 285,221 million m3 of surface water, with agriculture accounting for 83% of the total demand. Future projections under RCP4.5 and RCP8.5 scenarios show decreased rainfall, but uneven distribution. This means some areas may face severe droughts while others experience severe floods.'>Currently, the sector manages 285,221 million m3 o...</span>","Drought;Flood;Change in precipitation"
"Thailand","BTR","<span title='In recent years, storms, droughts, and floods have damaged thousands of square kilometers of agricultural land, causing significant financial losses. Storms affected 1,178.91 km² in 2022, droughts affected 2,848 km² in 2020, and floods affected 9,120 km² in 2021. Future projections show that 25,569.25 km² of rice fields in the Central Plain and other crops in the northern regions are at high risk of flooding and drought under RCP4.5 and RCP8.5 scenarios.'>In recent years, storms, droughts, and floods have...</span>","Extreme temperature;Storm;Drought;Flood"
"Thailand","BTR","<span title='In recent years, storms, droughts, and floods have damaged thousands of square kilometers of agricultural land, causing significant financial losses. Storms affected 1,178.91 km² in 2022, droughts affected 2,848 km² in 2020, and floods affected 9,120 km² in 2021. Future projections show that 25,569.25 km² of rice fields in the Central Plain and other crops in the northern regions are at high risk of flooding and drought under RCP4.5 and RCP8.5 scenarios.'>In recent years, storms, droughts, and floods have...</span>","Extreme temperature;Storm;Drought;Flood"
"Thailand","BTR","<span title='In recent years, storms, droughts, and floods have damaged thousands of square kilometers of agricultural land, causing significant financial losses. Storms affected 1,178.91 km² in 2022, droughts affected 2,848 km² in 2020, and floods affected 9,120 km² in 2021. Future projections show that 25,569.25 km² of rice fields in the Central Plain and other crops in the northern regions are at high risk of flooding and drought under RCP4.5 and RCP8.5 scenarios.'>In recent years, storms, droughts, and floods have...</span>","Extreme temperature;Storm;Drought;Flood"
"Thailand","BTR","<span title='Shorter, milder winters and longer, hotter summers with more frequent heavy rains can damage fragile ecosystems and cultural sites. This makes tourist destinations less attractive. Changes in temperature and humidity affect plant species and seasonal blooms. Altered rainfall patterns impact water volumes at natural sites, limiting activities like rafting and hiking.'>Shorter, milder winters and longer, hotter summers...</span>","Storm;Change in precipitation"
"Thailand","BTR","<span title='Shorter, milder winters and longer, hotter summers with more frequent heavy rains can damage fragile ecosystems and cultural sites. This makes tourist destinations less attractive. Changes in temperature and humidity affect plant species and seasonal blooms. Altered rainfall patterns impact water volumes at natural sites, limiting activities like rafting and hiking.'>Shorter, milder winters and longer, hotter summers...</span>","Storm;Change in precipitation"
"Thailand","BTR","<span title='736 tourist destinations in drought risk areas and 169 in flood risk areas, particularly in the North, Central Plain, West, South, and Northeast.'>736 tourist destinations in drought risk areas and...</span>","Drought;Flood"
"Thailand","BTR","<span title='736 tourist destinations in drought risk areas and 169 in flood risk areas, particularly in the North, Central Plain, West, South, and Northeast.'>736 tourist destinations in drought risk areas and...</span>","Drought;Flood"
"South Africa","BTR","<span title='The World bank gives a summary of natural hazards that were observed between 1980 and 2020 for South Africa, of which storms and flooding events take the lead in frequency (The World bank Group, 2021).'>The World bank gives a summary of natural hazards ...</span>","Storm;Flood"
"South Africa","BTR","<span title='In terms of weather-related disasters, these are followed by wildfires and droughts.'>In terms of weather-related disasters, these are f...</span>","Drought;Wildfire"
"South Africa","BTR","<span title='statistics from the South African Weather Service (SAWS) show that both drought years and wet years have become more frequent in some provinces, including the North-West, the Northern Cape, and the Free-State (SAWS, 2023).'>statistics from the South African Weather Service ...</span>","Extreme temperature;Drought"
"South Africa","BTR","<span title='Contrarily, the Eastern Cape has been experiencing more wet years, while Mpumalanga, Gauteng, KwaZulu-Natal and Limpopo provinces have mainly experienced dry years since the beginning of the 21st century.'>Contrarily, the Eastern Cape has been experiencing...</span>",""
"South Africa","BTR","<span title='There is a general warming trend, with significant increases in observed temperature, particularly in higher latitude regions.'>There is a general warming trend, with significant...</span>",""
"South Africa","BTR","<span title='Further evidence shows that South Africa has been warming at 1.5-times the global warming rate (Wolski, P. 2019).'>Further evidence shows that South Africa has been ...</span>",""
"South Africa","BTR","<span title='Observed climate trends over Southern Africa reflect that the regions are warming at more than twice the global warming rate with parts of South Africa being imparted the alarming warming rate 1931-2015 (DEA, 2018).'>Observed climate trends over Southern Africa refle...</span>","Extreme temperature"
"South Africa","BTR","<span title='during the period 1921 -2015 parts of the country have experienced a higher frequency of hot days than cold nights.'>during the period 1921 -2015 parts of the country ...</span>","Extreme temperature"
"South Africa","BTR","<span title='there has been an increase in rainfall intensity and frequency in the southern interior regions extending into parts of the Northern Cape, Northwest, Free State, and Gauteng, as well as significant decreases in annual rainfall totals over Limpopo'>there has been an increase in rainfall intensity a...</span>","Change in precipitation"
"South Africa","BTR","<span title='The associated extreme weather phenomena include recent heavy rainfall and flooding events such as (FloodList, 2024).'>The associated extreme weather phenomena include r...</span>","Extreme temperature;Storm;Flood;Change in precipitation"
"South Africa","BTR","<span title='the medians of models from the various SSPs are leaning towards a general decline in precipitation for future climate. This declining trend is most prominent over the Mediterranean region 5, followed by the desert and semi-desert region 4 and the temperate region 3. Less decline is projected for the semi-arid steppe region 1. The Subtropical region 2, which is dominated by high-lying areas, shows the slightest decline in precipitation.'>the medians of models from the various SSPs are le...</span>","Change in precipitation"
"South Africa","BTR","<span title='precipitation decline over the regions generally becomes steeper beyond 2050.'>precipitation decline over the regions generally b...</span>","Change in precipitation"
"South Africa","BTR","<span title='The model confidence in the warming signal over South Africa is high (i.e., all models agree on the sign of change). The models reflect that the projected warming rate will likely be highest under the future low mitigation (SSP5.8-5).'>The model confidence in the warming signal over So...</span>",""
"South Africa","BTR","<span title='While the average temperature over South Africa reflects a north-to-southwest gradient, the figure reflects that extreme temperature-ranging thresholds of about 36 – 42 °C have been registered for most parts of the country.'>While the average temperature over South Africa re...</span>","Extreme temperature;Change in temperature"
"South Africa","BTR","<span title='The occurrence of dry spells is higher over parts of the western, central, and eastern interior. As per the 2023 annual State of the Climate report from the South African Weather Service (SAWS, 2023), drought years have become more frequent in provinces such as the North-West, the Northern Cape, and the Free State.'>The occurrence of dry spells is higher over parts ...</span>","Extreme temperature;Drought"
"South Africa","BTR","<span title='The implications of extreme rainfall and flooding for South Africa have been evident in the disruption of the hydrological cycles, which impacted river flows, dam levels, and groundwater recharge'>The implications of extreme rainfall and flooding ...</span>","Flood;Change in precipitation"
"South Africa","BTR","<span title='the number of heavy rainfall days is highest over the southwestern tip of the country, parts of the Garden Route, the east coast, and the north-eastern interior'>the number of heavy rainfall days is highest over ...</span>","Storm;Change in precipitation"
"South Africa","BTR","<span title='The frequency of heavy rainfall days further decreases from the east to the west of the country'>The frequency of heavy rainfall days further decre...</span>","Storm;Change in precipitation"
"South Africa","BTR","<span title='the 2023 annual State of the Climate report from the South African Weather Service shows that the Eastern Cape has been experiencing more wet years'>the 2023 annual State of the Climate report from t...</span>","Extreme temperature"
"South Africa","BTR","<span title='For all the climatic regions, the ensemble median average daytime temperatures increase with the increasing global warming levels, indicating that the local extreme daytime temperatures in South Africa are warming with the general warming in global temperatures. Moreover, the interquartile range also increases with global warming levels, for all the climatic regions, except at 2 0C for region 4.'>For all the climatic regions, the ensemble median ...</span>",""
"South Africa","BTR","<span title='The central tendency of dry spells, represented by the typical length of consecutive dry days (median), is the highest at 2 0C global warming level for the climatic regions of South Africa. This is indicative that there will be benefit in keeping global temperatures at 2.0 °C for South Africa'>The central tendency of dry spells, represented by...</span>","Drought"
"South Africa","BTR","<span title='Total precipitation indicates a general trend towards an increase in higher global warming levels relative to the pre-industrial period. Looking at the r20mm median change, the extreme precipitation, i.e., precipitation thresholds with a potential of leading to flooding events, are projected to remain within their historic frequency during the baseline period for regions 3-5, while declining for regions 1 and 2 for 1.5 and 2.0 °C warmer world'>Total precipitation indicates a general trend towa...</span>","Extreme temperature;Flood;Change in precipitation"
"South Africa","BTR","<span title='Rainfall extremes generally show a declining trend across most climatic regions, except for the Mediterranean region (Region 5), where spatial and ensemble uncertainties persist. This pattern holds true for 1.5 °C and 2.0 °C GWLs. By 3.0 °C GWL, projections indicate a higher likelihood of increased precipitation towards the end of the century.'>Rainfall extremes generally show a declining trend...</span>","Change in precipitation"
"South Africa","BTR","<span title='rising maximum temperatures may exacerbate surface water losses due to elevated evaporation rates'>rising maximum temperatures may exacerbate surface...</span>","Extreme temperature;Change in temperature"
"China","BTR","<span title='From 1901 to 2022, China’s annual average surface temperature showed a significant upward trend, with a warming rate of 0.16°C per decade, exhibiting clear decadal fluctuations'>From 1901 to 2022, China’s annual average surface ...</span>","Sea temperature"
"China","BTR","<span title='From 1961 to 2022, China’s average annual precipitation showed an increasing trend, with an average rate of increase of 4.9 mm (0.8%) per decade, along with evident decadal variations'>From 1961 to 2022, China’s average annual precipit...</span>","Change in precipitation"
"China","BTR","<span title='Since 2012, overall precipitation has increased. The trends in average annual precipitation have varied across China’s eight regions. The Tibetan Plateau experienced a significant increase in average annual precipitation, while the southwestern region showed an overall decreasing trend. No clear linear trend was observed for average annual precipitation in northern, northeastern, eastern, central, southern, and northwestern regions, although there were decadal fluctuations'>Since 2012, overall precipitation has increased. T...</span>","Change in precipitation"
"China","BTR","<span title='The annual number of precipitation days in China showed a significant downward trend, with an average decrease of 1.9 days per decade'>The annual number of precipitation days in China s...</span>","Change in precipitation"
"China","BTR","<span title='From 1961 to 2022, average wind speed showed an overall decreasing trend, with an average decrease of 0.14 meters per second per decade.'>From 1961 to 2022, average wind speed showed an ov...</span>",""
"China","BTR","<span title='The annual average sunshine hours displayed a significant decreasing trend, with an average decrease of 24.2 hours per decade.'>The annual average sunshine hours displayed a sign...</span>",""
"China","BTR","<span title='The annual accumulated temperature above 10°C showed a marked increasing trend, with an average increase of 64.5°C per decade.'>The annual accumulated temperature above 10°C show...</span>",""
"China","BTR","<span title='Regional drought events exhibited clear decadal variation, with higher frequencies observed from the late 1970s to the 1980s, lower frequencies in the 1990s, higher frequencies from 2003 to 2008, and an overall decline since 2009'>Regional drought events exhibited clear decadal va...</span>","Drought"
"China","BTR","<span title='According to model simulations from the sixth phase of the Coupled Model Intercomparison Project (CMIP6), China’s average annual temperature is expected to continue rising.'>According to model simulations from the sixth phas...</span>","Change in temperature"
"China","BTR","<span title='Results from the sixth phase of the global climate model comparison project indicate that average annual precipitation in China is generally expected to increase in the future.'>Results from the sixth phase of the global climate...</span>","Change in precipitation"
"China","BTR","<span title='From 1961 to 2022, the frequency of extreme high-temperature events in China showed a significant upward trend, with distinct periodic changes. Since the late 1990s, the frequency of such events has been notably high'>From 1961 to 2022, the frequency of extreme high-t...</span>",""
